{"patients": [{"id": "p10", "admission_day": 2, "room": "r2", "operating_theater": "t0"}, {"id": "p07", "admission_day": 1, "room": "r3", "operating_theater": "t0"}, {"id": "p12", "admission_day": 1, "room": "r0", "operating_theater": "t0"}, {"id": "p27", "admission_day": 10, "room": "r4", "operating_theater": "t0"}, {"id": "p09", "admission_day": 2, "room": "r0", "operating_theater": "t0"}, {"id": "p05", "admission_day": 10, "room": "r2", "operating_theater": "t0"}, {"id": "p14", "admission_day": 3, "room": "r2", "operating_theater": "t0"}, {"id": "p21", "admission_day": 2, "room": "r3", "operating_theater": "t0"}, {"id": "p13", "admission_day": 4, "room": "r3", "operating_theater": "t0"}, {"id": "p20", "admission_day": 3, "room": "r4", "operating_theater": "t0"}, {"id": "p34", "admission_day": 4, "room": "r0", "operating_theater": "t0"}, {"id": "p11", "admission_day": 7, "room": "r2", "operating_theater": "t0"}, {"id": "p00", "admission_day": "none"}, {"id": "p01", "admission_day": 1, "room": "r3", "operating_theater": "t0"}, {"id": "p02", "admission_day": "none"}, {"id": "p03", "admission_day": 10, "room": "r0", "operating_theater": "t0"}, {"id": "p04", "admission_day": 13, "room": "r0", "operating_theater": "t0"}, {"id": "p06", "admission_day": 7, "room": "r4", "operating_theater": "t0"}, {"id": "p08", "admission_day": 4, "room": "r3", "operating_theater": "t0"}, {"id": "p15", "admission_day": 3, "room": "r4", "operating_theater": "t0"}, {"id": "p16", "admission_day": 13, "room": "r1", "operating_theater": "t0"}, {"id": "p17", "admission_day": 13, "room": "r0", "operating_theater": "t0"}, {"id": "p18", "admission_day": 4, "room": "r3", "operating_theater": "t0"}, {"id": "p19", "admission_day": "none"}, {"id": "p22", "admission_day": 10, "room": "r4", "operating_theater": "t0"}, {"id": "p23", "admission_day": 13, "room": "r2", "operating_theater": "t0"}, {"id": "p26", "admission_day": 11, "room": "r1", "operating_theater": "t0"}, {"id": "p28", "admission_day": 13, "room": "r4", "operating_theater": "t0"}, {"id": "p29", "admission_day": 13, "room": "r0", "operating_theater": "t0"}, {"id": "p30", "admission_day": 7, "room": "r4", "operating_theater": "t0"}, {"id": "p31", "admission_day": 2, "room": "r4", "operating_theater": "t0"}, {"id": "p33", "admission_day": "none"}, {"id": "p35", "admission_day": "none"}, {"id": "p36", "admission_day": 1, "room": "r4", "operating_theater": "t0"}], "nurses": [{"id": "n00", "assignments": [{"day": 0, "shift": "late", "rooms": ["r3", "r4", "r2", "r1"]}, {"day": 1, "shift": "late", "rooms": ["r0", "r1", "r2", "r3"]}, {"day": 2, "shift": "late", "rooms": ["r0", "r1", "r2"]}, {"day": 3, "shift": "late", "rooms": ["r0", "r1", "r2"]}, {"day": 5, "shift": "late", "rooms": ["r0", "r1", "r2"]}, {"day": 6, "shift": "late", "rooms": ["r3", "r4", "r1", "r0", "r2"]}, {"day": 8, "shift": "early", "rooms": ["r0", "r1", "r2", "r3", "r4"]}, {"day": 9, "shift": "early", "rooms": ["r3", "r4", "r1", "r0", "r2"]}, {"day": 10, "shift": "early", "rooms": ["r0", "r1", "r2", "r3", "r4"]}, {"day": 11, "shift": "early", "rooms": ["r4", "r3", "r2", "r0"]}, {"day": 12, "shift": "late", "rooms": ["r0", "r1", "r2", "r3", "r4"]}, {"day": 13, "shift": "night", "rooms": ["r3", "r4", "r0", "r2"]}]}, {"id": "n01", "assignments": [{"day": 1, "shift": "late", "rooms": ["r4"]}, {"day": 2, "shift": "night", "rooms": ["r0", "r1", "r2", "r3"]}, {"day": 3, "shift": "night", "rooms": ["r0", "r1", "r2", "r3"]}, {"day": 4, "shift": "night", "rooms": ["r2", "r0", "r1", "r3"]}, {"day": 6, "shift": "early", "rooms": ["r2", "r4", "r0", "r1"]}, {"day": 7, "shift": "late", "rooms": ["r0", "r1", "r2"]}, {"day": 8, "shift": "late", "rooms": ["r0", "r1", "r2", "r3", "r4"]}, {"day": 9, "shift": "late", "rooms": ["r0", "r1", "r2", "r3", "r4"]}, {"day": 11, "shift": "night", "rooms": ["r0", "r1", "r2", "r3", "r4"]}, {"day": 13, "shift": "early", "rooms": ["r4", "r2", "r3"]}]}, {"id": "n02", "assignments": [{"day": 0, "shift": "night", "rooms": ["r0", "r1", "r2", "r3", "r4"]}, {"day": 2, "shift": "early", "rooms": ["r0", "r1", "r2"]}, {"day": 3, "shift": "early", "rooms": ["r0", "r1"]}, {"day": 4, "shift": "late", "rooms": ["r0", "r1", "r2"]}, {"day": 5, "shift": "late", "rooms": ["r3", "r4"]}, {"day": 6, "shift": "night", "rooms": ["r0", "r1", "r2", "r3", "r4"]}]}, {"id": "n03", "assignments": [{"day": 1, "shift": "night", "rooms": ["r0", "r1", "r2", "r3", "r4"]}, {"day": 4, "shift": "early", "rooms": ["r0", "r1", "r2"]}, {"day": 5, "shift": "early", "rooms": ["r0", "r1", "r2", "r3"]}, {"day": 7, "shift": "night", "rooms": ["r0", "r1", "r2", "r3", "r4"]}, {"day": 8, "shift": "night", "rooms": ["r0", "r1", "r2", "r3", "r4"]}, {"day": 9, "shift": "night", "rooms": ["r0", "r2", "r1"]}, {"day": 10, "shift": "night", "rooms": ["r0", "r1", "r2", "r3", "r4"]}, {"day": 13, "shift": "late", "rooms": ["r3", "r4", "r1", "r0", "r2"]}, {"day": 0, "shift": "late", "rooms": []}, {"day": 6, "shift": "late", "rooms": ["r3", "r1"]}, {"day": 12, "shift": "late", "rooms": ["r4", "r1"]}]}, {"id": "n04", "assignments": [{"day": 0, "shift": "early", "rooms": ["r3", "r2", "r1", "r0"]}, {"day": 1, "shift": "early", "rooms": ["r0", "r1", "r2"]}, {"day": 2, "shift": "early", "rooms": ["r3", "r1"]}, {"day": 3, "shift": "late", "rooms": ["r3", "r4"]}, {"day": 4, "shift": "late", "rooms": ["r3", "r4"]}, {"day": 6, "shift": "early", "rooms": ["r3", "r4"]}, {"day": 10, "shift": "late", "rooms": ["r3", "r4", "r1", "r0", "r2"]}, {"day": 12, "shift": "early", "rooms": ["r3", "r4", "r1", "r0", "r2"]}, {"day": 13, "shift": "late", "rooms": ["r3"]}]}, {"id": "n05", "assignments": [{"day": 2, "shift": "night", "rooms": ["r4"]}, {"day": 7, "shift": "late", "rooms": ["r3", "r4"]}, {"day": 12, "shift": "night", "rooms": ["r0", "r1", "r2", "r3", "r4"]}, {"day": 13, "shift": "night", "rooms": ["r1"]}, {"day": 0, "shift": "late", "rooms": ["r0"]}, {"day": 11, "shift": "night", "rooms": ["r0", "r1"]}]}, {"id": "n06", "assignments": [{"day": 4, "shift": "night", "rooms": ["r4"]}, {"day": 5, "shift": "night", "rooms": ["r2", "r4", "r1", "r0"]}, {"day": 1, "shift": "late", "rooms": ["r4"]}, {"day": 6, "shift": "night", "rooms": ["r2"]}]}, {"id": "n07", "assignments": [{"day": 3, "shift": "early", "rooms": ["r2", "r3"]}, {"day": 4, "shift": "early", "rooms": ["r3"]}, {"day": 7, "shift": "early", "rooms": ["r0", "r1", "r2"]}, {"day": 11, "shift": "late", "rooms": ["r0", "r1", "r2", "r3", "r4"]}, {"day": 5, "shift": "night", "rooms": ["r3", "r1", "r0"]}, {"day": 0, "shift": "night", "rooms": ["r3", "r2"]}, {"day": 9, "shift": "early", "rooms": []}, {"day": 12, "shift": "night", "rooms": ["r2"]}, {"day": 1, "shift": "night", "rooms": ["r2"]}]}, {"id": "n08", "assignments": [{"day": 3, "shift": "night", "rooms": ["r4"]}, {"day": 5, "shift": "early", "rooms": ["r4"]}, {"day": 2, "shift": "early", "rooms": ["r4", "r0"]}, {"day": 0, "shift": "night", "rooms": ["r4"]}, {"day": 11, "shift": "early", "rooms": ["r0", "r1"]}, {"day": 13, "shift": "early", "rooms": ["r0"]}]}, {"id": "n09", "assignments": [{"day": 1, "shift": "early", "rooms": ["r3", "r0"]}, {"day": 13, "shift": "early", "rooms": ["r1"]}, {"day": 0, "shift": "early", "rooms": ["r4", "r0"]}, {"day": 6, "shift": "early", "rooms": ["r3"]}, {"day": 4, "shift": "early", "rooms": ["r4"]}, {"day": 2, "shift": "night", "rooms": ["r4"]}, {"day": 11, "shift": "late", "rooms": ["r1"]}]}, {"id": "n10", "assignments": [{"day": 2, "shift": "late", "rooms": ["r3", "r4"]}, {"day": 7, "shift": "early", "rooms": ["r4"]}, {"day": 1, "shift": "early", "rooms": ["r4"]}]}, {"id": "n12", "assignments": [{"day": 3, "shift": "early", "rooms": ["r4"]}]}], "room_allocation": {"(0, 'r0')": [["a2", "B", "elderly"]], "(0, 'r1')": [["a0", "A", "elderly"], ["a1", "A", "elderly"]], "(0, 'r2')": [["a4", "A", "elderly"]], "(0, 'r3')": [["a5", "A", "adult"]], "(0, 'r4')": [["a3", "A", "elderly"], ["a6", "A", "elderly"], ["a7", "A", "elderly"]], "(1, 'r0')": [["p12", "A", "elderly"]], "(1, 'r1')": [["a0", "A", "elderly"], ["a1", "A", "elderly"]], "(1, 'r2')": [["a4", "A", "elderly"]], "(1, 'r3')": [["p07", "B", "elderly"], ["p01", "B", "elderly"]], "(1, 'r4')": [["a3", "A", "elderly"], ["a6", "A", "elderly"], ["a7", "A", "elderly"], ["p36", "A", "elderly"]], "(2, 'r0')": [["p12", "A", "elderly"], ["p09", "A", "elderly"]], "(2, 'r1')": [["a0", "A", "elderly"], ["a1", "A", "elderly"]], "(2, 'r2')": [["p10", "A", "elderly"]], "(2, 'r3')": [["p07", "B", "elderly"], ["p21", "B", "adult"], ["p01", "B", "elderly"]], "(2, 'r4')": [["a3", "A", "elderly"], ["a6", "A", "elderly"], ["p31", "A", "elderly"], ["p36", "A", "elderly"]], "(3, 'r0')": [["p12", "A", "elderly"], ["p09", "A", "elderly"]], "(3, 'r1')": [["a0", "A", "elderly"], ["a1", "A", "elderly"]], "(3, 'r2')": [["p10", "A", "elderly"], ["p14", "A", "elderly"]], "(3, 'r3')": [["p07", "B", "elderly"], ["p21", "B", "adult"]], "(3, 'r4')": [["p20", "A", "elderly"], ["p15", "A", "elderly"], ["p31", "A", "elderly"], ["p36", "A", "elderly"]], "(4, 'r0')": [["p09", "A", "elderly"], ["p34", "A", "elderly"]], "(4, 'r1')": [["a0", "A", "elderly"], ["a1", "A", "elderly"]], "(4, 'r2')": [["p10", "A", "elderly"], ["p14", "A", "elderly"]], "(4, 'r3')": [["p13", "B", "elderly"], ["p08", "B", "elderly"], ["p18", "B", "elderly"]], "(4, 'r4')": [["p20", "A", "elderly"], ["p15", "A", "elderly"], ["p31", "A", "elderly"], ["p36", "A", "elderly"]], "(5, 'r0')": [["p34", "A", "elderly"]], "(5, 'r1')": [["a0", "A", "elderly"], ["a1", "A", "elderly"]], "(5, 'r2')": [["p10", "A", "elderly"], ["p14", "A", "elderly"]], "(5, 'r3')": [["p13", "B", "elderly"], ["p08", "B", "elderly"], ["p18", "B", "elderly"]], "(5, 'r4')": [["p15", "A", "elderly"], ["p36", "A", "elderly"]], "(6, 'r0')": [["p34", "A", "elderly"]], "(6, 'r1')": [["a1", "A", "elderly"]], "(6, 'r2')": [["p10", "A", "elderly"], ["p14", "A", "elderly"]], "(6, 'r3')": [["p13", "B", "elderly"], ["p08", "B", "elderly"]], "(6, 'r4')": [], "(7, 'r0')": [["p34", "A", "elderly"]], "(7, 'r1')": [["a1", "A", "elderly"]], "(7, 'r2')": [["p10", "A", "elderly"], ["p14", "A", "elderly"], ["p11", "A", "elderly"]], "(7, 'r3')": [], "(7, 'r4')": [["p06", "B", "adult"], ["p30", "B", "elderly"]], "(8, 'r0')": [], "(8, 'r1')": [["a1", "A", "elderly"]], "(8, 'r2')": [["p10", "A", "elderly"], ["p14", "A", "elderly"], ["p11", "A", "elderly"]], "(8, 'r3')": [], "(8, 'r4')": [["p06", "B", "adult"], ["p30", "B", "elderly"]], "(9, 'r0')": [], "(9, 'r1')": [], "(9, 'r2')": [["p14", "A", "elderly"], ["p11", "A", "elderly"]], "(9, 'r3')": [], "(9, 'r4')": [], "(10, 'r0')": [["p03", "B", "elderly"]], "(10, 'r1')": [], "(10, 'r2')": [["p05", "A", "elderly"]], "(10, 'r3')": [], "(10, 'r4')": [["p27", "A", "elderly"], ["p22", "A", "elderly"]], "(11, 'r0')": [["p03", "B", "elderly"]], "(11, 'r1')": [["p26", "A", "elderly"]], "(11, 'r2')": [["p05", "A", "elderly"]], "(11, 'r3')": [], "(11, 'r4')": [["p27", "A", "elderly"], ["p22", "A", "elderly"]], "(12, 'r0')": [["p03", "B", "elderly"]], "(12, 'r1')": [["p26", "A", "elderly"]], "(12, 'r2')": [["p05", "A", "elderly"]], "(12, 'r3')": [], "(12, 'r4')": [["p27", "A", "elderly"], ["p22", "A", "elderly"]], "(13, 'r0')": [["p04", "B", "elderly"], ["p17", "B", "elderly"], ["p29", "B", "elderly"]], "(13, 'r1')": [["p16", "A", "elderly"], ["p26", "A", "elderly"]], "(13, 'r2')": [["p23", "B", "elderly"]], "(13, 'r3')": [], "(13, 'r4')": [["p27", "A", "elderly"], ["p22", "A", "elderly"], ["p28", "A", "adult"]]}, "theater_allocation": {"(0, 't0')": 480, "(0, 't1')": 480, "(1, 't0')": 720, "(1, 't1')": 240, "(2, 't0')": 720, "(2, 't1')": 300, "(3, 't0')": 720, "(3, 't1')": 390, "(4, 't0')": 600, "(4, 't1')": 330, "(5, 't0')": 600, "(5, 't1')": 600, "(6, 't0')": 720, "(6, 't1')": 0, "(7, 't0')": 720, "(7, 't1')": 300, "(8, 't0')": 720, "(8, 't1')": 600, "(9, 't0')": 720, "(9, 't1')": 720, "(10, 't0')": 720, "(10, 't1')": 270, "(11, 't0')": 600, "(11, 't1')": 390, "(12, 't0')": 600, "(12, 't1')": 600, "(13, 't0')": 720, "(13, 't1')": -450}, "surgeon_allocation": {"(0, 's0')": 0, "(1, 's0')": 120, "(2, 's0')": 60, "(3, 's0')": 270, "(4, 's0')": 90, "(5, 's0')": 0, "(6, 's0')": 0, "(7, 's0')": 60, "(8, 's0')": 0, "(9, 's0')": 0, "(10, 's0')": 150, "(11, 's0')": 510, "(12, 's0')": 0, "(13, 's0')": 30}, "operator": "['add_nurse_room']"}