{"patients": [{"id": "p022", "admission_day": 1, "room": "r03", "operating_theater": "t0"}, {"id": "p012", "admission_day": 1, "room": "r02", "operating_theater": "t0"}, {"id": "p005", "admission_day": 1, "room": "r01", "operating_theater": "t1"}, {"id": "p038", "admission_day": 10, "room": "r09", "operating_theater": "t0"}, {"id": "p008", "admission_day": 2, "room": "r05", "operating_theater": "t0"}, {"id": "p013", "admission_day": 2, "room": "r11", "operating_theater": "t0"}, {"id": "p020", "admission_day": 13, "room": "r04", "operating_theater": "t2"}, {"id": "p021", "admission_day": 2, "room": "r05", "operating_theater": "t2"}, {"id": "p025", "admission_day": 3, "room": "r02", "operating_theater": "t0"}, {"id": "p079", "admission_day": 3, "room": "r02", "operating_theater": "t0"}, {"id": "p096", "admission_day": 3, "room": "r03", "operating_theater": "t0"}, {"id": "p017", "admission_day": 13, "room": "r02", "operating_theater": "t1"}, {"id": "p028", "admission_day": 3, "room": "r06", "operating_theater": "t0"}, {"id": "p084", "admission_day": 4, "room": "r00", "operating_theater": "t0"}, {"id": "p099", "admission_day": 4, "room": "r08", "operating_theater": "t0"}, {"id": "p077", "admission_day": 4, "room": "r05", "operating_theater": "t0"}, {"id": "p029", "admission_day": 6, "room": "r13", "operating_theater": "t0"}, {"id": "p085", "admission_day": 6, "room": "r00", "operating_theater": "t0"}, {"id": "p030", "admission_day": 11, "room": "r03", "operating_theater": "t1"}, {"id": "p037", "admission_day": 11, "room": "r06", "operating_theater": "t2"}, {"id": "p092", "admission_day": 7, "room": "r00", "operating_theater": "t0"}, {"id": "p043", "admission_day": 7, "room": "r01", "operating_theater": "t1"}, {"id": "p111", "admission_day": 12, "room": "r10", "operating_theater": "t2"}, {"id": "p054", "admission_day": 8, "room": "r02", "operating_theater": "t2"}, {"id": "p104", "admission_day": 8, "room": "r14", "operating_theater": "t2"}, {"id": "p059", "admission_day": 9, "room": "r04", "operating_theater": "t0"}, {"id": "p072", "admission_day": 13, "room": "r01", "operating_theater": "t2"}, {"id": "p033", "admission_day": 13, "room": "r08", "operating_theater": "t1"}, {"id": "p000", "admission_day": "none"}, {"id": "p001", "admission_day": 8, "room": "r13", "operating_theater": "t2"}, {"id": "p003", "admission_day": 3, "room": "r06", "operating_theater": "t1"}, {"id": "p006", "admission_day": "none"}, {"id": "p007", "admission_day": 2, "room": "r14", "operating_theater": "t0"}, {"id": "p009", "admission_day": "none"}, {"id": "p010", "admission_day": 6, "room": "r01", "operating_theater": "t1"}, {"id": "p011", "admission_day": "none"}, {"id": "p014", "admission_day": 6, "room": "r08", "operating_theater": "t1"}, {"id": "p015", "admission_day": "none"}, {"id": "p016", "admission_day": 9, "room": "r02", "operating_theater": "t0"}, {"id": "p018", "admission_day": "none"}, {"id": "p019", "admission_day": "none"}, {"id": "p023", "admission_day": "none"}, {"id": "p024", "admission_day": 7, "room": "r05", "operating_theater": "t0"}, {"id": "p026", "admission_day": 2, "room": "r02", "operating_theater": "t2"}, {"id": "p027", "admission_day": "none"}, {"id": "p032", "admission_day": "none"}, {"id": "p034", "admission_day": "none"}, {"id": "p035", "admission_day": 13, "room": "r12", "operating_theater": "t2"}, {"id": "p036", "admission_day": 12, "room": "r00", "operating_theater": "t2"}, {"id": "p039", "admission_day": "none"}, {"id": "p040", "admission_day": "none"}, {"id": "p041", "admission_day": "none"}, {"id": "p042", "admission_day": 3, "room": "r07", "operating_theater": "t1"}, {"id": "p044", "admission_day": "none"}, {"id": "p045", "admission_day": "none"}, {"id": "p046", "admission_day": "none"}, {"id": "p047", "admission_day": "none"}, {"id": "p048", "admission_day": 12, "room": "r09", "operating_theater": "t2"}, {"id": "p049", "admission_day": 6, "room": "r04", "operating_theater": "t0"}, {"id": "p050", "admission_day": "none"}, {"id": "p052", "admission_day": "none"}, {"id": "p053", "admission_day": "none"}, {"id": "p055", "admission_day": "none"}, {"id": "p057", "admission_day": "none"}, {"id": "p058", "admission_day": "none"}, {"id": "p060", "admission_day": "none"}, {"id": "p061", "admission_day": 11, "room": "r08", "operating_theater": "t2"}, {"id": "p062", "admission_day": 7, "room": "r09", "operating_theater": "t0"}, {"id": "p063", "admission_day": "none"}, {"id": "p064", "admission_day": 11, "room": "r04", "operating_theater": "t1"}, {"id": "p065", "admission_day": "none"}, {"id": "p066", "admission_day": 13, "room": "r14", "operating_theater": "t1"}, {"id": "p067", "admission_day": "none"}, {"id": "p068", "admission_day": "none"}, {"id": "p069", "admission_day": "none"}, {"id": "p070", "admission_day": 7, "room": "r14", "operating_theater": "t1"}, {"id": "p071", "admission_day": "none"}, {"id": "p073", "admission_day": "none"}, {"id": "p074", "admission_day": 11, "room": "r02", "operating_theater": "t1"}, {"id": "p075", "admission_day": 8, "room": "r11", "operating_theater": "t2"}, {"id": "p078", "admission_day": "none"}, {"id": "p080", "admission_day": "none"}, {"id": "p081", "admission_day": 10, "room": "r01", "operating_theater": "t0"}, {"id": "p082", "admission_day": "none"}, {"id": "p083", "admission_day": "none"}, {"id": "p086", "admission_day": "none"}, {"id": "p088", "admission_day": "none"}, {"id": "p089", "admission_day": 12, "room": "r00", "operating_theater": "t2"}, {"id": "p090", "admission_day": "none"}, {"id": "p091", "admission_day": "none"}, {"id": "p093", "admission_day": "none"}, {"id": "p094", "admission_day": 12, "room": "r01", "operating_theater": "t2"}, {"id": "p095", "admission_day": "none"}, {"id": "p097", "admission_day": 10, "room": "r02", "operating_theater": "t0"}, {"id": "p098", "admission_day": 11, "room": "r07", "operating_theater": "t2"}, {"id": "p100", "admission_day": 9, "room": "r02", "operating_theater": "t0"}, {"id": "p101", "admission_day": 9, "room": "r01", "operating_theater": "t0"}, {"id": "p102", "admission_day": 3, "room": "r10", "operating_theater": "t1"}, {"id": "p103", "admission_day": "none"}, {"id": "p105", "admission_day": "none"}, {"id": "p106", "admission_day": 2, "room": "r04", "operating_theater": "t0"}, {"id": "p107", "admission_day": "none"}, {"id": "p108", "admission_day": "none"}, {"id": "p109", "admission_day": "none"}, {"id": "p110", "admission_day": "none"}], "nurses": [{"id": "n000", "assignments": [{"day": 0, "shift": "late", "rooms": ["r00", "r01", "r02", "r03", "r04", "r05", "r06", "r07"]}, {"day": 1, "shift": "late", "rooms": ["r00", "r01", "r02", "r03", "r04", "r05", "r06", "r07"]}, {"day": 2, "shift": "night", "rooms": ["r00", "r01", "r02", "r03", "r04"]}, {"day": 3, "shift": "night", "rooms": ["r00", "r01", "r02"]}, {"day": 4, "shift": "night", "rooms": ["r00", "r01", "r02", "r03"]}, {"day": 5, "shift": "night", "rooms": ["r00", "r01", "r02", "r03", "r04"]}, {"day": 6, "shift": "night", "rooms": ["r00", "r01", "r02", "r03", "r04", "r05"]}, {"day": 8, "shift": "early", "rooms": ["r00", "r01", "r02"]}, {"day": 9, "shift": "night", "rooms": ["r00", "r01", "r02", "r04", "r03"]}, {"day": 10, "shift": "night", "rooms": ["r00", "r01", "r02", "r03"]}, {"day": 12, "shift": "night", "rooms": ["r00", "r01", "r02", "r03", "r04", "r05", "r06", "r07", "r08", "r09", "r10", "r11", "r12", "r13", "r14"]}]}, {"id": "n001", "assignments": [{"day": 0, "shift": "late", "rooms": ["r08", "r09", "r10", "r11", "r12", "r13"]}, {"day": 1, "shift": "night", "rooms": ["r03", "r06", "r07", "r09", "r00", "r01", "r02", "r04", "r08"]}, {"day": 2, "shift": "night", "rooms": ["r05", "r06", "r07", "r08", "r09", "r10", "r11", "r12", "r13", "r14"]}, {"day": 3, "shift": "night", "rooms": ["r03", "r04", "r05", "r06", "r07", "r08", "r09", "r10", "r11", "r12", "r13", "r14"]}, {"day": 5, "shift": "early", "rooms": ["r00", "r01", "r02"]}, {"day": 6, "shift": "night", "rooms": ["r06", "r07", "r08", "r09", "r10", "r11", "r12", "r13", "r14"]}, {"day": 8, "shift": "late", "rooms": ["r00", "r01", "r02"]}, {"day": 9, "shift": "late", "rooms": ["r00", "r01", "r02", "r03"]}, {"day": 11, "shift": "early", "rooms": ["r00", "r01", "r02", "r03"]}, {"day": 12, "shift": "late", "rooms": ["r08", "r03", "r14", "r13", "r00", "r02", "r10", "r12", "r05", "r07", "r11", "r06", "r01", "r09"]}]}, {"id": "n002", "assignments": [{"day": 0, "shift": "early", "rooms": ["r00", "r01", "r02", "r03", "r04", "r05", "r06", "r07", "r08", "r09"]}, {"day": 1, "shift": "early", "rooms": ["r00", "r01", "r02", "r03", "r04", "r05", "r06"]}, {"day": 2, "shift": "early", "rooms": ["r00", "r01", "r02"]}, {"day": 3, "shift": "early", "rooms": ["r00", "r01", "r02"]}, {"day": 4, "shift": "late", "rooms": ["r00", "r01"]}, {"day": 5, "shift": "late", "rooms": ["r00", "r01", "r02"]}, {"day": 6, "shift": "late", "rooms": ["r00", "r01", "r02", "r03", "r04"]}, {"day": 8, "shift": "early", "rooms": ["r03", "r04", "r05"]}, {"day": 9, "shift": "early", "rooms": ["r00", "r01"]}, {"day": 10, "shift": "late", "rooms": ["r00", "r01"]}, {"day": 11, "shift": "night", "rooms": ["r00", "r01", "r02", "r03", "r04", "r05", "r06", "r07", "r08", "r09", "r10", "r11", "r12", "r13", "r14"]}, {"day": 13, "shift": "early", "rooms": ["r00", "r01", "r02", "r03", "r04", "r05", "r06", "r07", "r08", "r09", "r10", "r11", "r12", "r13", "r14"]}]}, {"id": "n003", "assignments": [{"day": 0, "shift": "late", "rooms": ["r14"]}, {"day": 2, "shift": "early", "rooms": ["r03", "r04", "r05", "r06", "r07", "r08", "r09", "r10", "r11", "r12", "r13"]}, {"day": 3, "shift": "early", "rooms": ["r03", "r04", "r05", "r06"]}, {"day": 4, "shift": "early", "rooms": ["r00", "r01", "r02"]}, {"day": 5, "shift": "early", "rooms": ["r03", "r04", "r05"]}, {"day": 6, "shift": "early", "rooms": ["r00", "r01", "r02", "r03", "r04"]}, {"day": 7, "shift": "night", "rooms": ["r00", "r01", "r02", "r03", "r04", "r05"]}, {"day": 9, "shift": "early", "rooms": ["r02"]}, {"day": 10, "shift": "night", "rooms": ["r04", "r05", "r06", "r07", "r08", "r09", "r10", "r11", "r12", "r13", "r14"]}, {"day": 12, "shift": "early", "rooms": ["r00", "r01"]}, {"day": 13, "shift": "late", "rooms": ["r00", "r01", "r02", "r03", "r04", "r05", "r06", "r07", "r08", "r09", "r10", "r11", "r12", "r13", "r14"]}]}, {"id": "n004", "assignments": [{"day": 0, "shift": "night", "rooms": ["r10", "r00", "r07", "r05", "r08", "r03", "r06", "r04", "r01", "r11", "r02"]}, {"day": 1, "shift": "night", "rooms": ["r10", "r11", "r12", "r13", "r14"]}, {"day": 3, "shift": "early", "rooms": ["r07", "r08", "r09", "r10", "r11", "r12", "r13", "r14"]}, {"day": 4, "shift": "early", "rooms": ["r03", "r04", "r05"]}, {"day": 5, "shift": "early", "rooms": ["r06", "r07", "r08", "r09", "r10", "r11", "r12", "r13", "r14"]}, {"day": 6, "shift": "early", "rooms": ["r05", "r06", "r07", "r08", "r09", "r10", "r11", "r12", "r13", "r14"]}, {"day": 7, "shift": "early", "rooms": ["r00", "r01"]}, {"day": 8, "shift": "late", "rooms": ["r14", "r11", "r12", "r05", "r10", "r07", "r08", "r03", "r04", "r09", "r06"]}, {"day": 9, "shift": "night", "rooms": ["r05", "r06", "r07", "r08", "r09", "r10", "r11", "r12", "r13", "r14"]}, {"day": 13, "shift": "early", "rooms": ["r02"]}]}, {"id": "n005", "assignments": [{"day": 0, "shift": "night", "rooms": ["r08", "r14", "r09", "r12", "r13"]}, {"day": 2, "shift": "early", "rooms": ["r14"]}, {"day": 3, "shift": "late", "rooms": ["r00", "r01", "r02"]}, {"day": 4, "shift": "late", "rooms": ["r02", "r03"]}, {"day": 5, "shift": "late", "rooms": ["r03", "r04", "r05", "r06"]}, {"day": 6, "shift": "late", "rooms": ["r05", "r06", "r07", "r08", "r09", "r10", "r11", "r12", "r13", "r14"]}, {"day": 7, "shift": "late", "rooms": ["r01", "r02"]}, {"day": 9, "shift": "late", "rooms": ["r03", "r04", "r05", "r06", "r07", "r08", "r09", "r10", "r11", "r12", "r13", "r14"]}, {"day": 13, "shift": "night", "rooms": ["r00", "r01", "r02", "r03", "r04", "r05", "r06", "r07", "r08", "r09", "r10", "r11", "r12", "r13", "r14"]}, {"day": 12, "shift": "night", "rooms": ["r03"]}]}, {"id": "n006", "assignments": [{"day": 1, "shift": "late", "rooms": ["r09", "r10", "r11", "r08", "r12", "r13"]}, {"day": 4, "shift": "night", "rooms": ["r04", "r05", "r06", "r07", "r08", "r09", "r10", "r11", "r12", "r13", "r14"]}, {"day": 7, "shift": "early", "rooms": ["r02", "r03", "r04", "r05", "r06", "r07", "r08", "r09", "r10", "r11", "r12", "r13", "r14"]}, {"day": 8, "shift": "early", "rooms": ["r06", "r07", "r08", "r09", "r10", "r11", "r12", "r13", "r14"]}, {"day": 12, "shift": "early", "rooms": ["r03", "r07", "r10", "r14", "r13", "r12", "r02", "r05", "r06", "r08", "r09", "r04"]}, {"day": 10, "shift": "night", "rooms": ["r14"]}, {"day": 6, "shift": "early", "rooms": ["r08", "r10"]}, {"day": 13, "shift": "late", "rooms": ["r09"]}]}, {"id": "n007", "assignments": [{"day": 2, "shift": "late", "rooms": ["r00", "r01"]}, {"day": 5, "shift": "night", "rooms": ["r10", "r11", "r05", "r14", "r13", "r07", "r09", "r06", "r12"]}, {"day": 9, "shift": "early", "rooms": ["r03", "r04", "r05", "r06", "r07", "r08", "r09", "r10", "r11", "r12", "r13", "r14"]}, {"day": 11, "shift": "early", "rooms": ["r04", "r05", "r06", "r07", "r08", "r09", "r10", "r11", "r12", "r13", "r14"]}]}, {"id": "n008", "assignments": [{"day": 7, "shift": "late", "rooms": ["r03", "r04", "r05", "r06", "r07", "r08", "r09", "r10", "r11", "r12", "r13", "r14"]}, {"day": 11, "shift": "late", "rooms": ["r06", "r03", "r08", "r13", "r02", "r04", "r00", "r12", "r11", "r05", "r01", "r07", "r09"]}, {"day": 9, "shift": "late", "rooms": ["r00", "r04"]}, {"day": 8, "shift": "late", "rooms": ["r13"]}, {"day": 13, "shift": "late", "rooms": []}, {"day": 12, "shift": "late", "rooms": ["r08", "r07"]}]}, {"id": "n009", "assignments": [{"day": 8, "shift": "night", "rooms": ["r00", "r01", "r02"]}, {"day": 10, "shift": "late", "rooms": ["r02", "r03"]}, {"day": 7, "shift": "late", "rooms": ["r00"]}]}, {"id": "n010", "assignments": [{"day": 4, "shift": "early", "rooms": ["r06", "r07", "r08", "r09", "r10", "r11", "r12", "r13", "r14"]}, {"day": 7, "shift": "night", "rooms": ["r06", "r07", "r08", "r09", "r10", "r11", "r12", "r13", "r14"]}, {"day": 8, "shift": "night", "rooms": ["r03", "r04", "r05", "r06", "r07", "r08", "r09", "r10", "r11", "r12", "r13", "r14"]}, {"day": 2, "shift": "early", "rooms": []}, {"day": 0, "shift": "late", "rooms": ["r13"]}, {"day": 9, "shift": "night", "rooms": ["r13"]}]}, {"id": "n011", "assignments": [{"day": 3, "shift": "late", "rooms": ["r05", "r04"]}, {"day": 4, "shift": "late", "rooms": ["r04", "r05"]}]}, {"id": "n012", "assignments": [{"day": 5, "shift": "late", "rooms": ["r07", "r08", "r09", "r10", "r11", "r12", "r13", "r14"]}, {"day": 6, "shift": "late", "rooms": ["r12"]}]}, {"id": "n013", "assignments": [{"day": 0, "shift": "early", "rooms": ["r10", "r11", "r12", "r13"]}, {"day": 2, "shift": "late", "rooms": ["r02", "r03", "r04"]}, {"day": 10, "shift": "early", "rooms": ["r00", "r01", "r02"]}]}, {"id": "n014", "assignments": [{"day": 2, "shift": "late", "rooms": ["r05", "r06", "r07", "r08", "r09", "r10", "r11", "r12", "r13", "r14"]}, {"day": 3, "shift": "late", "rooms": ["r06", "r07", "r08", "r09", "r10", "r11", "r12", "r13", "r14"]}, {"day": 4, "shift": "late", "rooms": ["r06", "r07", "r08", "r09", "r10", "r11", "r12", "r13", "r14"]}, {"day": 10, "shift": "late", "rooms": ["r04", "r05", "r06", "r07", "r08", "r09", "r10", "r11", "r12", "r13", "r14"]}, {"day": 12, "shift": "late", "rooms": ["r04"]}, {"day": 5, "shift": "night", "rooms": ["r08", "r06"]}, {"day": 0, "shift": "night", "rooms": ["r13"]}]}, {"id": "n015", "assignments": [{"day": 0, "shift": "early", "rooms": ["r14"]}, {"day": 1, "shift": "early", "rooms": ["r07", "r08", "r09", "r10", "r11", "r12", "r13"]}]}, {"id": "n016", "assignments": [{"day": 10, "shift": "early", "rooms": ["r03", "r04", "r05", "r06", "r07", "r08", "r09", "r10", "r11", "r12", "r13", "r14"]}, {"day": 8, "shift": "late", "rooms": ["r14"]}]}, {"id": "n019", "assignments": [{"day": 1, "shift": "early", "rooms": ["r13"]}, {"day": 3, "shift": "late", "rooms": ["r03"]}, {"day": 6, "shift": "early", "rooms": ["r13"]}]}], "room_allocation": {"(0, 'r00')": [["a05", "B", "adult"], ["a13", "B", "adult"]], "(0, 'r01')": [["a00", "B", "elderly"], ["a08", "B", "elderly"]], "(0, 'r02')": [["a11", "A", "elderly"]], "(0, 'r03')": [], "(0, 'r04')": [], "(0, 'r05')": [], "(0, 'r06')": [["a10", "A", "adult"]], "(0, 'r07')": [["a04", "B", "adult"], ["a09", "B", "elderly"]], "(0, 'r08')": [["a12", "A", "elderly"]], "(0, 'r09')": [["a01", "A", "elderly"]], "(0, 'r10')": [], "(0, 'r11')": [["a03", "B", "elderly"], ["a07", "B", "elderly"]], "(0, 'r12')": [["a02", "B", "elderly"], ["a14", "B", "elderly"]], "(0, 'r13')": [["a06", "A", "elderly"]], "(0, 'r14')": [], "(1, 'r00')": [["a05", "B", "adult"], ["a13", "B", "adult"]], "(1, 'r01')": [["a00", "B", "elderly"], ["a08", "B", "elderly"], ["p005", "B", "elderly"]], "(1, 'r02')": [["p012", "A", "elderly"]], "(1, 'r03')": [["p022", "A", "adult"]], "(1, 'r04')": [], "(1, 'r05')": [], "(1, 'r06')": [["a10", "A", "adult"]], "(1, 'r07')": [["a04", "B", "adult"], ["a09", "B", "elderly"]], "(1, 'r08')": [["a12", "A", "elderly"]], "(1, 'r09')": [["a01", "A", "elderly"]], "(1, 'r10')": [], "(1, 'r11')": [], "(1, 'r12')": [["a02", "B", "elderly"], ["a14", "B", "elderly"]], "(1, 'r13')": [["a06", "A", "elderly"]], "(1, 'r14')": [], "(2, 'r00')": [["a05", "B", "adult"], ["a13", "B", "adult"]], "(2, 'r01')": [["a08", "B", "elderly"], ["p005", "B", "elderly"]], "(2, 'r02')": [["p012", "A", "elderly"], ["p026", "A", "elderly"]], "(2, 'r03')": [["p022", "A", "adult"]], "(2, 'r04')": [["p106", "B", "elderly"]], "(2, 'r05')": [["p008", "A", "adult"], ["p021", "A", "elderly"]], "(2, 'r06')": [["a10", "A", "adult"]], "(2, 'r07')": [["a09", "B", "elderly"]], "(2, 'r08')": [], "(2, 'r09')": [], "(2, 'r10')": [], "(2, 'r11')": [["p013", "B", "adult"]], "(2, 'r12')": [["a14", "B", "elderly"]], "(2, 'r13')": [["a06", "A", "elderly"]], "(2, 'r14')": [["p007", "A", "elderly"]], "(3, 'r00')": [["a05", "B", "adult"], ["a13", "B", "adult"]], "(3, 'r01')": [["p005", "B", "elderly"]], "(3, 'r02')": [["p012", "A", "elderly"], ["p025", "A", "adult"], ["p079", "A", "elderly"], ["p026", "A", "elderly"]], "(3, 'r03')": [["p022", "A", "adult"], ["p096", "A", "elderly"]], "(3, 'r04')": [["p106", "B", "elderly"]], "(3, 'r05')": [["p008", "A", "adult"], ["p021", "A", "elderly"]], "(3, 'r06')": [["a10", "A", "adult"], ["p028", "A", "elderly"], ["p003", "A", "elderly"]], "(3, 'r07')": [["a09", "B", "elderly"], ["p042", "B", "elderly"]], "(3, 'r08')": [], "(3, 'r09')": [], "(3, 'r10')": [["p102", "A", "adult"]], "(3, 'r11')": [["p013", "B", "adult"]], "(3, 'r12')": [["a14", "B", "elderly"]], "(3, 'r13')": [], "(3, 'r14')": [["p007", "A", "elderly"]], "(4, 'r00')": [["a13", "B", "adult"], ["p084", "B", "adult"]], "(4, 'r01')": [["p005", "B", "elderly"]], "(4, 'r02')": [["p012", "A", "elderly"], ["p025", "A", "adult"], ["p079", "A", "elderly"], ["p026", "A", "elderly"]], "(4, 'r03')": [["p022", "A", "adult"], ["p096", "A", "elderly"]], "(4, 'r04')": [["p106", "B", "elderly"]], "(4, 'r05')": [["p008", "A", "adult"], ["p021", "A", "elderly"], ["p077", "A", "elderly"]], "(4, 'r06')": [["a10", "A", "adult"], ["p028", "A", "elderly"], ["p003", "A", "elderly"]], "(4, 'r07')": [["p042", "B", "elderly"]], "(4, 'r08')": [["p099", "B", "elderly"]], "(4, 'r09')": [], "(4, 'r10')": [["p102", "A", "adult"]], "(4, 'r11')": [["p013", "B", "adult"]], "(4, 'r12')": [], "(4, 'r13')": [], "(4, 'r14')": [["p007", "A", "elderly"]], "(5, 'r00')": [["a13", "B", "adult"], ["p084", "B", "adult"]], "(5, 'r01')": [["p005", "B", "elderly"]], "(5, 'r02')": [["p012", "A", "elderly"], ["p025", "A", "adult"], ["p079", "A", "elderly"], ["p026", "A", "elderly"]], "(5, 'r03')": [["p022", "A", "adult"], ["p096", "A", "elderly"]], "(5, 'r04')": [["p106", "B", "elderly"]], "(5, 'r05')": [["p077", "A", "elderly"]], "(5, 'r06')": [["a10", "A", "adult"], ["p028", "A", "elderly"], ["p003", "A", "elderly"]], "(5, 'r07')": [], "(5, 'r08')": [["p099", "B", "elderly"]], "(5, 'r09')": [], "(5, 'r10')": [["p102", "A", "adult"]], "(5, 'r11')": [["p013", "B", "adult"]], "(5, 'r12')": [], "(5, 'r13')": [], "(5, 'r14')": [], "(6, 'r00')": [["a13", "B", "adult"], ["p085", "B", "elderly"]], "(6, 'r01')": [["p005", "B", "elderly"], ["p010", "B", "elderly"]], "(6, 'r02')": [["p025", "A", "adult"], ["p026", "A", "elderly"]], "(6, 'r03')": [["p096", "A", "elderly"]], "(6, 'r04')": [["p049", "B", "elderly"]], "(6, 'r05')": [["p077", "A", "elderly"]], "(6, 'r06')": [["a10", "A", "adult"], ["p028", "A", "elderly"], ["p003", "A", "elderly"]], "(6, 'r07')": [], "(6, 'r08')": [["p014", "B", "adult"]], "(6, 'r09')": [], "(6, 'r10')": [["p102", "A", "adult"]], "(6, 'r11')": [["p013", "B", "adult"]], "(6, 'r12')": [], "(6, 'r13')": [["p029", "A", "elderly"]], "(6, 'r14')": [], "(7, 'r00')": [["p085", "B", "elderly"], ["p092", "B", "elderly"]], "(7, 'r01')": [["p005", "B", "elderly"], ["p043", "B", "adult"], ["p010", "B", "elderly"]], "(7, 'r02')": [["p025", "A", "adult"], ["p026", "A", "elderly"]], "(7, 'r03')": [], "(7, 'r04')": [["p049", "B", "elderly"]], "(7, 'r05')": [["p077", "A", "elderly"], ["p024", "A", "elderly"]], "(7, 'r06')": [], "(7, 'r07')": [], "(7, 'r08')": [["p014", "B", "adult"]], "(7, 'r09')": [["p062", "B", "elderly"]], "(7, 'r10')": [], "(7, 'r11')": [], "(7, 'r12')": [], "(7, 'r13')": [["p029", "A", "elderly"]], "(7, 'r14')": [["p070", "B", "elderly"]], "(8, 'r00')": [["p085", "B", "elderly"], ["p092", "B", "elderly"]], "(8, 'r01')": [["p005", "B", "elderly"], ["p043", "B", "adult"]], "(8, 'r02')": [["p054", "A", "elderly"], ["p026", "A", "elderly"]], "(8, 'r03')": [], "(8, 'r04')": [["p049", "B", "elderly"]], "(8, 'r05')": [["p077", "A", "elderly"], ["p024", "A", "elderly"]], "(8, 'r06')": [], "(8, 'r07')": [], "(8, 'r08')": [["p014", "B", "adult"]], "(8, 'r09')": [["p062", "B", "elderly"]], "(8, 'r10')": [], "(8, 'r11')": [["p075", "A", "elderly"]], "(8, 'r12')": [], "(8, 'r13')": [["p029", "A", "elderly"], ["p001", "A", "elderly"]], "(8, 'r14')": [["p104", "B", "elderly"], ["p070", "B", "elderly"]], "(9, 'r00')": [["p085", "B", "elderly"], ["p092", "B", "elderly"]], "(9, 'r01')": [["p043", "B", "adult"], ["p101", "B", "elderly"]], "(9, 'r02')": [["p054", "A", "elderly"], ["p016", "A", "elderly"], ["p026", "A", "elderly"], ["p100", "A", "elderly"]], "(9, 'r03')": [], "(9, 'r04')": [["p059", "A", "elderly"]], "(9, 'r05')": [["p024", "A", "elderly"]], "(9, 'r06')": [], "(9, 'r07')": [], "(9, 'r08')": [], "(9, 'r09')": [], "(9, 'r10')": [], "(9, 'r11')": [["p075", "A", "elderly"]], "(9, 'r12')": [], "(9, 'r13')": [["p029", "A", "elderly"], ["p001", "A", "elderly"]], "(9, 'r14')": [["p104", "B", "elderly"], ["p070", "B", "elderly"]], "(10, 'r00')": [["p085", "B", "elderly"], ["p092", "B", "elderly"]], "(10, 'r01')": [["p043", "B", "adult"], ["p081", "B", "elderly"], ["p101", "B", "elderly"]], "(10, 'r02')": [["p054", "A", "elderly"], ["p016", "A", "elderly"], ["p097", "A", "elderly"], ["p100", "A", "elderly"]], "(10, 'r03')": [], "(10, 'r04')": [["p059", "A", "elderly"]], "(10, 'r05')": [], "(10, 'r06')": [], "(10, 'r07')": [], "(10, 'r08')": [], "(10, 'r09')": [["p038", "B", "elderly"]], "(10, 'r10')": [], "(10, 'r11')": [["p075", "A", "elderly"]], "(10, 'r12')": [], "(10, 'r13')": [["p029", "A", "elderly"], ["p001", "A", "elderly"]], "(10, 'r14')": [["p104", "B", "elderly"], ["p070", "B", "elderly"]], "(11, 'r00')": [["p085", "B", "elderly"], ["p092", "B", "elderly"]], "(11, 'r01')": [["p043", "B", "adult"], ["p081", "B", "elderly"]], "(11, 'r02')": [["p054", "A", "elderly"], ["p016", "A", "elderly"], ["p074", "A", "elderly"], ["p097", "A", "elderly"]], "(11, 'r03')": [["p030", "A", "elderly"]], "(11, 'r04')": [["p059", "A", "elderly"], ["p064", "A", "elderly"]], "(11, 'r05')": [], "(11, 'r06')": [["p037", "A", "elderly"]], "(11, 'r07')": [["p098", "B", "elderly"]], "(11, 'r08')": [["p061", "A", "adult"]], "(11, 'r09')": [["p038", "B", "elderly"]], "(11, 'r10')": [], "(11, 'r11')": [], "(11, 'r12')": [], "(11, 'r13')": [], "(11, 'r14')": [], "(12, 'r00')": [["p036", "A", "elderly"], ["p089", "A", "elderly"]], "(12, 'r01')": [["p043", "B", "adult"], ["p081", "B", "elderly"], ["p094", "B", "adult"]], "(12, 'r02')": [["p054", "A", "elderly"], ["p016", "A", "elderly"], ["p074", "A", "elderly"]], "(12, 'r03')": [["p030", "A", "elderly"]], "(12, 'r04')": [["p059", "A", "elderly"], ["p064", "A", "elderly"]], "(12, 'r05')": [], "(12, 'r06')": [["p037", "A", "elderly"]], "(12, 'r07')": [["p098", "B", "elderly"]], "(12, 'r08')": [["p061", "A", "adult"]], "(12, 'r09')": [["p038", "B", "elderly"], ["p048", "B", "elderly"]], "(12, 'r10')": [["p111", "B", "elderly"]], "(12, 'r11')": [], "(12, 'r12')": [], "(12, 'r13')": [], "(12, 'r14')": [], "(13, 'r00')": [["p036", "A", "elderly"], ["p089", "A", "elderly"]], "(13, 'r01')": [["p072", "B", "adult"], ["p081", "B", "elderly"], ["p094", "B", "adult"]], "(13, 'r02')": [["p017", "A", "elderly"], ["p054", "A", "elderly"], ["p074", "A", "elderly"]], "(13, 'r03')": [["p030", "A", "elderly"]], "(13, 'r04')": [["p020", "B", "adult"]], "(13, 'r05')": [], "(13, 'r06')": [["p037", "A", "elderly"]], "(13, 'r07')": [["p098", "B", "elderly"]], "(13, 'r08')": [["p033", "A", "elderly"]], "(13, 'r09')": [["p038", "B", "elderly"], ["p048", "B", "elderly"]], "(13, 'r10')": [["p111", "B", "elderly"]], "(13, 'r11')": [], "(13, 'r12')": [["p035", "B", "elderly"]], "(13, 'r13')": [], "(13, 'r14')": [["p066", "B", "elderly"]]}, "theater_allocation": {"(0, 't0')": 600, "(0, 't1')": 0, "(0, 't2')": 720, "(1, 't0')": 600, "(1, 't1')": 600, "(1, 't2')": -60, "(2, 't0')": 600, "(2, 't1')": 600, "(2, 't2')": -120, "(3, 't0')": 600, "(3, 't1')": 720, "(3, 't2')": -930, "(4, 't0')": 600, "(4, 't1')": 600, "(4, 't2')": 180, "(5, 't0')": 480, "(5, 't1')": 480, "(5, 't2')": 720, "(6, 't0')": 600, "(6, 't1')": 480, "(6, 't2')": -90, "(7, 't0')": 600, "(7, 't1')": 480, "(7, 't2')": -360, "(8, 't0')": 0, "(8, 't1')": 0, "(8, 't2')": 90, "(9, 't0')": 720, "(9, 't1')": 600, "(9, 't2')": -120, "(10, 't0')": 600, "(10, 't1')": 0, "(10, 't2')": -570, "(11, 't0')": 600, "(11, 't1')": 720, "(11, 't2')": -60, "(12, 't0')": 600, "(12, 't1')": 0, "(12, 't2')": 120, "(13, 't0')": 600, "(13, 't1')": 720, "(13, 't2')": -210}, "surgeon_allocation": {"(0, 's0')": 0, "(0, 's1')": 0, "(1, 's0')": 60, "(1, 's1')": 0, "(2, 's0')": 0, "(2, 's1')": 0, "(3, 's0')": 0, "(3, 's1')": 30, "(4, 's0')": 60, "(4, 's1')": 0, "(5, 's0')": 0, "(5, 's1')": 0, "(6, 's0')": 30, "(6, 's1')": 0, "(7, 's0')": 0, "(7, 's1')": 0, "(8, 's0')": 60, "(8, 's1')": 270, "(9, 's0')": 0, "(9, 's1')": 0, "(10, 's0')": 90, "(10, 's1')": 60, "(11, 's0')": 60, "(11, 's1')": 0, "(12, 's0')": 0, "(12, 's1')": 0, "(13, 's0')": 0, "(13, 's1')": 30}, "operator": "['remove_nurse_room']"}