{"patients": [{"id": "p13", "admission_day": 1, "room": "r1", "operating_theater": "t0"}, {"id": "p01", "admission_day": 2, "room": "r0", "operating_theater": "t0"}, {"id": "p14", "admission_day": 2, "room": "r1", "operating_theater": "t0"}, {"id": "p23", "admission_day": 2, "room": "r0", "operating_theater": "t0"}, {"id": "p02", "admission_day": 3, "room": "r3", "operating_theater": "t0"}, {"id": "p20", "admission_day": 7, "room": "r2", "operating_theater": "t1"}, {"id": "p41", "admission_day": 9, "room": "r2", "operating_theater": "t1"}, {"id": "p00", "admission_day": 9, "room": "r3", "operating_theater": "t1"}, {"id": "p03", "admission_day": "none"}, {"id": "p04", "admission_day": "none"}, {"id": "p05", "admission_day": "none"}, {"id": "p06", "admission_day": 8, "room": "r0", "operating_theater": "t0"}, {"id": "p07", "admission_day": "none"}, {"id": "p09", "admission_day": 13, "room": "r0", "operating_theater": "t1"}, {"id": "p10", "admission_day": "none"}, {"id": "p11", "admission_day": "none"}, {"id": "p12", "admission_day": "none"}, {"id": "p15", "admission_day": 11, "room": "r3", "operating_theater": "t1"}, {"id": "p16", "admission_day": 8, "room": "r1", "operating_theater": "t0"}, {"id": "p17", "admission_day": 13, "room": "r2", "operating_theater": "t1"}, {"id": "p18", "admission_day": "none"}, {"id": "p19", "admission_day": 13, "room": "r2", "operating_theater": "t1"}, {"id": "p21", "admission_day": 11, "room": "r3", "operating_theater": "t1"}, {"id": "p22", "admission_day": "none"}, {"id": "p24", "admission_day": "none"}, {"id": "p25", "admission_day": "none"}, {"id": "p26", "admission_day": 3, "room": "r1", "operating_theater": "t0"}, {"id": "p27", "admission_day": "none"}, {"id": "p28", "admission_day": 11, "room": "r0", "operating_theater": "t1"}, {"id": "p29", "admission_day": "none"}, {"id": "p30", "admission_day": "none"}, {"id": "p31", "admission_day": "none"}, {"id": "p32", "admission_day": "none"}, {"id": "p33", "admission_day": 8, "room": "r1", "operating_theater": "t0"}, {"id": "p35", "admission_day": "none"}, {"id": "p36", "admission_day": 1, "room": "r1", "operating_theater": "t0"}, {"id": "p37", "admission_day": "none"}, {"id": "p38", "admission_day": 3, "room": "r2", "operating_theater": "t0"}, {"id": "p39", "admission_day": 1, "room": "r1", "operating_theater": "t0"}, {"id": "p40", "admission_day": "none"}, {"id": "p42", "admission_day": 8, "room": "r0", "operating_theater": "t0"}, {"id": "p43", "admission_day": 11, "room": "r1", "operating_theater": "t1"}, {"id": "p44", "admission_day": "none"}], "nurses": [{"id": "n00", "assignments": [{"day": 0, "shift": "late", "rooms": ["r3", "r1", "r2", "r0"]}, {"day": 1, "shift": "late", "rooms": ["r3", "r1"]}, {"day": 2, "shift": "late", "rooms": ["r3", "r0", "r2"]}, {"day": 3, "shift": "late", "rooms": ["r3", "r2", "r1"]}, {"day": 4, "shift": "night", "rooms": ["r0", "r1", "r2", "r3"]}, {"day": 5, "shift": "night", "rooms": ["r0", "r1", "r2", "r3"]}, {"day": 7, "shift": "early", "rooms": ["r0", "r1", "r2", "r3"]}, {"day": 8, "shift": "early", "rooms": ["r2", "r0"]}, {"day": 9, "shift": "late", "rooms": ["r3", "r0"]}, {"day": 10, "shift": "late", "rooms": ["r1", "r3", "r0"]}, {"day": 11, "shift": "night", "rooms": ["r3", "r1", "r2", "r0"]}, {"day": 12, "shift": "night", "rooms": ["r0", "r1", "r2", "r3"]}]}, {"id": "n01", "assignments": [{"day": 0, "shift": "night", "rooms": ["r0", "r1", "r2", "r3"]}, {"day": 2, "shift": "early", "rooms": ["r3", "r1", "r0"]}, {"day": 3, "shift": "night", "rooms": ["r0", "r1", "r2", "r3"]}, {"day": 6, "shift": "early", "rooms": ["r0", "r1", "r2", "r3"]}, {"day": 11, "shift": "early", "rooms": ["r0", "r1", "r2", "r3"]}, {"day": 12, "shift": "early", "rooms": ["r2", "r1", "r3"]}, {"day": 13, "shift": "early", "rooms": ["r1", "r0", "r3"]}, {"day": 9, "shift": "late", "rooms": ["r2"]}, {"day": 7, "shift": "early", "rooms": ["r2", "r3", "r0"]}, {"day": 8, "shift": "early", "rooms": ["r0", "r2", "r3"]}, {"day": 4, "shift": "night", "rooms": ["r1", "r0"]}]}, {"id": "n02", "assignments": [{"day": 1, "shift": "night", "rooms": ["r0", "r1", "r2", "r3"]}, {"day": 3, "shift": "early", "rooms": ["r0", "r1", "r2", "r3"]}, {"day": 4, "shift": "early", "rooms": ["r0", "r1"]}, {"day": 5, "shift": "early", "rooms": ["r0", "r1", "r2", "r3"]}, {"day": 7, "shift": "night", "rooms": ["r3", "r1", "r2", "r0"]}, {"day": 8, "shift": "night", "rooms": ["r0", "r1", "r2", "r3"]}, {"day": 10, "shift": "early", "rooms": ["r0", "r1", "r2", "r3"]}, {"day": 0, "shift": "late", "rooms": ["r2", "r3"]}]}, {"id": "n03", "assignments": [{"day": 6, "shift": "late", "rooms": ["r0", "r1", "r2", "r3"]}, {"day": 7, "shift": "late", "rooms": ["r0", "r1", "r2", "r3"]}, {"day": 9, "shift": "night", "rooms": ["r3", "r2"]}, {"day": 10, "shift": "night", "rooms": ["r0", "r1", "r2", "r3"]}, {"day": 11, "shift": "night", "rooms": ["r2"]}]}, {"id": "n04", "assignments": [{"day": 0, "shift": "early", "rooms": ["r2", "r0", "r3"]}, {"day": 1, "shift": "early", "rooms": ["r0", "r1", "r2", "r3"]}, {"day": 4, "shift": "late", "rooms": ["r0", "r1", "r2", "r3"]}, {"day": 9, "shift": "early", "rooms": ["r0", "r1", "r2", "r3"]}, {"day": 11, "shift": "late", "rooms": ["r0", "r1", "r2", "r3"]}, {"day": 12, "shift": "late", "rooms": ["r0", "r1", "r2", "r3"]}, {"day": 13, "shift": "night", "rooms": ["r0", "r1", "r2", "r3"]}, {"day": 10, "shift": "late", "rooms": ["r2", "r3"]}, {"day": 5, "shift": "night", "rooms": ["r0"]}, {"day": 3, "shift": "late", "rooms": ["r2", "r0"]}]}, {"id": "n05", "assignments": [{"day": 5, "shift": "late", "rooms": ["r2", "r1", "r3"]}, {"day": 4, "shift": "late", "rooms": ["r1"]}, {"day": 2, "shift": "late", "rooms": ["r1", "r0"]}, {"day": 13, "shift": "early", "rooms": ["r2"]}, {"day": 3, "shift": "late", "rooms": ["r1"]}, {"day": 6, "shift": "late", "rooms": ["r2", "r0"]}]}, {"id": "n06", "assignments": [{"day": 2, "shift": "night", "rooms": ["r1", "r3", "r0"]}, {"day": 6, "shift": "night", "rooms": ["r3", "r0", "r2"]}, {"day": 13, "shift": "late", "rooms": ["r0", "r1", "r2", "r3"]}, {"day": 4, "shift": "early", "rooms": ["r2", "r3", "r0"]}, {"day": 5, "shift": "early", "rooms": ["r2", "r3"]}, {"day": 9, "shift": "late", "rooms": ["r1", "r0"]}, {"day": 12, "shift": "early", "rooms": ["r0"]}, {"day": 8, "shift": "early", "rooms": ["r1", "r0"]}, {"day": 1, "shift": "early", "rooms": ["r1", "r3"]}, {"day": 0, "shift": "early", "rooms": ["r3"]}]}, {"id": "n07", "assignments": [{"day": 8, "shift": "late", "rooms": ["r0", "r1", "r2", "r3"]}, {"day": 9, "shift": "night", "rooms": ["r1", "r0"]}, {"day": 5, "shift": "late", "rooms": ["r3", "r0"]}, {"day": 10, "shift": "night", "rooms": ["r1"]}]}], "room_allocation": {"(0, 'r0')": [], "(0, 'r1')": [], "(0, 'r2')": [["a0", "B", "elderly"], ["a1", "B", "elderly"]], "(0, 'r3')": [["a2", "B", "adult"]], "(1, 'r0')": [], "(1, 'r1')": [["p13", "A", "elderly"], ["p36", "A", "elderly"], ["p39", "A", "elderly"]], "(1, 'r2')": [], "(1, 'r3')": [["a2", "B", "adult"]], "(2, 'r0')": [["p01", "A", "elderly"], ["p23", "A", "elderly"]], "(2, 'r1')": [["p13", "A", "elderly"], ["p14", "A", "elderly"], ["p36", "A", "elderly"], ["p39", "A", "elderly"]], "(2, 'r2')": [], "(2, 'r3')": [["a2", "B", "adult"]], "(3, 'r0')": [["p01", "A", "elderly"], ["p23", "A", "elderly"]], "(3, 'r1')": [["p13", "A", "elderly"], ["p14", "A", "elderly"], ["p26", "A", "elderly"]], "(3, 'r2')": [["p38", "A", "adult"]], "(3, 'r3')": [["p02", "B", "adult"]], "(4, 'r0')": [["p01", "A", "elderly"], ["p23", "A", "elderly"]], "(4, 'r1')": [["p13", "A", "elderly"], ["p14", "A", "elderly"], ["p26", "A", "elderly"]], "(4, 'r2')": [["p38", "A", "adult"]], "(4, 'r3')": [["p02", "B", "adult"]], "(5, 'r0')": [["p01", "A", "elderly"], ["p23", "A", "elderly"]], "(5, 'r1')": [], "(5, 'r2')": [["p38", "A", "adult"]], "(5, 'r3')": [["p02", "B", "adult"]], "(6, 'r0')": [["p01", "A", "elderly"], ["p23", "A", "elderly"]], "(6, 'r1')": [], "(6, 'r2')": [["p38", "A", "adult"]], "(6, 'r3')": [["p02", "B", "adult"]], "(7, 'r0')": [["p23", "A", "elderly"]], "(7, 'r1')": [], "(7, 'r2')": [["p20", "B", "elderly"]], "(7, 'r3')": [["p02", "B", "adult"]], "(8, 'r0')": [["p23", "A", "elderly"], ["p06", "A", "elderly"], ["p42", "A", "elderly"]], "(8, 'r1')": [["p16", "B", "elderly"], ["p33", "B", "elderly"]], "(8, 'r2')": [["p20", "B", "elderly"]], "(8, 'r3')": [["p02", "B", "adult"]], "(9, 'r0')": [["p23", "A", "elderly"], ["p06", "A", "elderly"], ["p42", "A", "elderly"]], "(9, 'r1')": [["p16", "B", "elderly"], ["p33", "B", "elderly"]], "(9, 'r2')": [["p20", "B", "elderly"], ["p41", "B", "elderly"]], "(9, 'r3')": [["p02", "B", "adult"], ["p00", "B", "adult"]], "(10, 'r0')": [], "(10, 'r1')": [["p16", "B", "elderly"], ["p33", "B", "elderly"]], "(10, 'r2')": [["p20", "B", "elderly"], ["p41", "B", "elderly"]], "(10, 'r3')": [["p00", "B", "adult"]], "(11, 'r0')": [["p28", "A", "infant"]], "(11, 'r1')": [["p16", "B", "elderly"], ["p33", "B", "elderly"], ["p43", "B", "elderly"]], "(11, 'r2')": [["p20", "B", "elderly"], ["p41", "B", "elderly"]], "(11, 'r3')": [["p00", "B", "adult"], ["p15", "B", "adult"], ["p21", "B", "adult"]], "(12, 'r0')": [["p28", "A", "infant"]], "(12, 'r1')": [["p16", "B", "elderly"], ["p43", "B", "elderly"]], "(12, 'r2')": [], "(12, 'r3')": [["p00", "B", "adult"], ["p15", "B", "adult"], ["p21", "B", "adult"]], "(13, 'r0')": [["p09", "A", "infant"], ["p28", "A", "infant"]], "(13, 'r1')": [["p43", "B", "elderly"]], "(13, 'r2')": [["p17", "A", "elderly"], ["p19", "A", "elderly"]], "(13, 'r3')": [["p00", "B", "adult"], ["p15", "B", "adult"], ["p21", "B", "adult"]]}, "theater_allocation": {"(0, 't0')": 720, "(0, 't1')": 0, "(1, 't0')": 720, "(1, 't1')": 120, "(2, 't0')": 720, "(2, 't1')": 270, "(3, 't0')": 720, "(3, 't1')": 0, "(4, 't0')": 0, "(4, 't1')": 720, "(5, 't0')": 480, "(5, 't1')": 0, "(6, 't0')": 720, "(6, 't1')": 600, "(7, 't0')": 600, "(7, 't1')": 420, "(8, 't0')": 600, "(8, 't1')": 150, "(9, 't0')": 720, "(9, 't1')": 240, "(10, 't0')": 720, "(10, 't1')": 480, "(11, 't0')": 720, "(11, 't1')": 240, "(12, 't0')": 0, "(12, 't1')": 0, "(13, 't0')": 720, "(13, 't1')": 120}, "surgeon_allocation": {"(0, 's0')": 0, "(1, 's0')": 0, "(2, 's0')": 30, "(3, 's0')": 0, "(4, 's0')": 0, "(5, 's0')": 0, "(6, 's0')": 0, "(7, 's0')": 60, "(8, 's0')": 30, "(9, 's0')": 0, "(10, 's0')": 0, "(11, 's0')": 0, "(12, 's0')": 0, "(13, 's0')": 0}, "operator": "['add_nurse_room']"}