{"patients": [{"id": "p033", "admission_day": 0, "room": "r14", "operating_theater": "t0"}, {"id": "p013", "admission_day": 0, "room": "r01", "operating_theater": "t0"}, {"id": "p019", "admission_day": 0, "room": "r00", "operating_theater": "t0"}, {"id": "p038", "admission_day": 0, "room": "r01", "operating_theater": "t1"}, {"id": "p029", "admission_day": 1, "room": "r00", "operating_theater": "t0"}, {"id": "p035", "admission_day": 1, "room": "r01", "operating_theater": "t0"}, {"id": "p025", "admission_day": 1, "room": "r03", "operating_theater": "t0"}, {"id": "p000", "admission_day": 1, "room": "r04", "operating_theater": "t0"}, {"id": "p045", "admission_day": 1, "room": "r03", "operating_theater": "t0"}, {"id": "p009", "admission_day": 1, "room": "r04", "operating_theater": "t1"}, {"id": "p010", "admission_day": 1, "room": "r04", "operating_theater": "t1"}, {"id": "p018", "admission_day": 1, "room": "r03", "operating_theater": "t1"}, {"id": "p041", "admission_day": 1, "room": "r04", "operating_theater": "t0"}, {"id": "p043", "admission_day": 1, "room": "r06", "operating_theater": "t0"}, {"id": "p052", "admission_day": 1, "room": "r07", "operating_theater": "t2"}, {"id": "p069", "admission_day": 1, "room": "r07", "operating_theater": "t2"}, {"id": "p070", "admission_day": 1, "room": "r12", "operating_theater": "t2"}, {"id": "p078", "admission_day": 1, "room": "r08", "operating_theater": "t2"}, {"id": "p081", "admission_day": 1, "room": "r12", "operating_theater": "t2"}, {"id": "p086", "admission_day": 1, "room": "r10", "operating_theater": "t2"}, {"id": "p087", "admission_day": 1, "room": "r09", "operating_theater": "t2"}, {"id": "p027", "admission_day": 2, "room": "r01", "operating_theater": "t0"}, {"id": "p056", "admission_day": 2, "room": "r05", "operating_theater": "t0"}, {"id": "p047", "admission_day": 2, "room": "r10", "operating_theater": "t0"}, {"id": "p007", "admission_day": 2, "room": "r10", "operating_theater": "t0"}, {"id": "p017", "admission_day": 2, "room": "r12", "operating_theater": "t1"}, {"id": "p022", "admission_day": 2, "room": "r12", "operating_theater": "t1"}, {"id": "p062", "admission_day": 2, "room": "r11", "operating_theater": "t1"}, {"id": "p065", "admission_day": 2, "room": "r11", "operating_theater": "t1"}, {"id": "p091", "admission_day": 3, "room": "r07", "operating_theater": "t0"}, {"id": "p090", "admission_day": 3, "room": "r13", "operating_theater": "t0"}, {"id": "p003", "admission_day": 3, "room": "r13", "operating_theater": "t0"}, {"id": "p031", "admission_day": 3, "room": "r14", "operating_theater": "t0"}, {"id": "p082", "admission_day": 3, "room": "r14", "operating_theater": "t0"}, {"id": "p147", "admission_day": 3, "room": "r15", "operating_theater": "t0"}, {"id": "p055", "admission_day": 3, "room": "r15", "operating_theater": "t0"}, {"id": "p133", "admission_day": 3, "room": "r02", "operating_theater": "t1"}, {"id": "p140", "admission_day": 3, "room": "r15", "operating_theater": "t1"}, {"id": "p125", "admission_day": 3, "room": "r05", "operating_theater": "t1"}, {"id": "p059", "admission_day": 3, "room": "r16", "operating_theater": "t2"}, {"id": "p002", "admission_day": 3, "room": "r16", "operating_theater": "t1"}, {"id": "p006", "admission_day": 3, "room": "r06", "operating_theater": "t2"}, {"id": "p024", "admission_day": 3, "room": "r08", "operating_theater": "t2"}, {"id": "p074", "admission_day": 3, "room": "r12", "operating_theater": "t2"}, {"id": "p107", "admission_day": 3, "room": "r12", "operating_theater": "t2"}, {"id": "p036", "admission_day": 4, "room": "r04", "operating_theater": "t0"}, {"id": "p061", "admission_day": 4, "room": "r11", "operating_theater": "t0"}, {"id": "p053", "admission_day": 4, "room": "r02", "operating_theater": "t1"}, {"id": "p068", "admission_day": 4, "room": "r06", "operating_theater": "t0"}, {"id": "p096", "admission_day": 4, "room": "r01", "operating_theater": "t0"}, {"id": "p001", "admission_day": 5, "room": "r00", "operating_theater": "t0"}, {"id": "p011", "admission_day": 5, "room": "r00", "operating_theater": "t0"}, {"id": "p095", "admission_day": 5, "room": "r07", "operating_theater": "t0"}, {"id": "p042", "admission_day": 5, "room": "r07", "operating_theater": "t0"}, {"id": "p124", "admission_day": 5, "room": "r09", "operating_theater": "t0"}, {"id": "p012", "admission_day": 5, "room": "r01", "operating_theater": "t2"}, {"id": "p020", "admission_day": 5, "room": "r01", "operating_theater": "t0"}, {"id": "p057", "admission_day": 5, "room": "r15", "operating_theater": "t2"}, {"id": "p066", "admission_day": 6, "room": "r04", "operating_theater": "t0"}, {"id": "p030", "admission_day": 6, "room": "r03", "operating_theater": "t0"}, {"id": "p088", "admission_day": 6, "room": "r07", "operating_theater": "t0"}, {"id": "p016", "admission_day": 6, "room": "r03", "operating_theater": "t2"}, {"id": "p100", "admission_day": 6, "room": "r08", "operating_theater": "t2"}, {"id": "p050", "admission_day": 6, "room": "r10", "operating_theater": "t2"}, {"id": "p063", "admission_day": 6, "room": "r10", "operating_theater": "t3"}, {"id": "p071", "admission_day": 6, "room": "r09", "operating_theater": "t3"}, {"id": "p077", "admission_day": 7, "room": "r14", "operating_theater": "t2"}, {"id": "p139", "admission_day": 7, "room": "r11", "operating_theater": "t0"}, {"id": "p116", "admission_day": 7, "room": "r11", "operating_theater": "t0"}, {"id": "p106", "admission_day": 8, "room": "r04", "operating_theater": "t0"}, {"id": "p028", "admission_day": 7, "room": "r01", "operating_theater": "t1"}, {"id": "p111", "admission_day": 7, "room": "r04", "operating_theater": "t0"}, {"id": "p044", "admission_day": 7, "room": "r05", "operating_theater": "t1"}, {"id": "p102", "admission_day": 7, "room": "r12", "operating_theater": "t1"}, {"id": "p058", "admission_day": 7, "room": "r06", "operating_theater": "t2"}, {"id": "p089", "admission_day": 7, "room": "r12", "operating_theater": "t2"}, {"id": "p137", "admission_day": 7, "room": "r12", "operating_theater": "t0"}, {"id": "p097", "admission_day": 8, "room": "r00", "operating_theater": "t0"}, {"id": "p118", "admission_day": 8, "room": "r09", "operating_theater": "t0"}, {"id": "p083", "admission_day": 8, "room": "r04", "operating_theater": "t0"}, {"id": "p092", "admission_day": 8, "room": "r11", "operating_theater": "t0"}, {"id": "p034", "admission_day": 8, "room": "r03", "operating_theater": "t1"}, {"id": "p141", "admission_day": 8, "room": "r02", "operating_theater": "t1"}, {"id": "p117", "admission_day": 8, "room": "r05", "operating_theater": "t1"}, {"id": "p150", "admission_day": 8, "room": "r08", "operating_theater": "t1"}, {"id": "p098", "admission_day": 8, "room": "r12", "operating_theater": "t2"}, {"id": "p132", "admission_day": 9, "room": "r00", "operating_theater": "t0"}, {"id": "p105", "admission_day": 9, "room": "r04", "operating_theater": "t0"}, {"id": "p064", "admission_day": 9, "room": "r07", "operating_theater": "t0"}, {"id": "p049", "admission_day": 9, "room": "r06", "operating_theater": "t0"}, {"id": "p123", "admission_day": 9, "room": "r13", "operating_theater": "t1"}, {"id": "p104", "admission_day": 9, "room": "r10", "operating_theater": "t1"}, {"id": "p119", "admission_day": 9, "room": "r16", "operating_theater": "t1"}, {"id": "p094", "admission_day": 9, "room": "r16", "operating_theater": "t2"}, {"id": "p115", "admission_day": 9, "room": "r14", "operating_theater": "t0"}, {"id": "p026", "admission_day": 10, "room": "r11", "operating_theater": "t0"}, {"id": "p110", "admission_day": 10, "room": "r13", "operating_theater": "t0"}, {"id": "p075", "admission_day": 10, "room": "r15", "operating_theater": "t0"}, {"id": "p072", "admission_day": 10, "room": "r01", "operating_theater": "t0"}, {"id": "p134", "admission_day": 10, "room": "r10", "operating_theater": "t2"}, {"id": "p080", "admission_day": 11, "room": "r11", "operating_theater": "t0"}, {"id": "p015", "admission_day": 11, "room": "r01", "operating_theater": "t0"}, {"id": "p129", "admission_day": 11, "room": "r02", "operating_theater": "t0"}, {"id": "p113", "admission_day": 11, "room": "r07", "operating_theater": "t0"}, {"id": "p076", "admission_day": 11, "room": "r12", "operating_theater": "t2"}, {"id": "p103", "admission_day": 11, "room": "r12", "operating_theater": "t1"}, {"id": "p127", "admission_day": 11, "room": "r12", "operating_theater": "t1"}, {"id": "p151", "admission_day": 11, "room": "r12", "operating_theater": "t1"}, {"id": "p084", "admission_day": 11, "room": "r06", "operating_theater": "t1"}, {"id": "p048", "admission_day": 12, "room": "r10", "operating_theater": "t0"}, {"id": "p073", "admission_day": 12, "room": "r04", "operating_theater": "t0"}, {"id": "p079", "admission_day": 12, "room": "r09", "operating_theater": "t0"}, {"id": "p112", "admission_day": 13, "room": "r15", "operating_theater": "t1"}, {"id": "p126", "admission_day": 13, "room": "r14", "operating_theater": "t1"}, {"id": "p136", "admission_day": 13, "room": "r11", "operating_theater": "t1"}, {"id": "p021", "admission_day": 13, "room": "r15", "operating_theater": "t1"}, {"id": "p114", "admission_day": 13, "room": "r07", "operating_theater": "t1"}, {"id": "p008", "admission_day": 13, "room": "r05", "operating_theater": "t1"}, {"id": "p122", "admission_day": 13, "room": "r04", "operating_theater": "t1"}, {"id": "p085", "admission_day": 13, "room": "r07", "operating_theater": "t2"}, {"id": "p143", "admission_day": 13, "room": "r01", "operating_theater": "t2"}, {"id": "p145", "admission_day": 13, "room": "r15", "operating_theater": "t2"}, {"id": "p146", "admission_day": 13, "room": "r05", "operating_theater": "t4"}, {"id": "p099", "admission_day": 13, "room": "r06", "operating_theater": "t4"}, {"id": "p131", "admission_day": 13, "room": "r07", "operating_theater": "t4"}, {"id": "p004", "admission_day": "none"}, {"id": "p005", "admission_day": "none"}, {"id": "p014", "admission_day": "none"}, {"id": "p023", "admission_day": "none"}, {"id": "p032", "admission_day": "none"}, {"id": "p037", "admission_day": 13, "room": "r13", "operating_theater": "t1"}, {"id": "p039", "admission_day": "none"}, {"id": "p040", "admission_day": "none"}, {"id": "p046", "admission_day": 5, "room": "r12", "operating_theater": "t2"}, {"id": "p051", "admission_day": "none"}, {"id": "p054", "admission_day": "none"}, {"id": "p060", "admission_day": 11, "room": "r16", "operating_theater": "t2"}, {"id": "p067", "admission_day": "none"}, {"id": "p093", "admission_day": "none"}, {"id": "p101", "admission_day": "none"}, {"id": "p108", "admission_day": "none"}, {"id": "p109", "admission_day": "none"}, {"id": "p120", "admission_day": "none"}, {"id": "p121", "admission_day": "none"}, {"id": "p128", "admission_day": "none"}, {"id": "p130", "admission_day": "none"}, {"id": "p135", "admission_day": "none"}, {"id": "p138", "admission_day": "none"}, {"id": "p142", "admission_day": "none"}, {"id": "p144", "admission_day": "none"}, {"id": "p148", "admission_day": "none"}, {"id": "p149", "admission_day": "none"}, {"id": "p152", "admission_day": "none"}, {"id": "p153", "admission_day": 11, "room": "r08", "operating_theater": "t2"}], "nurses": [{"id": "n000", "assignments": [{"day": 0, "shift": "late", "rooms": ["r00", "r01"]}, {"day": 1, "shift": "late", "rooms": ["r00", "r01"]}, {"day": 2, "shift": "late", "rooms": ["r00", "r01"]}, {"day": 3, "shift": "late", "rooms": ["r00"]}, {"day": 4, "shift": "night", "rooms": ["r00", "r01", "r02", "r03"]}, {"day": 5, "shift": "night", "rooms": ["r00", "r01", "r02"]}, {"day": 7, "shift": "early", "rooms": ["r00", "r01"]}, {"day": 8, "shift": "early", "rooms": ["r00", "r01"]}, {"day": 9, "shift": "night", "rooms": ["r00", "r01", "r02"]}, {"day": 11, "shift": "early", "rooms": ["r00", "r01"]}, {"day": 12, "shift": "night", "rooms": ["r00", "r01", "r02", "r03", "r04"]}]}, {"id": "n001", "assignments": [{"day": 0, "shift": "late", "rooms": ["r02", "r03", "r04", "r05", "r06", "r07", "r08", "r09"]}, {"day": 1, "shift": "night", "rooms": ["r00", "r01", "r02"]}, {"day": 3, "shift": "early", "rooms": ["r00", "r01"]}, {"day": 4, "shift": "early", "rooms": ["r00"]}, {"day": 5, "shift": "early", "rooms": ["r00", "r01"]}, {"day": 6, "shift": "early", "rooms": ["r00", "r01"]}, {"day": 7, "shift": "early", "rooms": ["r02", "r03"]}, {"day": 8, "shift": "early", "rooms": ["r02", "r03"]}, {"day": 9, "shift": "early", "rooms": ["r00", "r01"]}, {"day": 10, "shift": "night", "rooms": ["r00", "r01", "r02", "r03"]}, {"day": 11, "shift": "night", "rooms": ["r00", "r01", "r02"]}, {"day": 13, "shift": "early", "rooms": ["r00", "r01"]}]}, {"id": "n002", "assignments": [{"day": 0, "shift": "night", "rooms": ["r00", "r01", "r02", "r03", "r04", "r05", "r06"]}, {"day": 2, "shift": "early", "rooms": ["r00", "r01"]}, {"day": 4, "shift": "early", "rooms": ["r02", "r03"]}, {"day": 5, "shift": "early", "rooms": ["r02", "r03", "r04"]}, {"day": 6, "shift": "early", "rooms": ["r02", "r03"]}, {"day": 7, "shift": "early", "rooms": ["r14", "r05"]}, {"day": 8, "shift": "late", "rooms": ["r00", "r01"]}, {"day": 9, "shift": "late", "rooms": ["r00"]}, {"day": 10, "shift": "late", "rooms": ["r00"]}, {"day": 11, "shift": "night", "rooms": ["r03", "r04", "r05"]}, {"day": 13, "shift": "night", "rooms": ["r00", "r01", "r02", "r03"]}]}, {"id": "n003", "assignments": [{"day": 0, "shift": "late", "rooms": ["r10", "r11", "r12", "r13", "r14", "r15", "r16"]}, {"day": 1, "shift": "night", "rooms": ["r03", "r04", "r05", "r06"]}, {"day": 2, "shift": "night", "rooms": ["r00", "r01", "r02", "r03"]}, {"day": 3, "shift": "night", "rooms": ["r00", "r01", "r02", "r03"]}, {"day": 5, "shift": "early", "rooms": ["r07", "r05"]}, {"day": 6, "shift": "night", "rooms": ["r00", "r01", "r02", "r03"]}, {"day": 8, "shift": "late", "rooms": ["r02", "r03"]}, {"day": 9, "shift": "late", "rooms": ["r02", "r03", "r04"]}, {"day": 10, "shift": "late", "rooms": ["r03", "r02", "r04", "r01"]}, {"day": 11, "shift": "late", "rooms": ["r01", "r00"]}, {"day": 12, "shift": "night", "rooms": ["r05", "r06", "r07", "r08", "r09", "r10", "r11", "r12"]}]}, {"id": "n004", "assignments": [{"day": 0, "shift": "night", "rooms": ["r07", "r08", "r09", "r10", "r11", "r12", "r13", "r14", "r15", "r16"]}, {"day": 1, "shift": "night", "rooms": ["r07", "r08", "r09", "r10"]}, {"day": 3, "shift": "early", "rooms": ["r02", "r03"]}, {"day": 4, "shift": "night", "rooms": ["r04", "r05", "r06"]}, {"day": 6, "shift": "early", "rooms": ["r04"]}, {"day": 7, "shift": "early", "rooms": ["r06", "r07"]}, {"day": 8, "shift": "night", "rooms": ["r00", "r01", "r02"]}, {"day": 9, "shift": "night", "rooms": ["r03", "r04", "r05"]}, {"day": 11, "shift": "early", "rooms": ["r02", "r03"]}, {"day": 12, "shift": "early", "rooms": ["r00", "r01"]}, {"day": 13, "shift": "early", "rooms": ["r02", "r03"]}]}, {"id": "n005", "assignments": [{"day": 1, "shift": "late", "rooms": ["r02", "r03"]}, {"day": 2, "shift": "late", "rooms": ["r02", "r03"]}, {"day": 3, "shift": "late", "rooms": ["r03"]}, {"day": 4, "shift": "night", "rooms": ["r07", "r08", "r09", "r10"]}, {"day": 6, "shift": "early", "rooms": ["r05", "r06", "r07"]}, {"day": 7, "shift": "early", "rooms": ["r09", "r08"]}, {"day": 8, "shift": "early", "rooms": ["r04", "r05"]}, {"day": 9, "shift": "early", "rooms": ["r02", "r03", "r04"]}, {"day": 10, "shift": "early", "rooms": ["r00", "r01"]}, {"day": 11, "shift": "late", "rooms": ["r02"]}, {"day": 12, "shift": "late", "rooms": ["r00", "r01"]}, {"day": 13, "shift": "late", "rooms": ["r00", "r01"]}]}, {"id": "n006", "assignments": [{"day": 1, "shift": "late", "rooms": ["r04", "r05"]}, {"day": 3, "shift": "late", "rooms": ["r04", "r05"]}, {"day": 4, "shift": "night", "rooms": ["r11", "r12"]}, {"day": 5, "shift": "night", "rooms": ["r03", "r04"]}, {"day": 6, "shift": "night", "rooms": ["r04", "r05", "r06"]}, {"day": 8, "shift": "early", "rooms": ["r06", "r07"]}, {"day": 9, "shift": "early", "rooms": ["r05", "r06", "r07"]}, {"day": 10, "shift": "early", "rooms": ["r02"]}, {"day": 11, "shift": "early", "rooms": ["r04", "r05"]}, {"day": 12, "shift": "late", "rooms": ["r02", "r03", "r04", "r05"]}, {"day": 13, "shift": "late", "rooms": ["r02", "r03", "r04"]}]}, {"id": "n007", "assignments": [{"day": 0, "shift": "early", "rooms": ["r00", "r01", "r02"]}, {"day": 1, "shift": "early", "rooms": ["r00", "r01"]}, {"day": 2, "shift": "early", "rooms": ["r02", "r03", "r04"]}, {"day": 3, "shift": "early", "rooms": ["r04", "r05"]}, {"day": 4, "shift": "early", "rooms": ["r01", "r04", "r00", "r05"]}, {"day": 5, "shift": "early", "rooms": ["r08", "r09", "r10", "r11"]}, {"day": 6, "shift": "night", "rooms": ["r07", "r08", "r09", "r10"]}, {"day": 8, "shift": "night", "rooms": ["r03", "r04", "r05"]}, {"day": 9, "shift": "night", "rooms": ["r06", "r07", "r08", "r09"]}, {"day": 10, "shift": "night", "rooms": ["r04", "r05", "r06", "r07"]}, {"day": 12, "shift": "late", "rooms": ["r06", "r07", "r08", "r09", "r10", "r11"]}, {"day": 13, "shift": "late", "rooms": ["r05", "r10", "r08", "r09", "r12", "r11", "r07"]}]}, {"id": "n008", "assignments": [{"day": 1, "shift": "late", "rooms": ["r06", "r07"]}, {"day": 2, "shift": "late", "rooms": ["r04", "r02", "r01", "r05"]}, {"day": 3, "shift": "late", "rooms": ["r02", "r07", "r05", "r06", "r08"]}, {"day": 4, "shift": "late", "rooms": ["r00", "r01"]}, {"day": 5, "shift": "late", "rooms": ["r00", "r01"]}, {"day": 6, "shift": "night", "rooms": ["r11", "r12", "r13"]}, {"day": 7, "shift": "night", "rooms": ["r00", "r01", "r02"]}, {"day": 8, "shift": "night", "rooms": ["r06", "r07", "r08"]}, {"day": 10, "shift": "early", "rooms": ["r05", "r04"]}, {"day": 11, "shift": "late", "rooms": ["r04", "r05", "r06", "r07"]}, {"day": 12, "shift": "late", "rooms": ["r14", "r04", "r12", "r13"]}, {"day": 13, "shift": "late", "rooms": ["r13", "r14", "r15", "r16"]}]}, {"id": "n009", "assignments": [{"day": 2, "shift": "early", "rooms": ["r05", "r06", "r07"]}, {"day": 3, "shift": "late", "rooms": ["r09", "r10", "r11"]}, {"day": 4, "shift": "late", "rooms": ["r02", "r03"]}, {"day": 5, "shift": "late", "rooms": ["r02", "r03", "r04"]}, {"day": 6, "shift": "late", "rooms": ["r00", "r01"]}, {"day": 7, "shift": "late", "rooms": ["r00", "r01"]}, {"day": 8, "shift": "late", "rooms": ["r04", "r05"]}, {"day": 9, "shift": "late", "rooms": ["r05", "r06", "r07"]}, {"day": 10, "shift": "late", "rooms": ["r06", "r07"]}, {"day": 11, "shift": "night", "rooms": ["r06", "r07", "r08", "r09"]}, {"day": 12, "shift": "night", "rooms": ["r13", "r14", "r15", "r16"]}]}, {"id": "n010", "assignments": [{"day": 2, "shift": "early", "rooms": ["r08", "r09", "r10"]}, {"day": 3, "shift": "early", "rooms": ["r06", "r07", "r08"]}, {"day": 4, "shift": "early", "rooms": ["r06", "r07", "r08"]}, {"day": 5, "shift": "early", "rooms": ["r12"]}, {"day": 6, "shift": "late", "rooms": ["r02", "r03", "r04"]}, {"day": 7, "shift": "late", "rooms": ["r02", "r03", "r04"]}, {"day": 8, "shift": "late", "rooms": ["r06", "r07", "r08"]}, {"day": 9, "shift": "late", "rooms": ["r11", "r09", "r01", "r10"]}, {"day": 10, "shift": "late", "rooms": ["r08", "r09", "r10", "r11"]}, {"day": 11, "shift": "late", "rooms": ["r10", "r09", "r11", "r03", "r08"]}, {"day": 0, "shift": "night", "rooms": ["r01", "r11"]}, {"day": 12, "shift": "night", "rooms": ["r04"]}]}, {"id": "n011", "assignments": [{"day": 1, "shift": "night", "rooms": ["r11", "r12", "r13", "r14", "r15", "r16"]}, {"day": 2, "shift": "night", "rooms": ["r04", "r05", "r06"]}, {"day": 3, "shift": "night", "rooms": ["r04", "r05"]}, {"day": 5, "shift": "early", "rooms": ["r14", "r15"]}, {"day": 6, "shift": "late", "rooms": ["r05", "r06", "r07"]}, {"day": 7, "shift": "late", "rooms": ["r05", "r06", "r07"]}, {"day": 8, "shift": "late", "rooms": ["r10"]}, {"day": 9, "shift": "late", "rooms": ["r12", "r13"]}, {"day": 10, "shift": "late", "rooms": ["r12", "r13", "r14"]}, {"day": 11, "shift": "late", "rooms": ["r12", "r13"]}, {"day": 13, "shift": "early", "rooms": ["r04", "r05"]}, {"day": 0, "shift": "night", "rooms": ["r12"]}]}, {"id": "n012", "assignments": [{"day": 1, "shift": "early", "rooms": ["r02", "r03", "r04"]}, {"day": 2, "shift": "night", "rooms": ["r07", "r08", "r09", "r10", "r11"]}, {"day": 3, "shift": "night", "rooms": ["r06", "r07", "r08", "r09", "r10"]}, {"day": 5, "shift": "early", "rooms": ["r16", "r13"]}, {"day": 6, "shift": "early", "rooms": ["r08", "r09", "r10", "r11"]}, {"day": 7, "shift": "early", "rooms": ["r03", "r11"]}, {"day": 8, "shift": "early", "rooms": ["r08", "r09"]}, {"day": 9, "shift": "late", "rooms": ["r15", "r14", "r05", "r03", "r08"]}, {"day": 10, "shift": "late", "rooms": ["r12", "r15", "r09", "r00", "r16"]}, {"day": 12, "shift": "late", "rooms": ["r15", "r16"]}, {"day": 13, "shift": "late", "rooms": ["r06", "r13"]}]}, {"id": "n013", "assignments": [{"day": 3, "shift": "late", "rooms": ["r04", "r12", "r13"]}, {"day": 4, "shift": "late", "rooms": ["r04", "r05", "r06"]}, {"day": 5, "shift": "late", "rooms": ["r05", "r06", "r07"]}, {"day": 7, "shift": "night", "rooms": ["r03", "r04", "r05"]}, {"day": 8, "shift": "night", "rooms": ["r09", "r10", "r11"]}, {"day": 10, "shift": "early", "rooms": ["r07", "r08", "r09"]}, {"day": 11, "shift": "early", "rooms": ["r09", "r07", "r04", "r06", "r08"]}, {"day": 12, "shift": "early", "rooms": ["r02", "r03", "r04", "r05", "r06"]}]}, {"id": "n014", "assignments": [{"day": 1, "shift": "late", "rooms": ["r08", "r09", "r10"]}, {"day": 2, "shift": "late", "rooms": ["r06", "r07"]}, {"day": 3, "shift": "late", "rooms": ["r14", "r15"]}, {"day": 4, "shift": "night", "rooms": ["r13", "r14", "r15"]}, {"day": 5, "shift": "night", "rooms": ["r06", "r05"]}, {"day": 6, "shift": "night", "rooms": ["r14", "r15", "r16"]}, {"day": 8, "shift": "late", "rooms": ["r11", "r12"]}, {"day": 9, "shift": "night", "rooms": ["r10", "r11", "r12"]}, {"day": 11, "shift": "night", "rooms": ["r10", "r11", "r12", "r13"]}, {"day": 13, "shift": "night", "rooms": ["r04", "r05", "r06"]}]}, {"id": "n015", "assignments": [{"day": 2, "shift": "night", "rooms": ["r12", "r13", "r14", "r15", "r16"]}, {"day": 3, "shift": "night", "rooms": ["r12", "r13", "r04", "r14", "r11"]}, {"day": 4, "shift": "night", "rooms": ["r16"]}, {"day": 5, "shift": "night", "rooms": ["r08", "r09", "r10", "r11", "r12", "r13"]}, {"day": 7, "shift": "night", "rooms": ["r06", "r07", "r08", "r09", "r10"]}, {"day": 9, "shift": "early", "rooms": ["r10", "r09", "r11", "r03", "r08"]}, {"day": 10, "shift": "early", "rooms": ["r10", "r12", "r13", "r11", "r06", "r03"]}, {"day": 11, "shift": "early", "rooms": ["r10", "r11", "r12"]}, {"day": 0, "shift": "night", "rooms": []}, {"day": 12, "shift": "late", "rooms": ["r02"]}]}, {"id": "n016", "assignments": [{"day": 1, "shift": "late", "rooms": ["r11", "r12", "r13", "r14", "r15", "r16"]}, {"day": 2, "shift": "late", "rooms": ["r08", "r09", "r10"]}, {"day": 3, "shift": "late", "rooms": ["r16", "r15"]}, {"day": 4, "shift": "late", "rooms": ["r07", "r08", "r09"]}, {"day": 6, "shift": "early", "rooms": ["r12", "r13", "r14"]}, {"day": 7, "shift": "night", "rooms": ["r11", "r12", "r13"]}, {"day": 9, "shift": "late", "rooms": ["r16"]}, {"day": 10, "shift": "night", "rooms": ["r08", "r09", "r10", "r11"]}, {"day": 12, "shift": "early", "rooms": ["r07", "r08", "r09", "r10", "r11"]}, {"day": 0, "shift": "late", "rooms": ["r01"]}]}, {"id": "n017", "assignments": [{"day": 2, "shift": "late", "rooms": ["r11", "r12"]}, {"day": 5, "shift": "night", "rooms": ["r03", "r16", "r14", "r15"]}, {"day": 7, "shift": "night", "rooms": ["r14", "r15", "r16"]}, {"day": 8, "shift": "night", "rooms": ["r12", "r13", "r14", "r15"]}, {"day": 9, "shift": "night", "rooms": ["r12", "r13", "r15", "r14", "r16"]}, {"day": 11, "shift": "night", "rooms": ["r14", "r15", "r16"]}, {"day": 13, "shift": "early", "rooms": ["r06", "r07", "r08", "r09", "r10", "r11", "r12"]}, {"day": 6, "shift": "night", "rooms": ["r11"]}, {"day": 3, "shift": "late", "rooms": ["r03", "r01"]}, {"day": 0, "shift": "late", "rooms": ["r07"]}]}, {"id": "n018", "assignments": [{"day": 1, "shift": "early", "rooms": ["r00", "r05", "r06", "r07"]}, {"day": 3, "shift": "night", "rooms": ["r15", "r16"]}, {"day": 6, "shift": "late", "rooms": ["r08", "r09", "r10", "r11"]}, {"day": 7, "shift": "late", "rooms": ["r08", "r09", "r10"]}, {"day": 8, "shift": "late", "rooms": ["r13", "r14", "r15", "r16"]}, {"day": 10, "shift": "early", "rooms": ["r16", "r04", "r14", "r15"]}, {"day": 11, "shift": "early", "rooms": ["r13", "r14", "r15"]}, {"day": 12, "shift": "early", "rooms": ["r14", "r12", "r00", "r13"]}, {"day": 13, "shift": "early", "rooms": ["r13", "r14", "r15", "r16"]}, {"day": 5, "shift": "early", "rooms": ["r03", "r01", "r00", "r06"]}]}, {"id": "n019", "assignments": [{"day": 2, "shift": "early", "rooms": ["r16", "r11", "r12", "r14", "r15"]}, {"day": 6, "shift": "early", "rooms": ["r16", "r15"]}, {"day": 7, "shift": "early", "rooms": ["r14", "r01", "r12", "r13"]}, {"day": 11, "shift": "late", "rooms": ["r02", "r15", "r09", "r11", "r14", "r16"]}, {"day": 0, "shift": "night", "rooms": []}, {"day": 9, "shift": "late", "rooms": ["r00", "r15"]}, {"day": 5, "shift": "early", "rooms": []}, {"day": 8, "shift": "late", "rooms": ["r01", "r12", "r09"]}, {"day": 12, "shift": "late", "rooms": ["r11"]}]}, {"id": "n020", "assignments": [{"day": 0, "shift": "early", "rooms": ["r03", "r04", "r05", "r06", "r07", "r08", "r09"]}, {"day": 1, "shift": "early", "rooms": ["r08", "r09", "r10", "r11"]}, {"day": 2, "shift": "late", "rooms": ["r13", "r14", "r15", "r16"]}, {"day": 7, "shift": "early", "rooms": ["r15", "r16"]}, {"day": 13, "shift": "night", "rooms": ["r07", "r08", "r09", "r10", "r11", "r12", "r13", "r14"]}, {"day": 12, "shift": "night", "rooms": ["r15"]}, {"day": 11, "shift": "late", "rooms": ["r12"]}]}, {"id": "n021", "assignments": [{"day": 0, "shift": "early", "rooms": ["r10", "r12", "r13", "r15", "r14", "r11", "r06", "r16"]}, {"day": 1, "shift": "early", "rooms": ["r12", "r13", "r14", "r16", "r08"]}, {"day": 3, "shift": "early", "rooms": ["r09", "r10", "r11"]}, {"day": 4, "shift": "early", "rooms": ["r09", "r10", "r11"]}, {"day": 5, "shift": "late", "rooms": ["r08", "r09", "r10", "r11"]}, {"day": 8, "shift": "early", "rooms": ["r10", "r11"]}, {"day": 9, "shift": "early", "rooms": ["r12", "r13"]}, {"day": 12, "shift": "early", "rooms": ["r15", "r16"]}, {"day": 13, "shift": "night", "rooms": ["r16", "r01", "r15", "r13"]}, {"day": 7, "shift": "early", "rooms": ["r10", "r16"]}]}, {"id": "n022", "assignments": [{"day": 4, "shift": "early", "rooms": ["r12", "r13", "r14"]}, {"day": 5, "shift": "late", "rooms": ["r12"]}, {"day": 8, "shift": "early", "rooms": ["r14", "r04", "r12", "r13"]}, {"day": 9, "shift": "early", "rooms": ["r14", "r15", "r16"]}, {"day": 7, "shift": "early", "rooms": ["r10", "r04"]}, {"day": 1, "shift": "early", "rooms": ["r16", "r09"]}, {"day": 12, "shift": "late", "rooms": ["r01"]}, {"day": 10, "shift": "early", "rooms": ["r01"]}]}, {"id": "n023", "assignments": [{"day": 4, "shift": "early", "rooms": ["r15", "r16"]}, {"day": 5, "shift": "late", "rooms": ["r14"]}, {"day": 7, "shift": "late", "rooms": ["r11", "r12"]}, {"day": 8, "shift": "night", "rooms": ["r16"]}, {"day": 10, "shift": "night", "rooms": ["r12", "r13", "r14", "r15", "r16"]}, {"day": 13, "shift": "night", "rooms": ["r02"]}]}, {"id": "n024", "assignments": [{"day": 5, "shift": "late", "rooms": ["r16", "r14", "r15"]}, {"day": 7, "shift": "late", "rooms": ["r13", "r14", "r15"]}, {"day": 10, "shift": "late", "rooms": ["r14", "r05"]}]}, {"id": "n025", "assignments": [{"day": 3, "shift": "early", "rooms": ["r12", "r13"]}, {"day": 7, "shift": "late", "rooms": ["r16"]}, {"day": 11, "shift": "early", "rooms": ["r16"]}]}, {"id": "n026", "assignments": [{"day": 6, "shift": "late", "rooms": ["r12", "r13", "r14"]}, {"day": 8, "shift": "early", "rooms": ["r15", "r16"]}, {"day": 5, "shift": "late", "rooms": ["r13"]}]}, {"id": "n027", "assignments": [{"day": 3, "shift": "early", "rooms": ["r14", "r15"]}, {"day": 4, "shift": "late", "rooms": ["r10"]}, {"day": 6, "shift": "late", "rooms": ["r15", "r16"]}]}, {"id": "n028", "assignments": [{"day": 3, "shift": "early", "rooms": ["r16", "r02"]}, {"day": 4, "shift": "late", "rooms": ["r12", "r13", "r14"]}, {"day": 1, "shift": "night", "rooms": ["r14", "r12", "r13", "r09"]}, {"day": 7, "shift": "late", "rooms": []}, {"day": 5, "shift": "night", "rooms": ["r16"]}, {"day": 12, "shift": "early", "rooms": ["r03"]}]}, {"id": "n029", "assignments": [{"day": 4, "shift": "late", "rooms": ["r16", "r11", "r15", "r07"]}, {"day": 11, "shift": "early", "rooms": ["r00"]}, {"day": 9, "shift": "night", "rooms": ["r03"]}, {"day": 5, "shift": "night", "rooms": ["r07"]}, {"day": 0, "shift": "early", "rooms": []}, {"day": 3, "shift": "early", "rooms": ["r03"]}]}], "room_allocation": {"(0, 'r00')": [["a15", "A", "adult"], ["p019", "A", "adult"]], "(0, 'r01')": [["a10", "B", "elderly"], ["a11", "B", "elderly"], ["p013", "B", "elderly"], ["p038", "B", "elderly"]], "(0, 'r02')": [["a12", "B", "elderly"]], "(0, 'r03')": [], "(0, 'r04')": [["a01", "A", "elderly"]], "(0, 'r05')": [["a07", "B", "elderly"]], "(0, 'r06')": [["a05", "B", "elderly"]], "(0, 'r07')": [["a13", "A", "elderly"]], "(0, 'r08')": [], "(0, 'r09')": [["a03", "A", "elderly"]], "(0, 'r10')": [], "(0, 'r11')": [["a14", "A", "elderly"]], "(0, 'r12')": [["a08", "B", "elderly"]], "(0, 'r13')": [["a04", "B", "elderly"], ["a06", "B", "adult"]], "(0, 'r14')": [["p033", "B", "adult"]], "(0, 'r15')": [["a09", "B", "elderly"]], "(0, 'r16')": [["a00", "B", "elderly"], ["a02", "B", "adult"]], "(1, 'r00')": [["p019", "A", "adult"], ["p029", "A", "elderly"]], "(1, 'r01')": [["a10", "B", "elderly"], ["p013", "B", "elderly"], ["p038", "B", "elderly"], ["p035", "B", "elderly"]], "(1, 'r02')": [["a12", "B", "elderly"]], "(1, 'r03')": [["p025", "B", "elderly"], ["p045", "B", "elderly"], ["p018", "B", "adult"]], "(1, 'r04')": [["p000", "A", "elderly"], ["p009", "A", "adult"], ["p010", "A", "adult"], ["p041", "A", "elderly"]], "(1, 'r05')": [["a07", "B", "elderly"]], "(1, 'r06')": [["a05", "B", "elderly"], ["p043", "B", "elderly"]], "(1, 'r07')": [["a13", "A", "elderly"], ["p052", "A", "elderly"], ["p069", "A", "elderly"]], "(1, 'r08')": [["p078", "B", "adult"]], "(1, 'r09')": [["a03", "A", "elderly"], ["p087", "A", "elderly"]], "(1, 'r10')": [["p086", "B", "elderly"]], "(1, 'r11')": [["a14", "A", "elderly"]], "(1, 'r12')": [["a08", "B", "elderly"], ["p070", "B", "elderly"], ["p081", "B", "elderly"]], "(1, 'r13')": [["a04", "B", "elderly"], ["a06", "B", "adult"]], "(1, 'r14')": [["p033", "B", "adult"]], "(1, 'r15')": [], "(1, 'r16')": [["a00", "B", "elderly"]], "(2, 'r00')": [["p019", "A", "adult"], ["p029", "A", "elderly"]], "(2, 'r01')": [["a10", "B", "elderly"], ["p013", "B", "elderly"], ["p035", "B", "elderly"], ["p027", "B", "elderly"]], "(2, 'r02')": [["a12", "B", "elderly"]], "(2, 'r03')": [["p025", "B", "elderly"], ["p045", "B", "elderly"], ["p018", "B", "adult"]], "(2, 'r04')": [["p000", "A", "elderly"], ["p009", "A", "adult"], ["p010", "A", "adult"], ["p041", "A", "elderly"]], "(2, 'r05')": [["p056", "B", "elderly"]], "(2, 'r06')": [["a05", "B", "elderly"], ["p043", "B", "elderly"]], "(2, 'r07')": [["a13", "A", "elderly"], ["p052", "A", "elderly"], ["p069", "A", "elderly"]], "(2, 'r08')": [["p078", "B", "adult"]], "(2, 'r09')": [["a03", "A", "elderly"], ["p087", "A", "elderly"]], "(2, 'r10')": [["p086", "B", "elderly"], ["p047", "B", "adult"], ["p007", "B", "adult"]], "(2, 'r11')": [["a14", "A", "elderly"], ["p062", "A", "elderly"], ["p065", "A", "elderly"]], "(2, 'r12')": [["p070", "B", "elderly"], ["p081", "B", "elderly"], ["p017", "B", "adult"], ["p022", "B", "elderly"]], "(2, 'r13')": [], "(2, 'r14')": [["p033", "B", "adult"]], "(2, 'r15')": [], "(2, 'r16')": [["a00", "B", "elderly"]], "(3, 'r00')": [["p019", "A", "adult"], ["p029", "A", "elderly"]], "(3, 'r01')": [["a10", "B", "elderly"], ["p013", "B", "elderly"], ["p035", "B", "elderly"], ["p027", "B", "elderly"]], "(3, 'r02')": [["a12", "B", "elderly"], ["p133", "B", "infant"]], "(3, 'r03')": [["p025", "B", "elderly"], ["p045", "B", "elderly"], ["p018", "B", "adult"]], "(3, 'r04')": [["p000", "A", "elderly"], ["p009", "A", "adult"], ["p010", "A", "adult"], ["p041", "A", "elderly"]], "(3, 'r05')": [["p056", "B", "elderly"], ["p125", "B", "elderly"]], "(3, 'r06')": [["p043", "B", "elderly"], ["p006", "B", "elderly"]], "(3, 'r07')": [["p052", "A", "elderly"], ["p069", "A", "elderly"], ["p091", "A", "elderly"]], "(3, 'r08')": [["p078", "B", "adult"], ["p024", "B", "elderly"]], "(3, 'r09')": [["a03", "A", "elderly"], ["p087", "A", "elderly"]], "(3, 'r10')": [["p086", "B", "elderly"], ["p047", "B", "adult"], ["p007", "B", "adult"]], "(3, 'r11')": [["a14", "A", "elderly"], ["p062", "A", "elderly"], ["p065", "A", "elderly"]], "(3, 'r12')": [["p017", "B", "adult"], ["p022", "B", "elderly"], ["p074", "B", "adult"], ["p107", "B", "adult"]], "(3, 'r13')": [["p090", "A", "elderly"], ["p003", "A", "elderly"]], "(3, 'r14')": [["p031", "A", "elderly"], ["p082", "A", "elderly"]], "(3, 'r15')": [["p147", "A", "infant"], ["p055", "A", "elderly"], ["p140", "A", "elderly"]], "(3, 'r16')": [["p059", "A", "elderly"], ["p002", "A", "adult"]], "(4, 'r00')": [["p019", "A", "adult"], ["p029", "A", "elderly"]], "(4, 'r01')": [["a10", "B", "elderly"], ["p013", "B", "elderly"], ["p027", "B", "elderly"], ["p096", "B", "elderly"]], "(4, 'r02')": [["p133", "B", "infant"], ["p053", "B", "elderly"]], "(4, 'r03')": [["p025", "B", "elderly"], ["p045", "B", "elderly"], ["p018", "B", "adult"]], "(4, 'r04')": [["p000", "A", "elderly"], ["p009", "A", "adult"], ["p010", "A", "adult"], ["p036", "A", "elderly"]], "(4, 'r05')": [["p056", "B", "elderly"], ["p125", "B", "elderly"]], "(4, 'r06')": [["p006", "B", "elderly"], ["p068", "B", "elderly"]], "(4, 'r07')": [["p052", "A", "elderly"], ["p069", "A", "elderly"], ["p091", "A", "elderly"]], "(4, 'r08')": [["p078", "B", "adult"], ["p024", "B", "elderly"]], "(4, 'r09')": [["a03", "A", "elderly"], ["p087", "A", "elderly"]], "(4, 'r10')": [["p086", "B", "elderly"], ["p047", "B", "adult"], ["p007", "B", "adult"]], "(4, 'r11')": [["p062", "A", "elderly"], ["p065", "A", "elderly"], ["p061", "A", "elderly"]], "(4, 'r12')": [["p017", "B", "adult"], ["p022", "B", "elderly"], ["p074", "B", "adult"], ["p107", "B", "adult"]], "(4, 'r13')": [["p090", "A", "elderly"], ["p003", "A", "elderly"]], "(4, 'r14')": [["p031", "A", "elderly"], ["p082", "A", "elderly"]], "(4, 'r15')": [["p147", "A", "infant"], ["p055", "A", "elderly"], ["p140", "A", "elderly"]], "(4, 'r16')": [["p059", "A", "elderly"], ["p002", "A", "adult"]], "(5, 'r00')": [["p001", "A", "elderly"], ["p011", "A", "adult"]], "(5, 'r01')": [["p027", "B", "elderly"], ["p096", "B", "elderly"], ["p012", "B", "elderly"], ["p020", "B", "elderly"]], "(5, 'r02')": [["p133", "B", "infant"], ["p053", "B", "elderly"]], "(5, 'r03')": [["p025", "B", "elderly"], ["p018", "B", "adult"]], "(5, 'r04')": [["p000", "A", "elderly"], ["p009", "A", "adult"], ["p010", "A", "adult"], ["p036", "A", "elderly"]], "(5, 'r05')": [["p056", "B", "elderly"], ["p125", "B", "elderly"]], "(5, 'r06')": [["p006", "B", "elderly"], ["p068", "B", "elderly"]], "(5, 'r07')": [["p069", "A", "elderly"], ["p095", "A", "adult"], ["p042", "A", "adult"]], "(5, 'r08')": [["p024", "B", "elderly"]], "(5, 'r09')": [["p087", "A", "elderly"], ["p124", "A", "elderly"]], "(5, 'r10')": [["p086", "B", "elderly"]], "(5, 'r11')": [["p062", "A", "elderly"], ["p065", "A", "elderly"], ["p061", "A", "elderly"]], "(5, 'r12')": [["p017", "B", "adult"], ["p074", "B", "adult"], ["p107", "B", "adult"], ["p046", "B", "elderly"]], "(5, 'r13')": [["p090", "A", "elderly"], ["p003", "A", "elderly"]], "(5, 'r14')": [["p031", "A", "elderly"], ["p082", "A", "elderly"]], "(5, 'r15')": [["p055", "A", "elderly"], ["p140", "A", "elderly"], ["p057", "A", "elderly"]], "(5, 'r16')": [["p059", "A", "elderly"], ["p002", "A", "adult"]], "(6, 'r00')": [["p001", "A", "elderly"], ["p011", "A", "adult"]], "(6, 'r01')": [["p027", "B", "elderly"], ["p096", "B", "elderly"], ["p012", "B", "elderly"], ["p020", "B", "elderly"]], "(6, 'r02')": [["p133", "B", "infant"], ["p053", "B", "elderly"]], "(6, 'r03')": [["p025", "B", "elderly"], ["p030", "B", "adult"], ["p016", "B", "adult"]], "(6, 'r04')": [["p000", "A", "elderly"], ["p010", "A", "adult"], ["p036", "A", "elderly"], ["p066", "A", "elderly"]], "(6, 'r05')": [["p056", "B", "elderly"], ["p125", "B", "elderly"]], "(6, 'r06')": [["p006", "B", "elderly"], ["p068", "B", "elderly"]], "(6, 'r07')": [["p095", "A", "adult"], ["p042", "A", "adult"], ["p088", "A", "elderly"]], "(6, 'r08')": [["p024", "B", "elderly"], ["p100", "B", "elderly"]], "(6, 'r09')": [["p124", "A", "elderly"], ["p071", "A", "adult"]], "(6, 'r10')": [["p086", "B", "elderly"], ["p050", "B", "adult"], ["p063", "B", "adult"]], "(6, 'r11')": [["p062", "A", "elderly"], ["p065", "A", "elderly"], ["p061", "A", "elderly"]], "(6, 'r12')": [["p017", "B", "adult"], ["p074", "B", "adult"], ["p107", "B", "adult"], ["p046", "B", "elderly"]], "(6, 'r13')": [["p090", "A", "elderly"], ["p003", "A", "elderly"]], "(6, 'r14')": [["p031", "A", "elderly"], ["p082", "A", "elderly"]], "(6, 'r15')": [["p055", "A", "elderly"], ["p140", "A", "elderly"], ["p057", "A", "elderly"]], "(6, 'r16')": [["p059", "A", "elderly"], ["p002", "A", "adult"]], "(7, 'r00')": [["p001", "A", "elderly"], ["p011", "A", "adult"]], "(7, 'r01')": [["p096", "B", "elderly"], ["p012", "B", "elderly"], ["p020", "B", "elderly"], ["p028", "B", "elderly"]], "(7, 'r02')": [["p133", "B", "infant"], ["p053", "B", "elderly"]], "(7, 'r03')": [["p025", "B", "elderly"], ["p030", "B", "adult"], ["p016", "B", "adult"]], "(7, 'r04')": [["p036", "A", "elderly"], ["p066", "A", "elderly"], ["p111", "A", "elderly"]], "(7, 'r05')": [["p056", "B", "elderly"], ["p044", "B", "elderly"]], "(7, 'r06')": [["p006", "B", "elderly"], ["p058", "B", "elderly"]], "(7, 'r07')": [["p095", "A", "adult"], ["p042", "A", "adult"], ["p088", "A", "elderly"]], "(7, 'r08')": [["p024", "B", "elderly"], ["p100", "B", "elderly"]], "(7, 'r09')": [["p124", "A", "elderly"], ["p071", "A", "adult"]], "(7, 'r10')": [["p086", "B", "elderly"], ["p050", "B", "adult"], ["p063", "B", "adult"]], "(7, 'r11')": [["p062", "A", "elderly"], ["p139", "A", "elderly"], ["p116", "A", "elderly"]], "(7, 'r12')": [["p107", "B", "adult"], ["p102", "B", "elderly"], ["p089", "B", "elderly"], ["p137", "B", "adult"]], "(7, 'r13')": [["p090", "A", "elderly"], ["p003", "A", "elderly"]], "(7, 'r14')": [["p031", "A", "elderly"], ["p077", "A", "elderly"]], "(7, 'r15')": [["p055", "A", "elderly"], ["p140", "A", "elderly"], ["p057", "A", "elderly"]], "(7, 'r16')": [["p059", "A", "elderly"], ["p002", "A", "adult"]], "(8, 'r00')": [["p001", "A", "elderly"], ["p097", "A", "elderly"]], "(8, 'r01')": [["p096", "B", "elderly"], ["p012", "B", "elderly"], ["p020", "B", "elderly"], ["p028", "B", "elderly"]], "(8, 'r02')": [["p053", "B", "elderly"], ["p141", "B", "elderly"]], "(8, 'r03')": [["p030", "B", "adult"], ["p016", "B", "adult"], ["p034", "B", "elderly"]], "(8, 'r04')": [["p066", "A", "elderly"], ["p106", "A", "elderly"], ["p111", "A", "elderly"], ["p083", "A", "adult"]], "(8, 'r05')": [["p044", "B", "elderly"], ["p117", "B", "elderly"]], "(8, 'r06')": [["p006", "B", "elderly"], ["p058", "B", "elderly"]], "(8, 'r07')": [["p095", "A", "adult"], ["p042", "A", "adult"], ["p088", "A", "elderly"]], "(8, 'r08')": [["p100", "B", "elderly"], ["p150", "B", "elderly"]], "(8, 'r09')": [["p071", "A", "adult"], ["p118", "A", "elderly"]], "(8, 'r10')": [["p086", "B", "elderly"], ["p050", "B", "adult"], ["p063", "B", "adult"]], "(8, 'r11')": [["p139", "A", "elderly"], ["p116", "A", "elderly"], ["p092", "A", "elderly"]], "(8, 'r12')": [["p102", "B", "elderly"], ["p089", "B", "elderly"], ["p137", "B", "adult"], ["p098", "B", "infant"]], "(8, 'r13')": [["p090", "A", "elderly"], ["p003", "A", "elderly"]], "(8, 'r14')": [["p031", "A", "elderly"], ["p077", "A", "elderly"]], "(8, 'r15')": [["p055", "A", "elderly"], ["p140", "A", "elderly"], ["p057", "A", "elderly"]], "(8, 'r16')": [["p059", "A", "elderly"], ["p002", "A", "adult"]], "(9, 'r00')": [["p097", "A", "elderly"], ["p132", "A", "elderly"]], "(9, 'r01')": [["p096", "B", "elderly"], ["p012", "B", "elderly"], ["p020", "B", "elderly"], ["p028", "B", "elderly"]], "(9, 'r02')": [["p053", "B", "elderly"], ["p141", "B", "elderly"]], "(9, 'r03')": [["p030", "B", "adult"], ["p016", "B", "adult"], ["p034", "B", "elderly"]], "(9, 'r04')": [["p106", "A", "elderly"], ["p111", "A", "elderly"], ["p083", "A", "adult"], ["p105", "A", "elderly"]], "(9, 'r05')": [["p044", "B", "elderly"], ["p117", "B", "elderly"]], "(9, 'r06')": [["p058", "B", "elderly"], ["p049", "B", "elderly"]], "(9, 'r07')": [["p095", "A", "adult"], ["p042", "A", "adult"], ["p064", "A", "elderly"]], "(9, 'r08')": [["p100", "B", "elderly"], ["p150", "B", "elderly"]], "(9, 'r09')": [["p071", "A", "adult"], ["p118", "A", "elderly"]], "(9, 'r10')": [["p086", "B", "elderly"], ["p050", "B", "adult"], ["p104", "B", "elderly"]], "(9, 'r11')": [["p139", "A", "elderly"], ["p116", "A", "elderly"], ["p092", "A", "elderly"]], "(9, 'r12')": [["p102", "B", "elderly"], ["p089", "B", "elderly"], ["p137", "B", "adult"], ["p098", "B", "infant"]], "(9, 'r13')": [["p003", "A", "elderly"], ["p123", "A", "elderly"]], "(9, 'r14')": [["p077", "A", "elderly"], ["p115", "A", "elderly"]], "(9, 'r15')": [["p055", "A", "elderly"], ["p140", "A", "elderly"], ["p057", "A", "elderly"]], "(9, 'r16')": [["p119", "B", "adult"], ["p094", "B", "adult"]], "(10, 'r00')": [["p097", "A", "elderly"], ["p132", "A", "elderly"]], "(10, 'r01')": [["p096", "B", "elderly"], ["p020", "B", "elderly"], ["p028", "B", "elderly"], ["p072", "B", "elderly"]], "(10, 'r02')": [["p053", "B", "elderly"], ["p141", "B", "elderly"]], "(10, 'r03')": [["p030", "B", "adult"], ["p016", "B", "adult"], ["p034", "B", "elderly"]], "(10, 'r04')": [["p106", "A", "elderly"], ["p111", "A", "elderly"], ["p083", "A", "adult"], ["p105", "A", "elderly"]], "(10, 'r05')": [["p044", "B", "elderly"], ["p117", "B", "elderly"]], "(10, 'r06')": [["p058", "B", "elderly"], ["p049", "B", "elderly"]], "(10, 'r07')": [["p095", "A", "adult"], ["p042", "A", "adult"], ["p064", "A", "elderly"]], "(10, 'r08')": [["p100", "B", "elderly"], ["p150", "B", "elderly"]], "(10, 'r09')": [["p071", "A", "adult"], ["p118", "A", "elderly"]], "(10, 'r10')": [["p086", "B", "elderly"], ["p104", "B", "elderly"], ["p134", "B", "elderly"]], "(10, 'r11')": [["p116", "A", "elderly"], ["p092", "A", "elderly"], ["p026", "A", "elderly"]], "(10, 'r12')": [["p098", "B", "infant"]], "(10, 'r13')": [["p123", "A", "elderly"], ["p110", "A", "elderly"]], "(10, 'r14')": [["p077", "A", "elderly"], ["p115", "A", "elderly"]], "(10, 'r15')": [["p055", "A", "elderly"], ["p057", "A", "elderly"], ["p075", "A", "adult"]], "(10, 'r16')": [["p119", "B", "adult"], ["p094", "B", "adult"]], "(11, 'r00')": [["p097", "A", "elderly"], ["p132", "A", "elderly"]], "(11, 'r01')": [["p020", "B", "elderly"], ["p028", "B", "elderly"], ["p072", "B", "elderly"], ["p015", "B", "elderly"]], "(11, 'r02')": [["p053", "B", "elderly"], ["p129", "B", "elderly"]], "(11, 'r03')": [["p030", "B", "adult"], ["p016", "B", "adult"], ["p034", "B", "elderly"]], "(11, 'r04')": [["p106", "A", "elderly"], ["p111", "A", "elderly"], ["p083", "A", "adult"], ["p105", "A", "elderly"]], "(11, 'r05')": [["p117", "B", "elderly"]], "(11, 'r06')": [["p049", "B", "elderly"], ["p084", "B", "elderly"]], "(11, 'r07')": [["p095", "A", "adult"], ["p064", "A", "elderly"], ["p113", "A", "elderly"]], "(11, 'r08')": [["p100", "B", "elderly"], ["p153", "B", "adult"]], "(11, 'r09')": [["p071", "A", "adult"], ["p118", "A", "elderly"]], "(11, 'r10')": [["p104", "B", "elderly"], ["p134", "B", "elderly"]], "(11, 'r11')": [["p116", "A", "elderly"], ["p026", "A", "elderly"], ["p080", "A", "elderly"]], "(11, 'r12')": [["p076", "A", "elderly"], ["p103", "A", "elderly"], ["p127", "A", "adult"], ["p151", "A", "elderly"]], "(11, 'r13')": [["p123", "A", "elderly"], ["p110", "A", "elderly"]], "(11, 'r14')": [["p077", "A", "elderly"], ["p115", "A", "elderly"]], "(11, 'r15')": [["p055", "A", "elderly"], ["p057", "A", "elderly"], ["p075", "A", "adult"]], "(11, 'r16')": [["p119", "B", "adult"], ["p060", "B", "elderly"]], "(12, 'r00')": [], "(12, 'r01')": [["p028", "B", "elderly"], ["p072", "B", "elderly"], ["p015", "B", "elderly"]], "(12, 'r02')": [["p129", "B", "elderly"]], "(12, 'r03')": [["p034", "B", "elderly"]], "(12, 'r04')": [["p106", "A", "elderly"], ["p111", "A", "elderly"], ["p073", "A", "elderly"]], "(12, 'r05')": [], "(12, 'r06')": [["p049", "B", "elderly"], ["p084", "B", "elderly"]], "(12, 'r07')": [["p113", "A", "elderly"]], "(12, 'r08')": [["p100", "B", "elderly"], ["p153", "B", "adult"]], "(12, 'r09')": [["p079", "B", "elderly"]], "(12, 'r10')": [["p104", "B", "elderly"], ["p134", "B", "elderly"], ["p048", "B", "elderly"]], "(12, 'r11')": [["p026", "A", "elderly"], ["p080", "A", "elderly"]], "(12, 'r12')": [["p076", "A", "elderly"], ["p103", "A", "elderly"], ["p127", "A", "adult"], ["p151", "A", "elderly"]], "(12, 'r13')": [["p123", "A", "elderly"], ["p110", "A", "elderly"]], "(12, 'r14')": [["p115", "A", "elderly"]], "(12, 'r15')": [["p057", "A", "elderly"]], "(12, 'r16')": [["p119", "B", "adult"], ["p060", "B", "elderly"]], "(13, 'r00')": [], "(13, 'r01')": [["p072", "B", "elderly"], ["p015", "B", "elderly"], ["p143", "B", "infant"]], "(13, 'r02')": [["p129", "B", "elderly"]], "(13, 'r03')": [], "(13, 'r04')": [["p073", "A", "elderly"], ["p122", "A", "elderly"]], "(13, 'r05')": [["p008", "A", "elderly"], ["p146", "A", "elderly"]], "(13, 'r06')": [["p099", "A", "elderly"]], "(13, 'r07')": [["p114", "B", "elderly"], ["p085", "B", "elderly"], ["p131", "B", "elderly"]], "(13, 'r08')": [["p153", "B", "adult"]], "(13, 'r09')": [["p079", "B", "elderly"]], "(13, 'r10')": [["p134", "B", "elderly"], ["p048", "B", "elderly"]], "(13, 'r11')": [["p080", "A", "elderly"], ["p136", "A", "elderly"]], "(13, 'r12')": [["p103", "A", "elderly"], ["p127", "A", "adult"], ["p151", "A", "elderly"]], "(13, 'r13')": [["p110", "A", "elderly"], ["p037", "A", "elderly"]], "(13, 'r14')": [["p115", "A", "elderly"], ["p126", "A", "elderly"]], "(13, 'r15')": [["p112", "A", "elderly"], ["p021", "A", "adult"], ["p145", "A", "elderly"]], "(13, 'r16')": [["p060", "B", "elderly"]]}, "theater_allocation": {"(0, 't0')": 480, "(0, 't1')": 600, "(0, 't2')": 480, "(0, 't3')": 720, "(0, 't4')": 150, "(1, 't0')": 600, "(1, 't1')": 720, "(1, 't2')": 720, "(1, 't3')": 720, "(1, 't4')": -1140, "(2, 't0')": 720, "(2, 't1')": 600, "(2, 't2')": 600, "(2, 't3')": 0, "(2, 't4')": -570, "(3, 't0')": 720, "(3, 't1')": 600, "(3, 't2')": 600, "(3, 't3')": 720, "(3, 't4')": -1290, "(4, 't0')": 600, "(4, 't1')": 600, "(4, 't2')": 600, "(4, 't3')": 600, "(4, 't4')": -210, "(5, 't0')": 600, "(5, 't1')": 0, "(5, 't2')": 600, "(5, 't3')": 0, "(5, 't4')": -960, "(6, 't0')": 480, "(6, 't1')": 0, "(6, 't2')": 480, "(6, 't3')": 600, "(6, 't4')": -1230, "(7, 't0')": 600, "(7, 't1')": 600, "(7, 't2')": 720, "(7, 't3')": 600, "(7, 't4')": -900, "(8, 't0')": 720, "(8, 't1')": 720, "(8, 't2')": 720, "(8, 't3')": 720, "(8, 't4')": -870, "(9, 't0')": 720, "(9, 't1')": 600, "(9, 't2')": 600, "(9, 't3')": 600, "(9, 't4')": -1410, "(10, 't0')": 720, "(10, 't1')": 0, "(10, 't2')": 480, "(10, 't3')": 600, "(10, 't4')": -750, "(11, 't0')": 720, "(11, 't1')": 600, "(11, 't2')": 720, "(11, 't3')": 600, "(11, 't4')": -810, "(12, 't0')": 600, "(12, 't1')": 480, "(12, 't2')": 480, "(12, 't3')": 600, "(12, 't4')": 120, "(13, 't0')": 0, "(13, 't1')": 720, "(13, 't2')": 600, "(13, 't3')": 0, "(13, 't4')": -1290}, "surgeon_allocation": {"(0, 's0')": 0, "(0, 's1')": 0, "(0, 's2')": 30, "(0, 's3')": 0, "(0, 's4')": 0, "(1, 's0')": 30, "(1, 's1')": 30, "(1, 's2')": 0, "(1, 's3')": 0, "(1, 's4')": 0, "(2, 's0')": 0, "(2, 's1')": 0, "(2, 's2')": 0, "(2, 's3')": 30, "(2, 's4')": 0, "(3, 's0')": 150, "(3, 's1')": 0, "(3, 's2')": 60, "(3, 's3')": 180, "(3, 's4')": 240, "(4, 's0')": 180, "(4, 's1')": 240, "(4, 's2')": 0, "(4, 's3')": 210, "(4, 's4')": 0, "(5, 's0')": 0, "(5, 's1')": 0, "(5, 's2')": 120, "(5, 's3')": 0, "(5, 's4')": 0, "(6, 's0')": 60, "(6, 's1')": 0, "(6, 's2')": 0, "(6, 's3')": 0, "(6, 's4')": 30, "(7, 's0')": 60, "(7, 's1')": 60, "(7, 's2')": 180, "(7, 's3')": 0, "(7, 's4')": 0, "(8, 's0')": 120, "(8, 's1')": 0, "(8, 's2')": 180, "(8, 's3')": 120, "(8, 's4')": 270, "(9, 's0')": 0, "(9, 's1')": 0, "(9, 's2')": 0, "(9, 's3')": 30, "(9, 's4')": 240, "(10, 's0')": 0, "(10, 's1')": 0, "(10, 's2')": 30, "(10, 's3')": 0, "(10, 's4')": 180, "(11, 's0')": 0, "(11, 's1')": 0, "(11, 's2')": 60, "(11, 's3')": 150, "(11, 's4')": 420, "(12, 's0')": 0, "(12, 's1')": 0, "(12, 's2')": 0, "(12, 's3')": 0, "(12, 's4')": 0, "(13, 's0')": 0, "(13, 's1')": 0, "(13, 's2')": 30, "(13, 's3')": 0, "(13, 's4')": 0}, "operator": "['add_nurse_room']"}