{"patients": [{"id": "p028", "admission_day": 0, "room": "r02", "operating_theater": "t0"}, {"id": "p015", "admission_day": 0, "room": "r20", "operating_theater": "t0"}, {"id": "p024", "admission_day": 1, "room": "r00", "operating_theater": "t0"}, {"id": "p000", "admission_day": 1, "room": "r17", "operating_theater": "t0"}, {"id": "p047", "admission_day": 1, "room": "r03", "operating_theater": "t0"}, {"id": "p001", "admission_day": 1, "room": "r01", "operating_theater": "t0"}, {"id": "p061", "admission_day": 1, "room": "r06", "operating_theater": "t0"}, {"id": "p042", "admission_day": 1, "room": "r03", "operating_theater": "t0"}, {"id": "p066", "admission_day": 1, "room": "r06", "operating_theater": "t1"}, {"id": "p002", "admission_day": 1, "room": "r20", "operating_theater": "t0"}, {"id": "p005", "admission_day": 1, "room": "r05", "operating_theater": "t1"}, {"id": "p026", "admission_day": 11, "room": "r02", "operating_theater": "t2"}, {"id": "p045", "admission_day": 1, "room": "r07", "operating_theater": "t1"}, {"id": "p046", "admission_day": 1, "room": "r05", "operating_theater": "t1"}, {"id": "p048", "admission_day": 1, "room": "r11", "operating_theater": "t1"}, {"id": "p051", "admission_day": 1, "room": "r08", "operating_theater": "t1"}, {"id": "p070", "admission_day": 1, "room": "r12", "operating_theater": "t1"}, {"id": "p097", "admission_day": 11, "room": "r12", "operating_theater": "t2"}, {"id": "p107", "admission_day": 2, "room": "r00", "operating_theater": "t0"}, {"id": "p041", "admission_day": 2, "room": "r00", "operating_theater": "t0"}, {"id": "p088", "admission_day": 2, "room": "r09", "operating_theater": "t0"}, {"id": "p067", "admission_day": 2, "room": "r08", "operating_theater": "t0"}, {"id": "p109", "admission_day": 2, "room": "r01", "operating_theater": "t0"}, {"id": "p102", "admission_day": 2, "room": "r10", "operating_theater": "t0"}, {"id": "p110", "admission_day": 2, "room": "r12", "operating_theater": "t0"}, {"id": "p023", "admission_day": 2, "room": "r09", "operating_theater": "t1"}, {"id": "p103", "admission_day": 2, "room": "r17", "operating_theater": "t0"}, {"id": "p095", "admission_day": 3, "room": "r18", "operating_theater": "t0"}, {"id": "p084", "admission_day": 3, "room": "r05", "operating_theater": "t0"}, {"id": "p056", "admission_day": 3, "room": "r19", "operating_theater": "t0"}, {"id": "p125", "admission_day": 3, "room": "r02", "operating_theater": "t0"}, {"id": "p127", "admission_day": 3, "room": "r04", "operating_theater": "t0"}, {"id": "p069", "admission_day": 3, "room": "r06", "operating_theater": "t0"}, {"id": "p123", "admission_day": 3, "room": "r20", "operating_theater": "t0"}, {"id": "p031", "admission_day": 3, "room": "r13", "operating_theater": "t0"}, {"id": "p049", "admission_day": 3, "room": "r13", "operating_theater": "t0"}, {"id": "p068", "admission_day": 3, "room": "r14", "operating_theater": "t1"}, {"id": "p089", "admission_day": 3, "room": "r13", "operating_theater": "t1"}, {"id": "p013", "admission_day": 3, "room": "r08", "operating_theater": "t2"}, {"id": "p092", "admission_day": 3, "room": "r10", "operating_theater": "t1"}, {"id": "p025", "admission_day": 3, "room": "r15", "operating_theater": "t1"}, {"id": "p063", "admission_day": 3, "room": "r16", "operating_theater": "t1"}, {"id": "p077", "admission_day": 3, "room": "r14", "operating_theater": "t2"}, {"id": "p081", "admission_day": 3, "room": "r14", "operating_theater": "t2"}, {"id": "p090", "admission_day": 3, "room": "r00", "operating_theater": "t2"}, {"id": "p012", "admission_day": 4, "room": "r01", "operating_theater": "t0"}, {"id": "p003", "admission_day": 4, "room": "r02", "operating_theater": "t0"}, {"id": "p079", "admission_day": 4, "room": "r12", "operating_theater": "t0"}, {"id": "p086", "admission_day": 4, "room": "r15", "operating_theater": "t3"}, {"id": "p017", "admission_day": 4, "room": "r15", "operating_theater": "t2"}, {"id": "p020", "admission_day": 4, "room": "r07", "operating_theater": "t3"}, {"id": "p043", "admission_day": 4, "room": "r09", "operating_theater": "t2"}, {"id": "p052", "admission_day": 4, "room": "r16", "operating_theater": "t2"}, {"id": "p111", "admission_day": 4, "room": "r15", "operating_theater": "t3"}, {"id": "p016", "admission_day": 6, "room": "r20", "operating_theater": "t2"}, {"id": "p010", "admission_day": 7, "room": "r02", "operating_theater": "t0"}, {"id": "p093", "admission_day": 7, "room": "r20", "operating_theater": "t0"}, {"id": "p083", "admission_day": 7, "room": "r02", "operating_theater": "t0"}, {"id": "p130", "admission_day": 7, "room": "r05", "operating_theater": "t0"}, {"id": "p014", "admission_day": 11, "room": "r03", "operating_theater": "t2"}, {"id": "p096", "admission_day": 7, "room": "r03", "operating_theater": "t0"}, {"id": "p118", "admission_day": 7, "room": "r05", "operating_theater": "t1"}, {"id": "p011", "admission_day": 8, "room": "r04", "operating_theater": "t0"}, {"id": "p080", "admission_day": 8, "room": "r00", "operating_theater": "t0"}, {"id": "p129", "admission_day": 8, "room": "r06", "operating_theater": "t0"}, {"id": "p065", "admission_day": 8, "room": "r06", "operating_theater": "t0"}, {"id": "p094", "admission_day": 8, "room": "r07", "operating_theater": "t1"}, {"id": "p098", "admission_day": 11, "room": "r17", "operating_theater": "t3"}, {"id": "p136", "admission_day": 9, "room": "r02", "operating_theater": "t2"}, {"id": "p059", "admission_day": 9, "room": "r05", "operating_theater": "t0"}, {"id": "p050", "admission_day": 9, "room": "r05", "operating_theater": "t2"}, {"id": "p074", "admission_day": 9, "room": "r09", "operating_theater": "t0"}, {"id": "p119", "admission_day": 13, "room": "r04", "operating_theater": "t2"}, {"id": "p114", "admission_day": 10, "room": "r05", "operating_theater": "t1"}, {"id": "p055", "admission_day": 10, "room": "r02", "operating_theater": "t1"}, {"id": "p019", "admission_day": 13, "room": "r02", "operating_theater": "t3"}, {"id": "p082", "admission_day": 11, "room": "r00", "operating_theater": "t0"}, {"id": "p108", "admission_day": 13, "room": "r02", "operating_theater": "t1"}, {"id": "p124", "admission_day": 13, "room": "r16", "operating_theater": "t0"}, {"id": "p004", "admission_day": 11, "room": "r20", "operating_theater": "t2"}, {"id": "p007", "admission_day": 13, "room": "r05", "operating_theater": "t2"}, {"id": "p008", "admission_day": 8, "room": "r17", "operating_theater": "t1"}, {"id": "p009", "admission_day": "none"}, {"id": "p018", "admission_day": "none"}, {"id": "p021", "admission_day": 13, "room": "r11", "operating_theater": "t3"}, {"id": "p022", "admission_day": 11, "room": "r12", "operating_theater": "t0"}, {"id": "p027", "admission_day": "none"}, {"id": "p029", "admission_day": 9, "room": "r13", "operating_theater": "t2"}, {"id": "p030", "admission_day": 10, "room": "r07", "operating_theater": "t1"}, {"id": "p032", "admission_day": 9, "room": "r04", "operating_theater": "t2"}, {"id": "p033", "admission_day": 7, "room": "r11", "operating_theater": "t0"}, {"id": "p034", "admission_day": 7, "room": "r17", "operating_theater": "t1"}, {"id": "p035", "admission_day": 4, "room": "r19", "operating_theater": "t0"}, {"id": "p036", "admission_day": 6, "room": "r12", "operating_theater": "t2"}, {"id": "p037", "admission_day": 13, "room": "r12", "operating_theater": "t2"}, {"id": "p038", "admission_day": 11, "room": "r16", "operating_theater": "t0"}, {"id": "p039", "admission_day": "none"}, {"id": "p040", "admission_day": 11, "room": "r03", "operating_theater": "t0"}, {"id": "p044", "admission_day": 11, "room": "r00", "operating_theater": "t2"}, {"id": "p053", "admission_day": 8, "room": "r17", "operating_theater": "t1"}, {"id": "p054", "admission_day": 11, "room": "r10", "operating_theater": "t2"}, {"id": "p057", "admission_day": 6, "room": "r05", "operating_theater": "t2"}, {"id": "p060", "admission_day": "none"}, {"id": "p062", "admission_day": 6, "room": "r18", "operating_theater": "t2"}, {"id": "p064", "admission_day": 13, "room": "r14", "operating_theater": "t1"}, {"id": "p071", "admission_day": "none"}, {"id": "p072", "admission_day": 9, "room": "r08", "operating_theater": "t2"}, {"id": "p073", "admission_day": 10, "room": "r19", "operating_theater": "t2"}, {"id": "p075", "admission_day": "none"}, {"id": "p076", "admission_day": 7, "room": "r17", "operating_theater": "t1"}, {"id": "p078", "admission_day": "none"}, {"id": "p085", "admission_day": 10, "room": "r15", "operating_theater": "t2"}, {"id": "p087", "admission_day": 13, "room": "r07", "operating_theater": "t2"}, {"id": "p099", "admission_day": 11, "room": "r17", "operating_theater": "t0"}, {"id": "p100", "admission_day": 9, "room": "r09", "operating_theater": "t2"}, {"id": "p101", "admission_day": "none"}, {"id": "p104", "admission_day": 9, "room": "r00", "operating_theater": "t0"}, {"id": "p105", "admission_day": 8, "room": "r00", "operating_theater": "t1"}, {"id": "p106", "admission_day": 8, "room": "r14", "operating_theater": "t1"}, {"id": "p112", "admission_day": 13, "room": "r01", "operating_theater": "t0"}, {"id": "p116", "admission_day": 13, "room": "r18", "operating_theater": "t2"}, {"id": "p117", "admission_day": 8, "room": "r07", "operating_theater": "t1"}, {"id": "p120", "admission_day": 11, "room": "r19", "operating_theater": "t3"}, {"id": "p121", "admission_day": 11, "room": "r13", "operating_theater": "t0"}, {"id": "p122", "admission_day": 11, "room": "r00", "operating_theater": "t2"}, {"id": "p126", "admission_day": 7, "room": "r08", "operating_theater": "t2"}, {"id": "p128", "admission_day": "none"}, {"id": "p132", "admission_day": 7, "room": "r00", "operating_theater": "t1"}, {"id": "p133", "admission_day": "none"}, {"id": "p134", "admission_day": 13, "room": "r15", "operating_theater": "t0"}, {"id": "p135", "admission_day": 13, "room": "r15", "operating_theater": "t0"}, {"id": "p137", "admission_day": 7, "room": "r15", "operating_theater": "t0"}], "nurses": [{"id": "n000", "assignments": [{"day": 0, "shift": "late", "rooms": ["r00", "r01", "r02"]}, {"day": 1, "shift": "night", "rooms": ["r00", "r01", "r02"]}, {"day": 4, "shift": "early", "rooms": ["r00", "r01"]}, {"day": 5, "shift": "early", "rooms": ["r00", "r01"]}, {"day": 6, "shift": "night", "rooms": ["r00", "r01"]}, {"day": 8, "shift": "late", "rooms": ["r00", "r01"]}, {"day": 9, "shift": "late", "rooms": ["r00", "r01", "r02"]}, {"day": 10, "shift": "late", "rooms": ["r00", "r01", "r02"]}, {"day": 12, "shift": "late", "rooms": ["r00", "r01", "r02"]}, {"day": 13, "shift": "late", "rooms": ["r00", "r01", "r02", "r03"]}]}, {"id": "n001", "assignments": [{"day": 0, "shift": "night", "rooms": ["r00", "r01", "r02", "r03", "r04", "r05"]}, {"day": 1, "shift": "night", "rooms": ["r03", "r04", "r05", "r06"]}, {"day": 2, "shift": "night", "rooms": ["r00", "r01", "r02", "r03"]}, {"day": 3, "shift": "night", "rooms": ["r00", "r01", "r02"]}, {"day": 5, "shift": "early", "rooms": ["r02", "r03", "r04", "r05"]}, {"day": 6, "shift": "early", "rooms": ["r00", "r01", "r02"]}, {"day": 7, "shift": "early", "rooms": ["r00", "r01", "r02"]}, {"day": 8, "shift": "late", "rooms": ["r02", "r03"]}, {"day": 9, "shift": "late", "rooms": ["r03", "r04", "r05"]}, {"day": 10, "shift": "night", "rooms": ["r00", "r01", "r02"]}, {"day": 12, "shift": "early", "rooms": ["r00", "r01", "r02", "r03"]}, {"day": 13, "shift": "early", "rooms": ["r00", "r01", "r02", "r03", "r04", "r05", "r06", "r07", "r08", "r09"]}]}, {"id": "n002", "assignments": [{"day": 0, "shift": "late", "rooms": ["r03", "r04", "r05", "r06", "r07"]}, {"day": 1, "shift": "late", "rooms": ["r00", "r01", "r02"]}, {"day": 2, "shift": "night", "rooms": ["r04", "r05", "r06", "r07"]}, {"day": 4, "shift": "late", "rooms": ["r00", "r01", "r02"]}, {"day": 6, "shift": "night", "rooms": ["r02", "r03", "r04", "r05", "r06", "r07", "r08"]}, {"day": 7, "shift": "night", "rooms": ["r00", "r01", "r02"]}, {"day": 9, "shift": "late", "rooms": ["r06", "r07", "r08"]}, {"day": 10, "shift": "late", "rooms": ["r03", "r04", "r05"]}, {"day": 11, "shift": "late", "rooms": ["r00", "r01", "r02"]}, {"day": 12, "shift": "late", "rooms": ["r03", "r04", "r05", "r06", "r07", "r08", "r09", "r10", "r11", "r12", "r13", "r14", "r15", "r16", "r17", "r18", "r19", "r20"]}, {"day": 13, "shift": "night", "rooms": ["r00", "r01", "r02", "r03", "r04", "r05", "r06", "r07", "r08", "r09", "r10", "r11", "r12", "r13", "r14", "r15", "r16", "r17", "r18", "r19", "r20"]}]}, {"id": "n003", "assignments": [{"day": 0, "shift": "late", "rooms": ["r08", "r09", "r10", "r11"]}, {"day": 1, "shift": "night", "rooms": ["r07", "r08", "r09", "r10", "r11", "r12"]}, {"day": 3, "shift": "early", "rooms": ["r00", "r01"]}, {"day": 4, "shift": "early", "rooms": ["r02", "r03"]}, {"day": 5, "shift": "late", "rooms": ["r00", "r01"]}, {"day": 7, "shift": "early", "rooms": ["r03", "r04", "r05"]}, {"day": 8, "shift": "early", "rooms": ["r00", "r01"]}, {"day": 9, "shift": "early", "rooms": ["r00", "r01", "r02"]}, {"day": 10, "shift": "late", "rooms": ["r06", "r07", "r08", "r09", "r10", "r11", "r12", "r13", "r14", "r15", "r16", "r17", "r18", "r19", "r20"]}, {"day": 11, "shift": "late", "rooms": ["r03", "r04", "r05"]}, {"day": 13, "shift": "early", "rooms": ["r10", "r11", "r12", "r13", "r14", "r15", "r16", "r17", "r18", "r19", "r20"]}]}, {"id": "n004", "assignments": [{"day": 0, "shift": "late", "rooms": ["r12", "r13", "r14"]}, {"day": 1, "shift": "late", "rooms": ["r03", "r04"]}, {"day": 2, "shift": "night", "rooms": ["r08", "r09", "r10", "r11"]}, {"day": 3, "shift": "night", "rooms": ["r03", "r04", "r05"]}, {"day": 4, "shift": "night", "rooms": ["r00", "r01", "r02"]}, {"day": 5, "shift": "night", "rooms": ["r00", "r01"]}, {"day": 6, "shift": "night", "rooms": ["r09", "r10", "r11", "r12", "r13", "r14"]}, {"day": 8, "shift": "early", "rooms": ["r02", "r03"]}, {"day": 9, "shift": "late", "rooms": ["r09", "r10", "r11", "r12", "r13", "r14", "r15", "r16", "r17", "r18", "r19", "r20"]}, {"day": 11, "shift": "late", "rooms": ["r06", "r07", "r08", "r09", "r10", "r11", "r12", "r13", "r14", "r15", "r16", "r17", "r18", "r19", "r20"]}, {"day": 13, "shift": "late", "rooms": ["r20", "r18", "r16", "r06", "r07", "r13", "r17", "r15", "r14", "r12", "r09", "r10", "r04", "r11", "r19", "r08"]}]}, {"id": "n005", "assignments": [{"day": 0, "shift": "night", "rooms": ["r06", "r07", "r08", "r09", "r10", "r11", "r12"]}, {"day": 2, "shift": "late", "rooms": ["r00", "r01"]}, {"day": 3, "shift": "late", "rooms": ["r00"]}, {"day": 4, "shift": "late", "rooms": ["r03", "r04"]}, {"day": 5, "shift": "night", "rooms": ["r02", "r03", "r04", "r05"]}, {"day": 6, "shift": "night", "rooms": ["r15", "r16", "r17", "r18", "r19", "r20"]}, {"day": 7, "shift": "night", "rooms": ["r03", "r04", "r05", "r06", "r07"]}, {"day": 9, "shift": "early", "rooms": ["r03", "r04"]}]}, {"id": "n006", "assignments": [{"day": 0, "shift": "late", "rooms": ["r15", "r16", "r17", "r18", "r19"]}, {"day": 1, "shift": "night", "rooms": ["r13", "r14", "r15", "r16", "r17", "r18", "r19", "r20"]}, {"day": 3, "shift": "early", "rooms": ["r02", "r03", "r04"]}, {"day": 4, "shift": "early", "rooms": ["r04", "r05", "r06"]}, {"day": 5, "shift": "early", "rooms": ["r06", "r07", "r08", "r09"]}, {"day": 6, "shift": "late", "rooms": ["r00", "r01", "r02"]}, {"day": 7, "shift": "late", "rooms": ["r00", "r01", "r02"]}, {"day": 8, "shift": "late", "rooms": ["r04", "r05", "r06", "r07"]}, {"day": 10, "shift": "night", "rooms": ["r03", "r04", "r05", "r06", "r07", "r08", "r09"]}, {"day": 11, "shift": "night", "rooms": ["r00", "r01", "r02", "r03"]}]}, {"id": "n007", "assignments": [{"day": 0, "shift": "late", "rooms": ["r12", "r20"]}, {"day": 1, "shift": "late", "rooms": ["r05", "r06"]}, {"day": 2, "shift": "late", "rooms": ["r02", "r03", "r04"]}, {"day": 3, "shift": "late", "rooms": ["r01", "r02", "r03"]}, {"day": 4, "shift": "late", "rooms": ["r05"]}, {"day": 5, "shift": "night", "rooms": ["r06", "r07", "r08", "r09", "r10", "r11", "r12"]}, {"day": 7, "shift": "night", "rooms": ["r08", "r09", "r10", "r11", "r12"]}, {"day": 8, "shift": "night", "rooms": ["r00", "r01", "r02"]}, {"day": 9, "shift": "night", "rooms": ["r00", "r01", "r02"]}, {"day": 10, "shift": "night", "rooms": ["r10", "r11", "r12", "r13", "r14", "r15", "r16", "r17", "r18", "r19", "r20"]}, {"day": 11, "shift": "night", "rooms": ["r04", "r05"]}, {"day": 6, "shift": "night", "rooms": ["r09"]}]}, {"id": "n008", "assignments": [{"day": 2, "shift": "night", "rooms": ["r12", "r13", "r14", "r15", "r16", "r17", "r18", "r19", "r20"]}, {"day": 3, "shift": "night", "rooms": ["r06", "r07", "r08", "r09"]}, {"day": 5, "shift": "early", "rooms": ["r10", "r11", "r12", "r13"]}, {"day": 6, "shift": "early", "rooms": ["r03", "r04", "r05"]}, {"day": 7, "shift": "late", "rooms": ["r03", "r04", "r05"]}, {"day": 8, "shift": "night", "rooms": ["r03", "r04", "r05"]}, {"day": 9, "shift": "night", "rooms": ["r03", "r04", "r05", "r06"]}, {"day": 11, "shift": "night", "rooms": ["r06", "r07", "r08", "r09", "r10", "r11", "r12", "r13", "r14", "r15", "r16", "r17", "r18", "r19", "r20"]}, {"day": 12, "shift": "night", "rooms": ["r00", "r01", "r02", "r03", "r04", "r05"]}, {"day": 1, "shift": "night", "rooms": ["r12"]}]}, {"id": "n009", "assignments": [{"day": 3, "shift": "late", "rooms": ["r04", "r05"]}, {"day": 4, "shift": "late", "rooms": ["r06", "r07", "r08"]}, {"day": 5, "shift": "late", "rooms": ["r02", "r03", "r04", "r05"]}, {"day": 7, "shift": "late", "rooms": ["r06", "r07"]}, {"day": 8, "shift": "night", "rooms": ["r06", "r07", "r08", "r09", "r10", "r11", "r12", "r13", "r14", "r15"]}, {"day": 9, "shift": "night", "rooms": ["r07", "r08", "r09", "r10", "r11", "r12", "r13", "r14", "r15", "r16", "r17", "r18", "r19", "r20"]}, {"day": 11, "shift": "early", "rooms": ["r00", "r01", "r02"]}, {"day": 12, "shift": "early", "rooms": ["r04", "r05", "r06", "r07", "r08", "r09"]}]}, {"id": "n010", "assignments": [{"day": 1, "shift": "late", "rooms": ["r07", "r08", "r09", "r10", "r11"]}, {"day": 3, "shift": "night", "rooms": ["r12", "r10", "r06", "r13", "r11"]}, {"day": 4, "shift": "night", "rooms": ["r03", "r04", "r05", "r06"]}, {"day": 6, "shift": "early", "rooms": ["r06", "r07", "r08", "r09", "r10", "r11"]}, {"day": 7, "shift": "early", "rooms": ["r06", "r07", "r08"]}, {"day": 9, "shift": "early", "rooms": ["r05", "r06", "r07"]}, {"day": 10, "shift": "early", "rooms": ["r00"]}, {"day": 11, "shift": "early", "rooms": ["r03", "r04"]}, {"day": 12, "shift": "early", "rooms": ["r11", "r16", "r15", "r14", "r12", "r20", "r17", "r19", "r13", "r10"]}, {"day": 2, "shift": "night", "rooms": ["r09"]}, {"day": 0, "shift": "late", "rooms": ["r11"]}]}, {"id": "n011", "assignments": [{"day": 1, "shift": "late", "rooms": ["r12", "r13", "r14", "r15", "r16"]}, {"day": 2, "shift": "late", "rooms": ["r05", "r06"]}, {"day": 3, "shift": "night", "rooms": ["r14", "r15", "r16", "r17", "r18", "r19", "r20"]}, {"day": 4, "shift": "night", "rooms": ["r07", "r08", "r09", "r10"]}, {"day": 5, "shift": "night", "rooms": ["r13", "r14", "r15"]}, {"day": 7, "shift": "night", "rooms": ["r13", "r14", "r15", "r16", "r17", "r18", "r19", "r20"]}, {"day": 8, "shift": "night", "rooms": ["r16", "r17", "r18", "r19", "r20"]}, {"day": 12, "shift": "night", "rooms": ["r19", "r20", "r14", "r09", "r07", "r12", "r17", "r06", "r18", "r16", "r15", "r13", "r10", "r08"]}, {"day": 6, "shift": "night", "rooms": ["r07"]}]}, {"id": "n012", "assignments": [{"day": 0, "shift": "night", "rooms": ["r13", "r14", "r15", "r16", "r17", "r18", "r19", "r20"]}, {"day": 2, "shift": "late", "rooms": ["r07", "r08", "r09"]}, {"day": 3, "shift": "late", "rooms": ["r06", "r07", "r08"]}, {"day": 4, "shift": "late", "rooms": ["r09", "r10", "r11"]}, {"day": 6, "shift": "early", "rooms": ["r12", "r13"]}, {"day": 7, "shift": "late", "rooms": ["r08", "r09", "r10", "r11", "r12", "r13"]}, {"day": 10, "shift": "early", "rooms": ["r01", "r02", "r03"]}]}, {"id": "n013", "assignments": [{"day": 3, "shift": "early", "rooms": ["r05"]}, {"day": 4, "shift": "late", "rooms": ["r12", "r13", "r14"]}, {"day": 5, "shift": "late", "rooms": ["r06", "r07", "r08", "r09", "r10"]}, {"day": 6, "shift": "late", "rooms": ["r03", "r04", "r05"]}, {"day": 7, "shift": "late", "rooms": ["r16", "r18", "r19", "r15", "r17", "r14"]}, {"day": 8, "shift": "late", "rooms": ["r08", "r09", "r10"]}, {"day": 10, "shift": "late", "rooms": ["r17"]}, {"day": 13, "shift": "early", "rooms": ["r05"]}, {"day": 11, "shift": "night", "rooms": ["r09"]}]}, {"id": "n014", "assignments": [{"day": 0, "shift": "early", "rooms": ["r00", "r01", "r02"]}, {"day": 1, "shift": "early", "rooms": ["r00", "r01"]}, {"day": 2, "shift": "early", "rooms": ["r00", "r01"]}, {"day": 3, "shift": "early", "rooms": ["r06", "r07"]}, {"day": 4, "shift": "early", "rooms": ["r07", "r08", "r09"]}, {"day": 5, "shift": "early", "rooms": ["r14", "r15"]}, {"day": 6, "shift": "early", "rooms": ["r14", "r15"]}, {"day": 7, "shift": "early", "rooms": ["r09", "r10", "r11", "r12", "r13", "r14"]}, {"day": 8, "shift": "early", "rooms": ["r04", "r05", "r06"]}]}, {"id": "n015", "assignments": [{"day": 2, "shift": "early", "rooms": ["r02", "r03"]}, {"day": 3, "shift": "early", "rooms": ["r08", "r09"]}, {"day": 4, "shift": "early", "rooms": ["r10", "r11", "r12"]}, {"day": 5, "shift": "early", "rooms": ["r16", "r17", "r18", "r19", "r20"]}, {"day": 6, "shift": "late", "rooms": ["r06", "r07", "r08", "r09"]}, {"day": 0, "shift": "night", "rooms": ["r09"]}, {"day": 13, "shift": "late", "rooms": ["r07"]}]}, {"id": "n016", "assignments": [{"day": 0, "shift": "early", "rooms": ["r03", "r04", "r05", "r06", "r07"]}, {"day": 1, "shift": "early", "rooms": ["r02", "r03"]}, {"day": 2, "shift": "late", "rooms": ["r10", "r11"]}, {"day": 3, "shift": "late", "rooms": ["r09", "r10", "r11", "r12"]}, {"day": 4, "shift": "late", "rooms": ["r15", "r16", "r17", "r18"]}, {"day": 5, "shift": "late", "rooms": ["r11", "r12", "r13"]}, {"day": 6, "shift": "late", "rooms": ["r10", "r11", "r12", "r13", "r14"]}, {"day": 9, "shift": "late", "rooms": ["r13"]}]}, {"id": "n017", "assignments": [{"day": 3, "shift": "early", "rooms": ["r10", "r11"]}, {"day": 4, "shift": "early", "rooms": ["r13", "r14"]}, {"day": 6, "shift": "late", "rooms": ["r15", "r16"]}, {"day": 8, "shift": "late", "rooms": ["r11", "r12", "r13", "r14", "r15", "r16"]}, {"day": 10, "shift": "late", "rooms": ["r06"]}]}, {"id": "n018", "assignments": [{"day": 2, "shift": "early", "rooms": ["r04", "r05"]}, {"day": 3, "shift": "early", "rooms": ["r12", "r13"]}, {"day": 4, "shift": "night", "rooms": ["r11", "r12", "r13"]}, {"day": 6, "shift": "early", "rooms": ["r16", "r17", "r18", "r19", "r20"]}, {"day": 7, "shift": "early", "rooms": ["r15", "r16"]}, {"day": 8, "shift": "late", "rooms": ["r17", "r18", "r19", "r20"]}, {"day": 0, "shift": "night", "rooms": ["r11"]}, {"day": 10, "shift": "late", "rooms": ["r17"]}]}, {"id": "n019", "assignments": [{"day": 2, "shift": "early", "rooms": ["r06", "r07", "r08"]}, {"day": 3, "shift": "late", "rooms": ["r13"]}, {"day": 5, "shift": "late", "rooms": ["r14", "r15"]}, {"day": 6, "shift": "late", "rooms": ["r17", "r18", "r14", "r20", "r19"]}, {"day": 10, "shift": "early", "rooms": ["r04", "r05"]}, {"day": 12, "shift": "night", "rooms": ["r05"]}, {"day": 11, "shift": "night", "rooms": ["r10", "r15"]}, {"day": 0, "shift": "night", "rooms": ["r07"]}, {"day": 8, "shift": "late", "rooms": ["r12"]}]}, {"id": "n020", "assignments": [{"day": 0, "shift": "early", "rooms": ["r08", "r09", "r10"]}, {"day": 1, "shift": "late", "rooms": ["r20", "r18", "r17"]}, {"day": 2, "shift": "late", "rooms": ["r12", "r13", "r14", "r15", "r16", "r17"]}, {"day": 4, "shift": "night", "rooms": ["r14", "r15"]}, {"day": 3, "shift": "night", "rooms": ["r17"]}]}, {"id": "n021", "assignments": [{"day": 0, "shift": "early", "rooms": ["r11", "r12", "r13", "r14"]}, {"day": 1, "shift": "early", "rooms": ["r04", "r05", "r06"]}, {"day": 2, "shift": "late", "rooms": ["r18", "r19", "r20"]}, {"day": 3, "shift": "late", "rooms": ["r14", "r15", "r16", "r17", "r18"]}, {"day": 4, "shift": "late", "rooms": ["r19", "r20"]}, {"day": 5, "shift": "night", "rooms": ["r16", "r17", "r18", "r19", "r20"]}, {"day": 7, "shift": "early", "rooms": ["r17", "r18", "r19", "r20"]}, {"day": 8, "shift": "early", "rooms": ["r07", "r08", "r09", "r10", "r11", "r12", "r13", "r14", "r15"]}, {"day": 10, "shift": "night", "rooms": ["r15"]}]}, {"id": "n022", "assignments": [{"day": 0, "shift": "early", "rooms": ["r15", "r16", "r17", "r18"]}, {"day": 1, "shift": "early", "rooms": ["r07", "r08"]}, {"day": 2, "shift": "early", "rooms": ["r09", "r10"]}, {"day": 3, "shift": "early", "rooms": ["r14", "r15", "r16"]}, {"day": 4, "shift": "early", "rooms": ["r15", "r16"]}, {"day": 5, "shift": "late", "rooms": ["r16", "r17", "r18", "r19", "r20"]}]}, {"id": "n023", "assignments": [{"day": 0, "shift": "early", "rooms": ["r19", "r20"]}, {"day": 1, "shift": "early", "rooms": ["r09", "r10", "r11"]}, {"day": 3, "shift": "late", "rooms": ["r19", "r20"]}, {"day": 8, "shift": "early", "rooms": ["r16", "r17", "r18", "r19", "r20"]}, {"day": 9, "shift": "early", "rooms": ["r08", "r09", "r10", "r11", "r12", "r13", "r14", "r15", "r16", "r17", "r18", "r19", "r20"]}, {"day": 10, "shift": "night", "rooms": ["r13", "r14"]}]}, {"id": "n024", "assignments": [{"day": 4, "shift": "early", "rooms": ["r17", "r18", "r19", "r20"]}, {"day": 13, "shift": "late", "rooms": ["r05"]}, {"day": 1, "shift": "late", "rooms": ["r18"]}, {"day": 9, "shift": "late", "rooms": ["r11"]}]}, {"id": "n025", "assignments": [{"day": 1, "shift": "early", "rooms": ["r12", "r13", "r14"]}, {"day": 2, "shift": "early", "rooms": ["r11", "r12"]}, {"day": 10, "shift": "early", "rooms": ["r06", "r07", "r08", "r09", "r10", "r11", "r12", "r13", "r14", "r15", "r16", "r17", "r18", "r19", "r20"]}, {"day": 11, "shift": "early", "rooms": ["r05", "r06", "r07", "r08", "r09"]}, {"day": 7, "shift": "late", "rooms": ["r20"]}]}, {"id": "n026", "assignments": [{"day": 1, "shift": "early", "rooms": ["r15", "r16", "r17", "r18"]}, {"day": 4, "shift": "night", "rooms": ["r16", "r17", "r18", "r19", "r20"]}, {"day": 5, "shift": "night", "rooms": ["r16"]}, {"day": 0, "shift": "early", "rooms": ["r18"]}, {"day": 6, "shift": "night", "rooms": ["r19"]}]}, {"id": "n027", "assignments": [{"day": 2, "shift": "early", "rooms": ["r13", "r14", "r15", "r16", "r17", "r18", "r19", "r20"]}, {"day": 3, "shift": "early", "rooms": ["r17", "r18", "r19", "r20"]}, {"day": 11, "shift": "early", "rooms": ["r10", "r11", "r12", "r13", "r14", "r15", "r16", "r17", "r18", "r19", "r20"]}, {"day": 0, "shift": "early", "rooms": ["r13"]}]}, {"id": "n029", "assignments": [{"day": 1, "shift": "early", "rooms": ["r19", "r20"]}]}], "room_allocation": {"(0, 'r00')": [["a19", "A", "elderly"], ["a29", "A", "elderly"]], "(0, 'r01')": [["a35", "A", "elderly"]], "(0, 'r02')": [["a02", "B", "elderly"], ["a27", "B", "elderly"], ["p028", "B", "elderly"]], "(0, 'r03')": [["a05", "B", "elderly"], ["a22", "B", "elderly"]], "(0, 'r04')": [["a07", "B", "elderly"], ["a08", "B", "infant"]], "(0, 'r05')": [["a10", "A", "elderly"], ["a25", "A", "elderly"]], "(0, 'r06')": [["a09", "B", "elderly"]], "(0, 'r07')": [["a12", "B", "adult"]], "(0, 'r08')": [["a33", "B", "adult"]], "(0, 'r09')": [["a11", "B", "elderly"], ["a20", "B", "elderly"], ["a34", "B", "elderly"]], "(0, 'r10')": [["a03", "B", "elderly"]], "(0, 'r11')": [["a18", "A", "elderly"], ["a21", "A", "elderly"]], "(0, 'r12')": [["a00", "A", "elderly"], ["a28", "A", "adult"]], "(0, 'r13')": [["a04", "B", "elderly"], ["a14", "B", "elderly"], ["a31", "B", "infant"]], "(0, 'r14')": [["a13", "B", "elderly"], ["a32", "B", "adult"]], "(0, 'r15')": [["a16", "B", "infant"], ["a17", "B", "elderly"]], "(0, 'r16')": [["a01", "A", "elderly"]], "(0, 'r17')": [["a06", "B", "elderly"], ["a24", "B", "elderly"]], "(0, 'r18')": [["a15", "B", "elderly"], ["a30", "B", "elderly"]], "(0, 'r19')": [["a23", "A", "elderly"], ["a26", "A", "adult"]], "(0, 'r20')": [["p015", "A", "elderly"]], "(1, 'r00')": [["a19", "A", "elderly"], ["a29", "A", "elderly"], ["p024", "A", "elderly"]], "(1, 'r01')": [["a35", "A", "elderly"], ["p001", "A", "elderly"]], "(1, 'r02')": [["a02", "B", "elderly"], ["a27", "B", "elderly"], ["p028", "B", "elderly"]], "(1, 'r03')": [["p047", "B", "elderly"], ["p042", "B", "elderly"]], "(1, 'r04')": [["a07", "B", "elderly"], ["a08", "B", "infant"]], "(1, 'r05')": [["a25", "A", "elderly"], ["p005", "A", "elderly"], ["p046", "A", "adult"]], "(1, 'r06')": [["a09", "B", "elderly"], ["p061", "B", "elderly"], ["p066", "B", "elderly"]], "(1, 'r07')": [["a12", "B", "adult"], ["p045", "B", "elderly"]], "(1, 'r08')": [["a33", "B", "adult"], ["p051", "B", "adult"]], "(1, 'r09')": [["a34", "B", "elderly"]], "(1, 'r10')": [["a03", "B", "elderly"]], "(1, 'r11')": [["a18", "A", "elderly"], ["p048", "A", "elderly"]], "(1, 'r12')": [["a28", "A", "adult"], ["p070", "A", "adult"]], "(1, 'r13')": [["a14", "B", "elderly"]], "(1, 'r14')": [["a13", "B", "elderly"], ["a32", "B", "adult"]], "(1, 'r15')": [], "(1, 'r16')": [["a01", "A", "elderly"]], "(1, 'r17')": [["a06", "B", "elderly"], ["p000", "B", "elderly"]], "(1, 'r18')": [["a15", "B", "elderly"], ["a30", "B", "elderly"]], "(1, 'r19')": [], "(1, 'r20')": [["p015", "A", "elderly"], ["p002", "A", "elderly"]], "(2, 'r00')": [["p024", "A", "elderly"], ["p107", "A", "elderly"], ["p041", "A", "elderly"]], "(2, 'r01')": [["p001", "A", "elderly"], ["p109", "A", "elderly"]], "(2, 'r02')": [["a27", "B", "elderly"], ["p028", "B", "elderly"]], "(2, 'r03')": [["p047", "B", "elderly"], ["p042", "B", "elderly"]], "(2, 'r04')": [["a07", "B", "elderly"], ["a08", "B", "infant"]], "(2, 'r05')": [["a25", "A", "elderly"], ["p005", "A", "elderly"], ["p046", "A", "adult"]], "(2, 'r06')": [["a09", "B", "elderly"], ["p061", "B", "elderly"], ["p066", "B", "elderly"]], "(2, 'r07')": [["a12", "B", "adult"], ["p045", "B", "elderly"]], "(2, 'r08')": [["p051", "B", "adult"], ["p067", "B", "elderly"]], "(2, 'r09')": [["a34", "B", "elderly"], ["p088", "B", "elderly"], ["p023", "B", "adult"]], "(2, 'r10')": [["p102", "B", "elderly"]], "(2, 'r11')": [["a18", "A", "elderly"], ["p048", "A", "elderly"]], "(2, 'r12')": [["a28", "A", "adult"], ["p070", "A", "adult"], ["p110", "A", "elderly"]], "(2, 'r13')": [["a14", "B", "elderly"]], "(2, 'r14')": [], "(2, 'r15')": [], "(2, 'r16')": [], "(2, 'r17')": [["a06", "B", "elderly"], ["p000", "B", "elderly"], ["p103", "B", "adult"]], "(2, 'r18')": [["a15", "B", "elderly"], ["a30", "B", "elderly"]], "(2, 'r19')": [], "(2, 'r20')": [["p015", "A", "elderly"], ["p002", "A", "elderly"]], "(3, 'r00')": [["p024", "A", "elderly"], ["p107", "A", "elderly"], ["p041", "A", "elderly"], ["p090", "A", "elderly"]], "(3, 'r01')": [["p001", "A", "elderly"], ["p109", "A", "elderly"]], "(3, 'r02')": [["a27", "B", "elderly"], ["p125", "B", "elderly"]], "(3, 'r03')": [["p047", "B", "elderly"], ["p042", "B", "elderly"]], "(3, 'r04')": [["a07", "B", "elderly"], ["p127", "B", "elderly"]], "(3, 'r05')": [["a25", "A", "elderly"], ["p005", "A", "elderly"], ["p046", "A", "adult"], ["p084", "A", "elderly"]], "(3, 'r06')": [["p061", "B", "elderly"], ["p066", "B", "elderly"], ["p069", "B", "elderly"]], "(3, 'r07')": [["a12", "B", "adult"], ["p045", "B", "elderly"]], "(3, 'r08')": [["p067", "B", "elderly"], ["p013", "B", "adult"]], "(3, 'r09')": [["a34", "B", "elderly"], ["p088", "B", "elderly"], ["p023", "B", "adult"]], "(3, 'r10')": [["p102", "B", "elderly"], ["p092", "B", "elderly"]], "(3, 'r11')": [["a18", "A", "elderly"], ["p048", "A", "elderly"]], "(3, 'r12')": [["a28", "A", "adult"], ["p070", "A", "adult"], ["p110", "A", "elderly"]], "(3, 'r13')": [["p031", "A", "elderly"], ["p049", "A", "elderly"], ["p089", "A", "elderly"]], "(3, 'r14')": [["p068", "A", "elderly"], ["p077", "A", "elderly"], ["p081", "A", "elderly"]], "(3, 'r15')": [["p025", "A", "elderly"]], "(3, 'r16')": [["p063", "B", "elderly"]], "(3, 'r17')": [["p103", "B", "adult"]], "(3, 'r18')": [["a15", "B", "elderly"], ["p095", "B", "elderly"]], "(3, 'r19')": [["p056", "A", "elderly"]], "(3, 'r20')": [["p015", "A", "elderly"], ["p123", "A", "elderly"]], "(4, 'r00')": [["p024", "A", "elderly"], ["p107", "A", "elderly"], ["p041", "A", "elderly"], ["p090", "A", "elderly"]], "(4, 'r01')": [["p109", "A", "elderly"], ["p012", "A", "elderly"]], "(4, 'r02')": [["a27", "B", "elderly"], ["p125", "B", "elderly"], ["p003", "B", "elderly"]], "(4, 'r03')": [["p047", "B", "elderly"], ["p042", "B", "elderly"]], "(4, 'r04')": [["a07", "B", "elderly"], ["p127", "B", "elderly"]], "(4, 'r05')": [["a25", "A", "elderly"], ["p005", "A", "elderly"], ["p046", "A", "adult"], ["p084", "A", "elderly"]], "(4, 'r06')": [["p061", "B", "elderly"], ["p066", "B", "elderly"], ["p069", "B", "elderly"]], "(4, 'r07')": [["p045", "B", "elderly"], ["p020", "B", "elderly"]], "(4, 'r08')": [["p067", "B", "elderly"], ["p013", "B", "adult"]], "(4, 'r09')": [["a34", "B", "elderly"], ["p023", "B", "adult"], ["p043", "B", "elderly"]], "(4, 'r10')": [["p102", "B", "elderly"], ["p092", "B", "elderly"]], "(4, 'r11')": [["a18", "A", "elderly"], ["p048", "A", "elderly"]], "(4, 'r12')": [["a28", "A", "adult"], ["p110", "A", "elderly"], ["p079", "A", "elderly"]], "(4, 'r13')": [["p031", "A", "elderly"], ["p049", "A", "elderly"], ["p089", "A", "elderly"]], "(4, 'r14')": [["p068", "A", "elderly"], ["p077", "A", "elderly"], ["p081", "A", "elderly"]], "(4, 'r15')": [["p025", "A", "elderly"], ["p086", "A", "elderly"], ["p017", "A", "elderly"], ["p111", "A", "elderly"]], "(4, 'r16')": [["p063", "B", "elderly"], ["p052", "B", "elderly"]], "(4, 'r17')": [], "(4, 'r18')": [["a15", "B", "elderly"], ["p095", "B", "elderly"]], "(4, 'r19')": [["p056", "A", "elderly"], ["p035", "A", "adult"]], "(4, 'r20')": [["p015", "A", "elderly"], ["p123", "A", "elderly"]], "(5, 'r00')": [["p024", "A", "elderly"], ["p107", "A", "elderly"], ["p041", "A", "elderly"], ["p090", "A", "elderly"]], "(5, 'r01')": [["p109", "A", "elderly"], ["p012", "A", "elderly"]], "(5, 'r02')": [["a27", "B", "elderly"], ["p125", "B", "elderly"], ["p003", "B", "elderly"]], "(5, 'r03')": [["p047", "B", "elderly"], ["p042", "B", "elderly"]], "(5, 'r04')": [["p127", "B", "elderly"]], "(5, 'r05')": [["a25", "A", "elderly"], ["p005", "A", "elderly"], ["p046", "A", "adult"], ["p084", "A", "elderly"]], "(5, 'r06')": [["p061", "B", "elderly"], ["p069", "B", "elderly"]], "(5, 'r07')": [["p020", "B", "elderly"]], "(5, 'r08')": [["p067", "B", "elderly"], ["p013", "B", "adult"]], "(5, 'r09')": [["a34", "B", "elderly"], ["p043", "B", "elderly"]], "(5, 'r10')": [["p102", "B", "elderly"], ["p092", "B", "elderly"]], "(5, 'r11')": [["a18", "A", "elderly"]], "(5, 'r12')": [["p079", "A", "elderly"]], "(5, 'r13')": [["p031", "A", "elderly"], ["p049", "A", "elderly"], ["p089", "A", "elderly"]], "(5, 'r14')": [["p068", "A", "elderly"], ["p081", "A", "elderly"]], "(5, 'r15')": [["p025", "A", "elderly"], ["p086", "A", "elderly"], ["p017", "A", "elderly"], ["p111", "A", "elderly"]], "(5, 'r16')": [["p063", "B", "elderly"], ["p052", "B", "elderly"]], "(5, 'r17')": [], "(5, 'r18')": [["a15", "B", "elderly"]], "(5, 'r19')": [["p035", "A", "adult"]], "(5, 'r20')": [["p015", "A", "elderly"]], "(6, 'r00')": [["p024", "A", "elderly"], ["p107", "A", "elderly"], ["p041", "A", "elderly"], ["p090", "A", "elderly"]], "(6, 'r01')": [["p109", "A", "elderly"], ["p012", "A", "elderly"]], "(6, 'r02')": [["p125", "B", "elderly"], ["p003", "B", "elderly"]], "(6, 'r03')": [["p042", "B", "elderly"]], "(6, 'r04')": [["p127", "B", "elderly"]], "(6, 'r05')": [["a25", "A", "elderly"], ["p005", "A", "elderly"], ["p046", "A", "adult"], ["p057", "A", "elderly"]], "(6, 'r06')": [["p061", "B", "elderly"]], "(6, 'r07')": [["p020", "B", "elderly"]], "(6, 'r08')": [["p013", "B", "adult"]], "(6, 'r09')": [["a34", "B", "elderly"], ["p043", "B", "elderly"]], "(6, 'r10')": [["p092", "B", "elderly"]], "(6, 'r11')": [["a18", "A", "elderly"]], "(6, 'r12')": [["p079", "A", "elderly"], ["p036", "A", "elderly"]], "(6, 'r13')": [["p031", "A", "elderly"], ["p049", "A", "elderly"]], "(6, 'r14')": [["p068", "A", "elderly"], ["p081", "A", "elderly"]], "(6, 'r15')": [["p086", "A", "elderly"], ["p017", "A", "elderly"], ["p111", "A", "elderly"]], "(6, 'r16')": [["p063", "B", "elderly"], ["p052", "B", "elderly"]], "(6, 'r17')": [], "(6, 'r18')": [["p062", "A", "elderly"]], "(6, 'r19')": [["p035", "A", "adult"]], "(6, 'r20')": [["p016", "A", "elderly"]], "(7, 'r00')": [["p107", "A", "elderly"], ["p041", "A", "elderly"], ["p132", "A", "elderly"]], "(7, 'r01')": [["p109", "A", "elderly"], ["p012", "A", "elderly"]], "(7, 'r02')": [["p125", "B", "elderly"], ["p003", "B", "elderly"], ["p010", "B", "elderly"], ["p083", "B", "elderly"]], "(7, 'r03')": [["p042", "B", "elderly"], ["p096", "B", "elderly"]], "(7, 'r04')": [["p127", "B", "elderly"]], "(7, 'r05')": [["p046", "A", "adult"], ["p130", "A", "elderly"], ["p118", "A", "elderly"], ["p057", "A", "elderly"]], "(7, 'r06')": [], "(7, 'r07')": [["p020", "B", "elderly"]], "(7, 'r08')": [["p013", "B", "adult"], ["p126", "B", "elderly"]], "(7, 'r09')": [["a34", "B", "elderly"]], "(7, 'r10')": [["p092", "B", "elderly"]], "(7, 'r11')": [["a18", "A", "elderly"], ["p033", "A", "elderly"]], "(7, 'r12')": [["p079", "A", "elderly"], ["p036", "A", "elderly"]], "(7, 'r13')": [["p049", "A", "elderly"]], "(7, 'r14')": [["p068", "A", "elderly"], ["p081", "A", "elderly"]], "(7, 'r15')": [["p086", "A", "elderly"], ["p017", "A", "elderly"], ["p111", "A", "elderly"], ["p137", "A", "elderly"]], "(7, 'r16')": [["p063", "B", "elderly"], ["p052", "B", "elderly"]], "(7, 'r17')": [["p034", "A", "adult"], ["p076", "A", "adult"]], "(7, 'r18')": [["p062", "A", "elderly"]], "(7, 'r19')": [], "(7, 'r20')": [["p016", "A", "elderly"], ["p093", "A", "elderly"]], "(8, 'r00')": [["p041", "A", "elderly"], ["p080", "A", "elderly"], ["p105", "A", "elderly"], ["p132", "A", "elderly"]], "(8, 'r01')": [["p109", "A", "elderly"], ["p012", "A", "elderly"]], "(8, 'r02')": [["p125", "B", "elderly"], ["p003", "B", "elderly"], ["p010", "B", "elderly"], ["p083", "B", "elderly"]], "(8, 'r03')": [["p042", "B", "elderly"], ["p096", "B", "elderly"]], "(8, 'r04')": [["p127", "B", "elderly"], ["p011", "B", "elderly"]], "(8, 'r05')": [["p130", "A", "elderly"], ["p118", "A", "elderly"], ["p057", "A", "elderly"]], "(8, 'r06')": [["p129", "B", "elderly"], ["p065", "B", "elderly"]], "(8, 'r07')": [["p094", "B", "adult"], ["p117", "B", "elderly"]], "(8, 'r08')": [["p013", "B", "adult"], ["p126", "B", "elderly"]], "(8, 'r09')": [], "(8, 'r10')": [["p092", "B", "elderly"]], "(8, 'r11')": [["p033", "A", "elderly"]], "(8, 'r12')": [["p036", "A", "elderly"]], "(8, 'r13')": [["p049", "A", "elderly"]], "(8, 'r14')": [["p081", "A", "elderly"], ["p106", "A", "adult"]], "(8, 'r15')": [["p086", "A", "elderly"], ["p017", "A", "elderly"], ["p137", "A", "elderly"]], "(8, 'r16')": [["p063", "B", "elderly"], ["p052", "B", "elderly"]], "(8, 'r17')": [["p008", "A", "adult"], ["p034", "A", "adult"], ["p053", "A", "adult"], ["p076", "A", "adult"]], "(8, 'r18')": [["p062", "A", "elderly"]], "(8, 'r19')": [], "(8, 'r20')": [["p093", "A", "elderly"]], "(9, 'r00')": [["p041", "A", "elderly"], ["p080", "A", "elderly"], ["p104", "A", "elderly"], ["p105", "A", "elderly"]], "(9, 'r01')": [["p109", "A", "elderly"], ["p012", "A", "elderly"]], "(9, 'r02')": [["p125", "B", "elderly"], ["p010", "B", "elderly"], ["p083", "B", "elderly"], ["p136", "B", "elderly"]], "(9, 'r03')": [["p042", "B", "elderly"], ["p096", "B", "elderly"]], "(9, 'r04')": [["p011", "B", "elderly"], ["p032", "B", "adult"]], "(9, 'r05')": [["p118", "A", "elderly"], ["p059", "A", "elderly"], ["p050", "A", "elderly"]], "(9, 'r06')": [["p129", "B", "elderly"], ["p065", "B", "elderly"]], "(9, 'r07')": [["p094", "B", "adult"], ["p117", "B", "elderly"]], "(9, 'r08')": [["p013", "B", "adult"], ["p072", "B", "adult"], ["p126", "B", "elderly"]], "(9, 'r09')": [["p074", "A", "elderly"], ["p100", "A", "adult"]], "(9, 'r10')": [], "(9, 'r11')": [["p033", "A", "elderly"]], "(9, 'r12')": [], "(9, 'r13')": [["p029", "A", "adult"]], "(9, 'r14')": [["p106", "A", "adult"]], "(9, 'r15')": [["p086", "A", "elderly"], ["p137", "A", "elderly"]], "(9, 'r16')": [["p063", "B", "elderly"], ["p052", "B", "elderly"]], "(9, 'r17')": [["p008", "A", "adult"], ["p034", "A", "adult"], ["p053", "A", "adult"], ["p076", "A", "adult"]], "(9, 'r18')": [], "(9, 'r19')": [], "(9, 'r20')": [["p093", "A", "elderly"]], "(10, 'r00')": [["p041", "A", "elderly"], ["p080", "A", "elderly"], ["p104", "A", "elderly"], ["p105", "A", "elderly"]], "(10, 'r01')": [["p109", "A", "elderly"], ["p012", "A", "elderly"]], "(10, 'r02')": [["p125", "B", "elderly"], ["p083", "B", "elderly"], ["p136", "B", "elderly"], ["p055", "B", "adult"]], "(10, 'r03')": [["p042", "B", "elderly"]], "(10, 'r04')": [["p011", "B", "elderly"], ["p032", "B", "adult"]], "(10, 'r05')": [["p118", "A", "elderly"], ["p059", "A", "elderly"], ["p050", "A", "elderly"], ["p114", "A", "elderly"]], "(10, 'r06')": [["p065", "B", "elderly"]], "(10, 'r07')": [["p030", "B", "elderly"], ["p117", "B", "elderly"]], "(10, 'r08')": [["p013", "B", "adult"], ["p072", "B", "adult"], ["p126", "B", "elderly"]], "(10, 'r09')": [["p074", "A", "elderly"], ["p100", "A", "adult"]], "(10, 'r10')": [], "(10, 'r11')": [], "(10, 'r12')": [], "(10, 'r13')": [["p029", "A", "adult"]], "(10, 'r14')": [["p106", "A", "adult"]], "(10, 'r15')": [["p086", "A", "elderly"], ["p085", "A", "elderly"], ["p137", "A", "elderly"]], "(10, 'r16')": [["p052", "B", "elderly"]], "(10, 'r17')": [["p034", "A", "adult"], ["p053", "A", "adult"], ["p076", "A", "adult"]], "(10, 'r18')": [], "(10, 'r19')": [["p073", "A", "elderly"]], "(10, 'r20')": [["p093", "A", "elderly"]], "(11, 'r00')": [["p082", "A", "adult"], ["p044", "A", "elderly"], ["p105", "A", "elderly"], ["p122", "A", "elderly"]], "(11, 'r01')": [["p109", "A", "elderly"], ["p012", "A", "elderly"]], "(11, 'r02')": [["p026", "B", "adult"], ["p083", "B", "elderly"], ["p055", "B", "adult"]], "(11, 'r03')": [["p042", "B", "elderly"], ["p014", "B", "elderly"], ["p040", "B", "elderly"]], "(11, 'r04')": [["p011", "B", "elderly"], ["p032", "B", "adult"]], "(11, 'r05')": [["p118", "A", "elderly"], ["p059", "A", "elderly"], ["p050", "A", "elderly"], ["p114", "A", "elderly"]], "(11, 'r06')": [], "(11, 'r07')": [["p030", "B", "elderly"], ["p117", "B", "elderly"]], "(11, 'r08')": [["p013", "B", "adult"], ["p126", "B", "elderly"]], "(11, 'r09')": [["p074", "A", "elderly"], ["p100", "A", "adult"]], "(11, 'r10')": [["p054", "A", "elderly"]], "(11, 'r11')": [], "(11, 'r12')": [["p097", "B", "elderly"], ["p022", "B", "elderly"]], "(11, 'r13')": [["p121", "B", "adult"]], "(11, 'r14')": [], "(11, 'r15')": [["p086", "A", "elderly"], ["p085", "A", "elderly"], ["p137", "A", "elderly"]], "(11, 'r16')": [["p052", "B", "elderly"], ["p038", "B", "elderly"]], "(11, 'r17')": [["p098", "A", "elderly"], ["p053", "A", "adult"], ["p099", "A", "elderly"]], "(11, 'r18')": [], "(11, 'r19')": [["p073", "A", "elderly"], ["p120", "A", "elderly"]], "(11, 'r20')": [["p004", "A", "elderly"]], "(12, 'r00')": [["p082", "A", "adult"], ["p044", "A", "elderly"], ["p122", "A", "elderly"]], "(12, 'r01')": [], "(12, 'r02')": [["p026", "B", "adult"], ["p083", "B", "elderly"], ["p055", "B", "adult"]], "(12, 'r03')": [["p014", "B", "elderly"], ["p040", "B", "elderly"]], "(12, 'r04')": [["p032", "B", "adult"]], "(12, 'r05')": [["p059", "A", "elderly"], ["p114", "A", "elderly"]], "(12, 'r06')": [], "(12, 'r07')": [], "(12, 'r08')": [["p013", "B", "adult"], ["p126", "B", "elderly"]], "(12, 'r09')": [["p074", "A", "elderly"], ["p100", "A", "adult"]], "(12, 'r10')": [["p054", "A", "elderly"]], "(12, 'r11')": [], "(12, 'r12')": [["p097", "B", "elderly"], ["p022", "B", "elderly"]], "(12, 'r13')": [["p121", "B", "adult"]], "(12, 'r14')": [], "(12, 'r15')": [["p085", "A", "elderly"]], "(12, 'r16')": [["p038", "B", "elderly"]], "(12, 'r17')": [["p098", "A", "elderly"], ["p099", "A", "elderly"]], "(12, 'r18')": [], "(12, 'r19')": [["p073", "A", "elderly"], ["p120", "A", "elderly"]], "(12, 'r20')": [["p004", "A", "elderly"]], "(13, 'r00')": [["p082", "A", "adult"], ["p044", "A", "elderly"], ["p122", "A", "elderly"]], "(13, 'r01')": [["p112", "B", "adult"]], "(13, 'r02')": [["p026", "B", "adult"], ["p055", "B", "adult"], ["p019", "B", "elderly"], ["p108", "B", "elderly"]], "(13, 'r03')": [["p014", "B", "elderly"]], "(13, 'r04')": [["p119", "B", "elderly"]], "(13, 'r05')": [["p007", "A", "elderly"]], "(13, 'r06')": [], "(13, 'r07')": [["p087", "A", "elderly"]], "(13, 'r08')": [], "(13, 'r09')": [["p074", "A", "elderly"], ["p100", "A", "adult"]], "(13, 'r10')": [["p054", "A", "elderly"]], "(13, 'r11')": [["p021", "B", "elderly"]], "(13, 'r12')": [["p097", "B", "elderly"], ["p022", "B", "elderly"], ["p037", "B", "elderly"]], "(13, 'r13')": [["p121", "B", "adult"]], "(13, 'r14')": [["p064", "B", "adult"]], "(13, 'r15')": [["p134", "B", "elderly"], ["p135", "B", "elderly"]], "(13, 'r16')": [["p124", "B", "elderly"], ["p038", "B", "elderly"]], "(13, 'r17')": [["p098", "A", "elderly"], ["p099", "A", "elderly"]], "(13, 'r18')": [["p116", "A", "elderly"]], "(13, 'r19')": [["p073", "A", "elderly"], ["p120", "A", "elderly"]], "(13, 'r20')": [["p004", "A", "elderly"]]}, "theater_allocation": {"(0, 't0')": 480, "(0, 't1')": 600, "(0, 't2')": 600, "(0, 't3')": 120, "(1, 't0')": 720, "(1, 't1')": 600, "(1, 't2')": 720, "(1, 't3')": -570, "(2, 't0')": 720, "(2, 't1')": 720, "(2, 't2')": 600, "(2, 't3')": -120, "(3, 't0')": 720, "(3, 't1')": 600, "(3, 't2')": 600, "(3, 't3')": -810, "(4, 't0')": 600, "(4, 't1')": 0, "(4, 't2')": 600, "(4, 't3')": -570, "(5, 't0')": 0, "(5, 't1')": 0, "(5, 't2')": 480, "(5, 't3')": 600, "(6, 't0')": 0, "(6, 't1')": 0, "(6, 't2')": 480, "(6, 't3')": 30, "(7, 't0')": 600, "(7, 't1')": 600, "(7, 't2')": 720, "(7, 't3')": -720, "(8, 't0')": 600, "(8, 't1')": 600, "(8, 't2')": 600, "(8, 't3')": -570, "(9, 't0')": 600, "(9, 't1')": 720, "(9, 't2')": 720, "(9, 't3')": -330, "(10, 't0')": 0, "(10, 't1')": 600, "(10, 't2')": 480, "(10, 't3')": 30, "(11, 't0')": 600, "(11, 't1')": 720, "(11, 't2')": 720, "(11, 't3')": -570, "(12, 't0')": 600, "(12, 't1')": 0, "(12, 't2')": 480, "(12, 't3')": 480, "(13, 't0')": 600, "(13, 't1')": 720, "(13, 't2')": 720, "(13, 't3')": -570}, "surgeon_allocation": {"(0, 's0')": 0, "(0, 's1')": 0, "(0, 's2')": 0, "(1, 's0')": 90, "(1, 's1')": 60, "(1, 's2')": 0, "(2, 's0')": 0, "(2, 's1')": 0, "(2, 's2')": 0, "(3, 's0')": 0, "(3, 's1')": 0, "(3, 's2')": 30, "(4, 's0')": 0, "(4, 's1')": 30, "(4, 's2')": 0, "(5, 's0')": 0, "(5, 's1')": 0, "(5, 's2')": 0, "(6, 's0')": 150, "(6, 's1')": 0, "(6, 's2')": 0, "(7, 's0')": 60, "(7, 's1')": 30, "(7, 's2')": 30, "(8, 's0')": 0, "(8, 's1')": 360, "(8, 's2')": 30, "(9, 's0')": 0, "(9, 's1')": 0, "(9, 's2')": 30, "(10, 's0')": 0, "(10, 's1')": 0, "(10, 's2')": 30, "(11, 's0')": 0, "(11, 's1')": 30, "(11, 's2')": 0, "(12, 's0')": 0, "(12, 's1')": 0, "(12, 's2')": 0, "(13, 's0')": 30, "(13, 's1')": 0, "(13, 's2')": 0}, "operator": "['change_patient_room']"}