{"patients": [{"id": "p002", "admission_day": 1, "room": "r4", "operating_theater": "t0"}, {"id": "p013", "admission_day": 1, "room": "r6", "operating_theater": "t0"}, {"id": "p022", "admission_day": 1, "room": "r6", "operating_theater": "t0"}, {"id": "p011", "admission_day": 1, "room": "r0", "operating_theater": "t0"}, {"id": "p046", "admission_day": 2, "room": "r5", "operating_theater": "t0"}, {"id": "p031", "admission_day": 2, "room": "r4", "operating_theater": "t0"}, {"id": "p008", "admission_day": 2, "room": "r3", "operating_theater": "t0"}, {"id": "p015", "admission_day": 3, "room": "r0", "operating_theater": "t0"}, {"id": "p018", "admission_day": 3, "room": "r4", "operating_theater": "t0"}, {"id": "p034", "admission_day": 3, "room": "r5", "operating_theater": "t0"}, {"id": "p035", "admission_day": 3, "room": "r6", "operating_theater": "t0"}, {"id": "p067", "admission_day": 7, "room": "r3", "operating_theater": "t0"}, {"id": "p019", "admission_day": 7, "room": "r2", "operating_theater": "t0"}, {"id": "p032", "admission_day": 7, "room": "r4", "operating_theater": "t0"}, {"id": "p012", "admission_day": 8, "room": "r5", "operating_theater": "t0"}, {"id": "p049", "admission_day": 8, "room": "r1", "operating_theater": "t0"}, {"id": "p092", "admission_day": 8, "room": "r1", "operating_theater": "t0"}, {"id": "p024", "admission_day": 9, "room": "r3", "operating_theater": "t0"}, {"id": "p068", "admission_day": 9, "room": "r5", "operating_theater": "t0"}, {"id": "p085", "admission_day": 13, "room": "r3", "operating_theater": "t1"}, {"id": "p009", "admission_day": 13, "room": "r2", "operating_theater": "t1"}, {"id": "p057", "admission_day": 14, "room": "r4", "operating_theater": "t0"}, {"id": "p060", "admission_day": 14, "room": "r4", "operating_theater": "t0"}, {"id": "p103", "admission_day": 14, "room": "r0", "operating_theater": "t0"}, {"id": "p050", "admission_day": 15, "room": "r6", "operating_theater": "t1"}, {"id": "p094", "admission_day": 16, "room": "r4", "operating_theater": "t0"}, {"id": "p063", "admission_day": 16, "room": "r0", "operating_theater": "t0"}, {"id": "p099", "admission_day": 19, "room": "r4", "operating_theater": "t0"}, {"id": "p000", "admission_day": "none"}, {"id": "p003", "admission_day": "none"}, {"id": "p004", "admission_day": "none"}, {"id": "p005", "admission_day": "none"}, {"id": "p006", "admission_day": "none"}, {"id": "p007", "admission_day": "none"}, {"id": "p010", "admission_day": "none"}, {"id": "p014", "admission_day": "none"}, {"id": "p016", "admission_day": "none"}, {"id": "p017", "admission_day": "none"}, {"id": "p020", "admission_day": "none"}, {"id": "p021", "admission_day": "none"}, {"id": "p023", "admission_day": "none"}, {"id": "p025", "admission_day": "none"}, {"id": "p026", "admission_day": "none"}, {"id": "p027", "admission_day": "none"}, {"id": "p028", "admission_day": "none"}, {"id": "p029", "admission_day": "none"}, {"id": "p030", "admission_day": "none"}, {"id": "p036", "admission_day": 19, "room": "r6", "operating_theater": "t0"}, {"id": "p038", "admission_day": "none"}, {"id": "p039", "admission_day": "none"}, {"id": "p040", "admission_day": "none"}, {"id": "p041", "admission_day": 19, "room": "r6", "operating_theater": "t0"}, {"id": "p042", "admission_day": "none"}, {"id": "p043", "admission_day": "none"}, {"id": "p045", "admission_day": "none"}, {"id": "p047", "admission_day": 18, "room": "r2", "operating_theater": "t1"}, {"id": "p048", "admission_day": "none"}, {"id": "p051", "admission_day": "none"}, {"id": "p052", "admission_day": "none"}, {"id": "p053", "admission_day": 16, "room": "r3", "operating_theater": "t0"}, {"id": "p054", "admission_day": "none"}, {"id": "p056", "admission_day": "none"}, {"id": "p058", "admission_day": "none"}, {"id": "p059", "admission_day": "none"}, {"id": "p061", "admission_day": "none"}, {"id": "p062", "admission_day": "none"}, {"id": "p064", "admission_day": "none"}, {"id": "p065", "admission_day": "none"}, {"id": "p066", "admission_day": 18, "room": "r5", "operating_theater": "t1"}, {"id": "p069", "admission_day": "none"}, {"id": "p070", "admission_day": "none"}, {"id": "p071", "admission_day": "none"}, {"id": "p072", "admission_day": 19, "room": "r4", "operating_theater": "t0"}, {"id": "p073", "admission_day": "none"}, {"id": "p074", "admission_day": "none"}, {"id": "p075", "admission_day": "none"}, {"id": "p076", "admission_day": "none"}, {"id": "p077", "admission_day": "none"}, {"id": "p078", "admission_day": "none"}, {"id": "p079", "admission_day": "none"}, {"id": "p080", "admission_day": "none"}, {"id": "p081", "admission_day": "none"}, {"id": "p082", "admission_day": "none"}, {"id": "p083", "admission_day": "none"}, {"id": "p084", "admission_day": "none"}, {"id": "p086", "admission_day": "none"}, {"id": "p087", "admission_day": "none"}, {"id": "p088", "admission_day": "none"}, {"id": "p089", "admission_day": "none"}, {"id": "p090", "admission_day": "none"}, {"id": "p091", "admission_day": "none"}, {"id": "p093", "admission_day": "none"}, {"id": "p095", "admission_day": "none"}, {"id": "p096", "admission_day": "none"}, {"id": "p097", "admission_day": "none"}, {"id": "p098", "admission_day": 18, "room": "r5", "operating_theater": "t1"}, {"id": "p100", "admission_day": "none"}, {"id": "p101", "admission_day": "none"}, {"id": "p102", "admission_day": "none"}, {"id": "p104", "admission_day": "none"}], "nurses": [{"id": "n000", "assignments": [{"day": 0, "shift": "late", "rooms": ["r0", "r1", "r2"]}, {"day": 1, "shift": "late", "rooms": ["r0", "r1", "r2", "r3"]}, {"day": 2, "shift": "late", "rooms": ["r0"]}, {"day": 3, "shift": "late", "rooms": ["r0", "r1"]}, {"day": 4, "shift": "late", "rooms": ["r0", "r1", "r2"]}, {"day": 5, "shift": "late", "rooms": ["r0", "r1", "r2", "r3", "r4"]}, {"day": 6, "shift": "late", "rooms": ["r0", "r1", "r2", "r3", "r4", "r5", "r6"]}, {"day": 7, "shift": "late", "rooms": ["r0", "r1", "r2", "r3", "r4", "r5", "r6"]}, {"day": 8, "shift": "late", "rooms": ["r0", "r1", "r2", "r3", "r4"]}, {"day": 9, "shift": "late", "rooms": ["r0", "r1", "r2", "r3", "r4"]}, {"day": 10, "shift": "late", "rooms": ["r0", "r1", "r2", "r3", "r4"]}, {"day": 11, "shift": "late", "rooms": ["r0", "r1", "r2", "r3", "r4", "r5", "r6"]}, {"day": 13, "shift": "early", "rooms": ["r0", "r1", "r2"]}, {"day": 14, "shift": "early", "rooms": ["r0", "r1", "r2", "r3", "r4", "r5", "r6"]}, {"day": 15, "shift": "night", "rooms": ["r0", "r1", "r2", "r3", "r4", "r5", "r6"]}, {"day": 16, "shift": "night", "rooms": ["r0", "r1"]}, {"day": 18, "shift": "late", "rooms": ["r0", "r1", "r2", "r3", "r4", "r5", "r6"]}, {"day": 19, "shift": "night", "rooms": ["r0", "r1", "r2", "r3", "r4", "r5", "r6"]}, {"day": 20, "shift": "night", "rooms": ["r0", "r1", "r2", "r3", "r4", "r5", "r6"]}]}, {"id": "n001", "assignments": [{"day": 0, "shift": "night", "rooms": ["r0", "r1", "r2", "r3", "r4", "r5", "r6"]}, {"day": 1, "shift": "night", "rooms": ["r0", "r1", "r2", "r3", "r4", "r5"]}, {"day": 2, "shift": "night", "rooms": ["r0", "r1", "r2", "r3", "r4"]}, {"day": 3, "shift": "night", "rooms": ["r0", "r1", "r2", "r3", "r4"]}, {"day": 5, "shift": "early", "rooms": ["r0", "r1", "r2", "r3", "r4", "r5", "r6"]}, {"day": 6, "shift": "early", "rooms": ["r0", "r1", "r2", "r3", "r4", "r5", "r6"]}, {"day": 7, "shift": "early", "rooms": ["r0", "r1", "r2", "r3"]}, {"day": 9, "shift": "early", "rooms": ["r0", "r1", "r2", "r3"]}, {"day": 10, "shift": "late", "rooms": ["r5", "r6"]}, {"day": 11, "shift": "night", "rooms": ["r0", "r1", "r2", "r3", "r4", "r5", "r6"]}, {"day": 13, "shift": "early", "rooms": ["r3", "r4", "r5", "r6"]}, {"day": 14, "shift": "night", "rooms": ["r0", "r1", "r2", "r3", "r4", "r5", "r6"]}, {"day": 17, "shift": "early", "rooms": ["r0", "r1", "r2"]}, {"day": 18, "shift": "early", "rooms": ["r0", "r1", "r2", "r3"]}, {"day": 19, "shift": "early", "rooms": ["r4", "r6", "r3", "r1", "r0", "r2"]}, {"day": 20, "shift": "early", "rooms": ["r0", "r1", "r2", "r3", "r4", "r5", "r6"]}]}, {"id": "n002", "assignments": [{"day": 1, "shift": "early", "rooms": ["r0", "r1", "r2"]}, {"day": 2, "shift": "late", "rooms": ["r1", "r2", "r3"]}, {"day": 3, "shift": "late", "rooms": ["r2", "r3", "r4"]}, {"day": 4, "shift": "night", "rooms": ["r0", "r1", "r2", "r3", "r4"]}, {"day": 6, "shift": "night", "rooms": ["r0", "r1", "r2", "r3", "r4", "r5", "r6"]}, {"day": 8, "shift": "early", "rooms": ["r0", "r1"]}, {"day": 9, "shift": "early", "rooms": ["r4", "r5", "r6"]}, {"day": 12, "shift": "night", "rooms": ["r0", "r1", "r2", "r3", "r4", "r5", "r6"]}, {"day": 13, "shift": "night", "rooms": ["r0", "r1", "r2", "r3", "r4", "r5", "r6"]}, {"day": 16, "shift": "early", "rooms": ["r0", "r1", "r2"]}, {"day": 17, "shift": "late", "rooms": ["r0", "r2"]}, {"day": 18, "shift": "night", "rooms": ["r0", "r1", "r2", "r3", "r4", "r5", "r6"]}, {"day": 11, "shift": "late", "rooms": ["r5"]}]}, {"id": "n003", "assignments": [{"day": 0, "shift": "late", "rooms": ["r3", "r4", "r5", "r6"]}, {"day": 1, "shift": "late", "rooms": ["r4", "r5"]}, {"day": 2, "shift": "late", "rooms": ["r4", "r5", "r6"]}, {"day": 3, "shift": "night", "rooms": ["r5", "r6"]}, {"day": 4, "shift": "night", "rooms": ["r5", "r6"]}, {"day": 5, "shift": "night", "rooms": ["r0", "r1", "r2", "r3", "r4", "r5", "r6"]}, {"day": 8, "shift": "early", "rooms": ["r2", "r3"]}, {"day": 10, "shift": "night", "rooms": ["r0", "r1", "r2", "r3", "r4", "r5", "r6"]}, {"day": 12, "shift": "early", "rooms": ["r0", "r1", "r2", "r3", "r4", "r5", "r6"]}, {"day": 15, "shift": "early", "rooms": ["r0", "r1"]}, {"day": 16, "shift": "early", "rooms": ["r3", "r4", "r5", "r6"]}, {"day": 17, "shift": "night", "rooms": ["r0", "r1", "r2", "r3", "r4", "r5", "r6"]}, {"day": 20, "shift": "late", "rooms": ["r0", "r1", "r2", "r3", "r4", "r5", "r6"]}, {"day": 6, "shift": "night", "rooms": ["r2"]}, {"day": 9, "shift": "early", "rooms": ["r1"]}, {"day": 19, "shift": "early", "rooms": ["r2"]}]}, {"id": "n004", "assignments": [{"day": 1, "shift": "night", "rooms": ["r6"]}, {"day": 3, "shift": "early", "rooms": ["r0", "r1", "r2"]}, {"day": 4, "shift": "early", "rooms": ["r0", "r1", "r2"]}, {"day": 7, "shift": "night", "rooms": ["r0", "r1", "r2", "r3", "r4", "r5", "r6"]}, {"day": 8, "shift": "night", "rooms": ["r3", "r0", "r1", "r5", "r2"]}, {"day": 13, "shift": "late", "rooms": ["r0", "r1", "r2", "r3", "r4", "r5", "r6"]}, {"day": 14, "shift": "late", "rooms": ["r0", "r1", "r2"]}, {"day": 15, "shift": "late", "rooms": ["r0", "r1", "r2", "r3", "r4"]}, {"day": 16, "shift": "late", "rooms": ["r0", "r1", "r2"]}, {"day": 17, "shift": "late", "rooms": ["r3", "r4", "r5", "r6"]}, {"day": 6, "shift": "night", "rooms": ["r6"]}, {"day": 10, "shift": "night", "rooms": ["r4"]}, {"day": 5, "shift": "early", "rooms": ["r4"]}]}, {"id": "n005", "assignments": [{"day": 2, "shift": "night", "rooms": ["r5", "r6"]}, {"day": 4, "shift": "early", "rooms": ["r3", "r4", "r5", "r6"]}, {"day": 8, "shift": "night", "rooms": ["r6", "r4"]}, {"day": 10, "shift": "early", "rooms": ["r0", "r1", "r2", "r3", "r4"]}, {"day": 15, "shift": "early", "rooms": ["r2", "r3", "r4", "r5", "r6"]}, {"day": 17, "shift": "early", "rooms": ["r3", "r4", "r5", "r6"]}, {"day": 16, "shift": "early", "rooms": ["r2"]}, {"day": 5, "shift": "early", "rooms": ["r6"]}, {"day": 20, "shift": "early", "rooms": ["r5"]}]}, {"id": "n006", "assignments": [{"day": 2, "shift": "early", "rooms": ["r0", "r1", "r2"]}, {"day": 3, "shift": "early", "rooms": ["r3", "r4", "r5"]}, {"day": 8, "shift": "late", "rooms": ["r5", "r6"]}, {"day": 10, "shift": "early", "rooms": ["r5", "r6"]}, {"day": 16, "shift": "night", "rooms": ["r2", "r3", "r4", "r5", "r6"]}, {"day": 18, "shift": "early", "rooms": ["r4", "r5", "r6"]}, {"day": 19, "shift": "early", "rooms": ["r5"]}]}, {"id": "n007", "assignments": [{"day": 0, "shift": "early", "rooms": ["r2", "r0"]}, {"day": 1, "shift": "early", "rooms": ["r4", "r5"]}, {"day": 2, "shift": "early", "rooms": ["r3", "r4", "r5"]}, {"day": 3, "shift": "early", "rooms": ["r6"]}, {"day": 9, "shift": "night", "rooms": ["r0", "r1", "r2", "r3"]}, {"day": 11, "shift": "early", "rooms": ["r0", "r1", "r2", "r3", "r4", "r5", "r6"]}, {"day": 14, "shift": "late", "rooms": ["r3", "r4", "r5", "r6"]}, {"day": 13, "shift": "late", "rooms": ["r3"]}, {"day": 5, "shift": "early", "rooms": []}, {"day": 4, "shift": "early", "rooms": ["r3"]}]}, {"id": "n008", "assignments": [{"day": 1, "shift": "late", "rooms": ["r6"]}, {"day": 4, "shift": "late", "rooms": ["r3", "r4", "r5", "r6"]}, {"day": 5, "shift": "late", "rooms": ["r5"]}, {"day": 9, "shift": "late", "rooms": ["r5", "r6"]}, {"day": 16, "shift": "late", "rooms": ["r3", "r4", "r5", "r6"]}, {"day": 17, "shift": "late", "rooms": ["r4", "r3"]}, {"day": 18, "shift": "late", "rooms": ["r4"]}]}, {"id": "n009", "assignments": [{"day": 0, "shift": "early", "rooms": ["r3", "r4", "r5", "r6"]}, {"day": 1, "shift": "early", "rooms": ["r6", "r5", "r3"]}, {"day": 2, "shift": "early", "rooms": ["r6"]}, {"day": 3, "shift": "late", "rooms": ["r5", "r6"]}, {"day": 5, "shift": "late", "rooms": ["r6"]}, {"day": 7, "shift": "early", "rooms": ["r4", "r5", "r6"]}, {"day": 15, "shift": "late", "rooms": ["r5", "r6"]}, {"day": 14, "shift": "late", "rooms": ["r4"]}]}, {"id": "n010", "assignments": [{"day": 19, "shift": "late", "rooms": ["r1", "r4", "r2", "r5", "r3", "r0"]}, {"day": 20, "shift": "late", "rooms": ["r5"]}]}, {"id": "n011", "assignments": [{"day": 12, "shift": "late", "rooms": ["r2", "r3", "r4", "r5", "r1", "r0"]}, {"day": 14, "shift": "late", "rooms": ["r5", "r1"]}, {"day": 16, "shift": "late", "rooms": ["r0"]}, {"day": 19, "shift": "late", "rooms": ["r6"]}, {"day": 0, "shift": "early", "rooms": ["r1"]}, {"day": 10, "shift": "early", "rooms": ["r1"]}, {"day": 11, "shift": "early", "rooms": ["r5", "r1", "r3"]}]}, {"id": "n013", "assignments": [{"day": 8, "shift": "early", "rooms": ["r5", "r4"]}, {"day": 9, "shift": "night", "rooms": ["r4", "r5", "r0"]}]}], "room_allocation": {"(0, 'r0')": [["a02", "A", "elderly"]], "(0, 'r1')": [["a04", "A", "elderly"], ["a10", "A", "elderly"]], "(0, 'r2')": [["a00", "A", "elderly"], ["a03", "A", "adult"], ["a08", "A", "elderly"]], "(0, 'r3')": [["a11", "A", "elderly"]], "(0, 'r4')": [["a07", "A", "infant"], ["a09", "A", "adult"]], "(0, 'r5')": [["a01", "B", "adult"]], "(0, 'r6')": [["a05", "B", "adult"], ["a06", "B", "adult"]], "(1, 'r0')": [["a02", "A", "elderly"], ["p011", "A", "elderly"]], "(1, 'r1')": [["a10", "A", "elderly"]], "(1, 'r2')": [["a03", "A", "adult"], ["a08", "A", "elderly"]], "(1, 'r3')": [["a11", "A", "elderly"]], "(1, 'r4')": [["a07", "A", "infant"], ["a09", "A", "adult"], ["p002", "A", "adult"]], "(1, 'r5')": [["a01", "B", "adult"]], "(1, 'r6')": [["a06", "B", "adult"], ["p013", "B", "adult"], ["p022", "B", "elderly"]], "(2, 'r0')": [["a02", "A", "elderly"], ["p011", "A", "elderly"]], "(2, 'r1')": [["a10", "A", "elderly"]], "(2, 'r2')": [["a03", "A", "adult"], ["a08", "A", "elderly"]], "(2, 'r3')": [["a11", "A", "elderly"], ["p008", "A", "elderly"]], "(2, 'r4')": [["a07", "A", "infant"], ["a09", "A", "adult"], ["p002", "A", "adult"], ["p031", "A", "adult"]], "(2, 'r5')": [["p046", "B", "adult"]], "(2, 'r6')": [["p013", "B", "adult"], ["p022", "B", "elderly"]], "(3, 'r0')": [["p011", "A", "elderly"], ["p015", "A", "elderly"]], "(3, 'r1')": [["a10", "A", "elderly"]], "(3, 'r2')": [["a03", "A", "adult"], ["a08", "A", "elderly"]], "(3, 'r3')": [["a11", "A", "elderly"], ["p008", "A", "elderly"]], "(3, 'r4')": [["a07", "A", "infant"], ["p002", "A", "adult"], ["p031", "A", "adult"], ["p018", "A", "adult"]], "(3, 'r5')": [["p046", "B", "adult"], ["p034", "B", "elderly"]], "(3, 'r6')": [["p013", "B", "adult"], ["p022", "B", "elderly"], ["p035", "B", "elderly"]], "(4, 'r0')": [["p011", "A", "elderly"], ["p015", "A", "elderly"]], "(4, 'r1')": [], "(4, 'r2')": [["a03", "A", "adult"], ["a08", "A", "elderly"]], "(4, 'r3')": [["a11", "A", "elderly"], ["p008", "A", "elderly"]], "(4, 'r4')": [["p031", "A", "adult"], ["p018", "A", "adult"]], "(4, 'r5')": [["p046", "B", "adult"], ["p034", "B", "elderly"]], "(4, 'r6')": [["p013", "B", "adult"], ["p035", "B", "elderly"]], "(5, 'r0')": [["p015", "A", "elderly"]], "(5, 'r1')": [], "(5, 'r2')": [["a08", "A", "elderly"]], "(5, 'r3')": [["p008", "A", "elderly"]], "(5, 'r4')": [["p018", "A", "adult"]], "(5, 'r5')": [["p034", "B", "elderly"]], "(5, 'r6')": [["p013", "B", "adult"], ["p035", "B", "elderly"]], "(6, 'r0')": [["p015", "A", "elderly"]], "(6, 'r1')": [], "(6, 'r2')": [["a08", "A", "elderly"]], "(6, 'r3')": [], "(6, 'r4')": [["p018", "A", "adult"]], "(6, 'r5')": [["p034", "B", "elderly"]], "(6, 'r6')": [["p035", "B", "elderly"]], "(7, 'r0')": [["p015", "A", "elderly"]], "(7, 'r1')": [], "(7, 'r2')": [["a08", "A", "elderly"], ["p019", "A", "elderly"]], "(7, 'r3')": [["p067", "B", "elderly"]], "(7, 'r4')": [["p032", "A", "elderly"]], "(7, 'r5')": [["p034", "B", "elderly"]], "(7, 'r6')": [["p035", "B", "elderly"]], "(8, 'r0')": [["p015", "A", "elderly"]], "(8, 'r1')": [["p049", "A", "elderly"], ["p092", "A", "elderly"]], "(8, 'r2')": [["p019", "A", "elderly"]], "(8, 'r3')": [["p067", "B", "elderly"]], "(8, 'r4')": [["p032", "A", "elderly"]], "(8, 'r5')": [["p034", "B", "elderly"], ["p012", "B", "adult"]], "(8, 'r6')": [], "(9, 'r0')": [], "(9, 'r1')": [["p049", "A", "elderly"], ["p092", "A", "elderly"]], "(9, 'r2')": [["p019", "A", "elderly"]], "(9, 'r3')": [["p067", "B", "elderly"], ["p024", "B", "elderly"]], "(9, 'r4')": [["p032", "A", "elderly"]], "(9, 'r5')": [["p034", "B", "elderly"], ["p012", "B", "adult"], ["p068", "B", "adult"]], "(9, 'r6')": [], "(10, 'r0')": [], "(10, 'r1')": [["p049", "A", "elderly"], ["p092", "A", "elderly"]], "(10, 'r2')": [], "(10, 'r3')": [["p067", "B", "elderly"], ["p024", "B", "elderly"]], "(10, 'r4')": [["p032", "A", "elderly"]], "(10, 'r5')": [["p034", "B", "elderly"], ["p012", "B", "adult"], ["p068", "B", "adult"]], "(10, 'r6')": [], "(11, 'r0')": [], "(11, 'r1')": [["p049", "A", "elderly"]], "(11, 'r2')": [], "(11, 'r3')": [["p024", "B", "elderly"]], "(11, 'r4')": [], "(11, 'r5')": [["p012", "B", "adult"], ["p068", "B", "adult"]], "(11, 'r6')": [], "(12, 'r0')": [], "(12, 'r1')": [["p049", "A", "elderly"]], "(12, 'r2')": [], "(12, 'r3')": [["p024", "B", "elderly"]], "(12, 'r4')": [], "(12, 'r5')": [["p012", "B", "adult"], ["p068", "B", "adult"]], "(12, 'r6')": [], "(13, 'r0')": [], "(13, 'r1')": [["p049", "A", "elderly"]], "(13, 'r2')": [["p009", "B", "elderly"]], "(13, 'r3')": [["p024", "B", "elderly"], ["p085", "B", "elderly"]], "(13, 'r4')": [], "(13, 'r5')": [], "(13, 'r6')": [], "(14, 'r0')": [["p103", "B", "elderly"]], "(14, 'r1')": [["p049", "A", "elderly"]], "(14, 'r2')": [["p009", "B", "elderly"]], "(14, 'r3')": [["p024", "B", "elderly"], ["p085", "B", "elderly"]], "(14, 'r4')": [["p057", "A", "adult"], ["p060", "A", "adult"]], "(14, 'r5')": [], "(14, 'r6')": [], "(15, 'r0')": [["p103", "B", "elderly"]], "(15, 'r1')": [], "(15, 'r2')": [["p009", "B", "elderly"]], "(15, 'r3')": [], "(15, 'r4')": [["p057", "A", "adult"], ["p060", "A", "adult"]], "(15, 'r5')": [], "(15, 'r6')": [["p050", "A", "elderly"]], "(16, 'r0')": [["p103", "B", "elderly"], ["p063", "B", "elderly"]], "(16, 'r1')": [], "(16, 'r2')": [["p009", "B", "elderly"]], "(16, 'r3')": [["p053", "A", "elderly"]], "(16, 'r4')": [["p057", "A", "adult"], ["p060", "A", "adult"], ["p094", "A", "adult"]], "(16, 'r5')": [], "(16, 'r6')": [["p050", "A", "elderly"]], "(17, 'r0')": [["p103", "B", "elderly"], ["p063", "B", "elderly"]], "(17, 'r1')": [], "(17, 'r2')": [["p009", "B", "elderly"]], "(17, 'r3')": [["p053", "A", "elderly"]], "(17, 'r4')": [["p057", "A", "adult"], ["p060", "A", "adult"], ["p094", "A", "adult"]], "(17, 'r5')": [], "(17, 'r6')": [["p050", "A", "elderly"]], "(18, 'r0')": [["p063", "B", "elderly"]], "(18, 'r1')": [], "(18, 'r2')": [["p009", "B", "elderly"], ["p047", "B", "elderly"]], "(18, 'r3')": [], "(18, 'r4')": [["p057", "A", "adult"], ["p094", "A", "adult"]], "(18, 'r5')": [["p066", "A", "elderly"], ["p098", "A", "elderly"]], "(18, 'r6')": [["p050", "A", "elderly"]], "(19, 'r0')": [["p063", "B", "elderly"]], "(19, 'r1')": [], "(19, 'r2')": [["p047", "B", "elderly"]], "(19, 'r3')": [], "(19, 'r4')": [["p099", "B", "adult"], ["p072", "B", "adult"]], "(19, 'r5')": [["p066", "A", "elderly"], ["p098", "A", "elderly"]], "(19, 'r6')": [["p050", "A", "elderly"], ["p036", "A", "elderly"], ["p041", "A", "elderly"]], "(20, 'r0')": [], "(20, 'r1')": [], "(20, 'r2')": [["p047", "B", "elderly"]], "(20, 'r3')": [], "(20, 'r4')": [["p099", "B", "adult"], ["p072", "B", "adult"]], "(20, 'r5')": [["p066", "A", "elderly"], ["p098", "A", "elderly"]], "(20, 'r6')": [["p036", "A", "elderly"], ["p041", "A", "elderly"]]}, "theater_allocation": {"(0, 't0')": 0, "(0, 't1')": 720, "(1, 't0')": 600, "(1, 't1')": -120, "(2, 't0')": 480, "(2, 't1')": 240, "(3, 't0')": 600, "(3, 't1')": 240, "(4, 't0')": 480, "(4, 't1')": 720, "(5, 't0')": 0, "(5, 't1')": 720, "(6, 't0')": 0, "(6, 't1')": 0, "(7, 't0')": 600, "(7, 't1')": 270, "(8, 't0')": 600, "(8, 't1')": 120, "(9, 't0')": 720, "(9, 't1')": 300, "(10, 't0')": 480, "(10, 't1')": 720, "(11, 't0')": 600, "(11, 't1')": 720, "(12, 't0')": 0, "(12, 't1')": 0, "(13, 't0')": 0, "(13, 't1')": 240, "(14, 't0')": 600, "(14, 't1')": 180, "(15, 't0')": 720, "(15, 't1')": 300, "(16, 't0')": 480, "(16, 't1')": 150, "(17, 't0')": 600, "(17, 't1')": 720, "(18, 't0')": 0, "(18, 't1')": 150, "(19, 't0')": 600, "(19, 't1')": 120, "(20, 't0')": 0, "(20, 't1')": 600}, "surgeon_allocation": {"(0, 's0')": 0, "(1, 's0')": 0, "(2, 's0')": 0, "(3, 's0')": 0, "(4, 's0')": 0, "(5, 's0')": 0, "(6, 's0')": 600, "(7, 's0')": 30, "(8, 's0')": 0, "(9, 's0')": 60, "(10, 's0')": 0, "(11, 's0')": 0, "(12, 's0')": 0, "(13, 's0')": 0, "(14, 's0')": 60, "(15, 's0')": 60, "(16, 's0')": 30, "(17, 's0')": 0, "(18, 's0')": 30, "(19, 's0')": 0, "(20, 's0')": 0}, "operator": "['change_patient_room']"}