{"patients": [{"id": "p021", "admission_day": 1, "room": "r00", "operating_theater": "t0"}, {"id": "p013", "admission_day": 1, "room": "r00", "operating_theater": "t0"}, {"id": "p038", "admission_day": 1, "room": "r03", "operating_theater": "t0"}, {"id": "p050", "admission_day": 1, "room": "r01", "operating_theater": "t0"}, {"id": "p000", "admission_day": 1, "room": "r02", "operating_theater": "t0"}, {"id": "p005", "admission_day": 1, "room": "r01", "operating_theater": "t1"}, {"id": "p037", "admission_day": 1, "room": "r04", "operating_theater": "t2"}, {"id": "p008", "admission_day": 1, "room": "r04", "operating_theater": "t0"}, {"id": "p026", "admission_day": 1, "room": "r07", "operating_theater": "t1"}, {"id": "p001", "admission_day": 1, "room": "r01", "operating_theater": "t1"}, {"id": "p004", "admission_day": 1, "room": "r03", "operating_theater": "t1"}, {"id": "p011", "admission_day": 1, "room": "r03", "operating_theater": "t1"}, {"id": "p058", "admission_day": 1, "room": "r05", "operating_theater": "t2"}, {"id": "p066", "admission_day": 1, "room": "r08", "operating_theater": "t2"}, {"id": "p041", "admission_day": 1, "room": "r05", "operating_theater": "t2"}, {"id": "p045", "admission_day": 1, "room": "r05", "operating_theater": "t2"}, {"id": "p052", "admission_day": 2, "room": "r09", "operating_theater": "t0"}, {"id": "p138", "admission_day": 2, "room": "r06", "operating_theater": "t1"}, {"id": "p060", "admission_day": 2, "room": "r09", "operating_theater": "t0"}, {"id": "p079", "admission_day": 2, "room": "r09", "operating_theater": "t0"}, {"id": "p006", "admission_day": 2, "room": "r12", "operating_theater": "t1"}, {"id": "p080", "admission_day": 2, "room": "r13", "operating_theater": "t1"}, {"id": "p034", "admission_day": 3, "room": "r03", "operating_theater": "t0"}, {"id": "p020", "admission_day": 3, "room": "r03", "operating_theater": "t0"}, {"id": "p056", "admission_day": 3, "room": "r04", "operating_theater": "t0"}, {"id": "p166", "admission_day": 3, "room": "r07", "operating_theater": "t0"}, {"id": "p107", "admission_day": 3, "room": "r13", "operating_theater": "t0"}, {"id": "p085", "admission_day": 3, "room": "r08", "operating_theater": "t1"}, {"id": "p002", "admission_day": 3, "room": "r10", "operating_theater": "t1"}, {"id": "p007", "admission_day": 3, "room": "r12", "operating_theater": "t1"}, {"id": "p029", "admission_day": 3, "room": "r10", "operating_theater": "t1"}, {"id": "p048", "admission_day": 3, "room": "r13", "operating_theater": "t0"}, {"id": "p049", "admission_day": 3, "room": "r14", "operating_theater": "t2"}, {"id": "p070", "admission_day": 3, "room": "r14", "operating_theater": "t2"}, {"id": "p136", "admission_day": 3, "room": "r15", "operating_theater": "t2"}, {"id": "p200", "admission_day": 3, "room": "r15", "operating_theater": "t3"}, {"id": "p100", "admission_day": 3, "room": "r22", "operating_theater": "t3"}, {"id": "p292", "admission_day": 4, "room": "r01", "operating_theater": "t0"}, {"id": "p106", "admission_day": 4, "room": "r03", "operating_theater": "t0"}, {"id": "p053", "admission_day": 4, "room": "r00", "operating_theater": "t0"}, {"id": "p086", "admission_day": 4, "room": "r05", "operating_theater": "t2"}, {"id": "p088", "admission_day": 4, "room": "r02", "operating_theater": "t1"}, {"id": "p108", "admission_day": 4, "room": "r08", "operating_theater": "t0"}, {"id": "p146", "admission_day": 4, "room": "r04", "operating_theater": "t0"}, {"id": "p015", "admission_day": 4, "room": "r08", "operating_theater": "t1"}, {"id": "p072", "admission_day": 4, "room": "r11", "operating_theater": "t1"}, {"id": "p062", "admission_day": 4, "room": "r15", "operating_theater": "t1"}, {"id": "p089", "admission_day": 4, "room": "r22", "operating_theater": "t1"}, {"id": "p003", "admission_day": 4, "room": "r16", "operating_theater": "t2"}, {"id": "p009", "admission_day": 4, "room": "r16", "operating_theater": "t2"}, {"id": "p059", "admission_day": 4, "room": "r19", "operating_theater": "t2"}, {"id": "p121", "admission_day": 4, "room": "r16", "operating_theater": "t3"}, {"id": "p141", "admission_day": 4, "room": "r17", "operating_theater": "t3"}, {"id": "p152", "admission_day": 4, "room": "r17", "operating_theater": "t3"}, {"id": "p159", "admission_day": 4, "room": "r18", "operating_theater": "t3"}, {"id": "p105", "admission_day": 5, "room": "r02", "operating_theater": "t0"}, {"id": "p033", "admission_day": 5, "room": "r05", "operating_theater": "t1"}, {"id": "p110", "admission_day": 5, "room": "r09", "operating_theater": "t1"}, {"id": "p073", "admission_day": 5, "room": "r10", "operating_theater": "t5"}, {"id": "p096", "admission_day": 5, "room": "r10", "operating_theater": "t5"}, {"id": "p209", "admission_day": 5, "room": "r01", "operating_theater": "t5"}, {"id": "p242", "admission_day": 5, "room": "r06", "operating_theater": "t5"}, {"id": "p196", "admission_day": 6, "room": "r04", "operating_theater": "t0"}, {"id": "p213", "admission_day": 6, "room": "r07", "operating_theater": "t0"}, {"id": "p269", "admission_day": 6, "room": "r09", "operating_theater": "t0"}, {"id": "p283", "admission_day": 6, "room": "r10", "operating_theater": "t1"}, {"id": "p075", "admission_day": 7, "room": "r04", "operating_theater": "t0"}, {"id": "p036", "admission_day": 7, "room": "r01", "operating_theater": "t0"}, {"id": "p173", "admission_day": 7, "room": "r01", "operating_theater": "t0"}, {"id": "p171", "admission_day": 7, "room": "r06", "operating_theater": "t1"}, {"id": "p084", "admission_day": 7, "room": "r07", "operating_theater": "t0"}, {"id": "p092", "admission_day": 7, "room": "r22", "operating_theater": "t1"}, {"id": "p098", "admission_day": 7, "room": "r12", "operating_theater": "t2"}, {"id": "p154", "admission_day": 7, "room": "r13", "operating_theater": "t1"}, {"id": "p224", "admission_day": 7, "room": "r13", "operating_theater": "t0"}, {"id": "p043", "admission_day": 7, "room": "r10", "operating_theater": "t2"}, {"id": "p151", "admission_day": 7, "room": "r15", "operating_theater": "t2"}, {"id": "p097", "admission_day": 7, "room": "r23", "operating_theater": "t2"}, {"id": "p140", "admission_day": 7, "room": "r15", "operating_theater": "t3"}, {"id": "p164", "admission_day": 7, "room": "r11", "operating_theater": "t3"}, {"id": "p168", "admission_day": 7, "room": "r16", "operating_theater": "t3"}, {"id": "p201", "admission_day": 7, "room": "r16", "operating_theater": "t1"}, {"id": "p063", "admission_day": 7, "room": "r17", "operating_theater": "t2"}, {"id": "p109", "admission_day": 7, "room": "r12", "operating_theater": "t3"}, {"id": "p111", "admission_day": 7, "room": "r18", "operating_theater": "t4"}, {"id": "p238", "admission_day": 8, "room": "r01", "operating_theater": "t0"}, {"id": "p031", "admission_day": 8, "room": "r08", "operating_theater": "t0"}, {"id": "p101", "admission_day": 8, "room": "r03", "operating_theater": "t0"}, {"id": "p129", "admission_day": 8, "room": "r09", "operating_theater": "t0"}, {"id": "p170", "admission_day": 8, "room": "r05", "operating_theater": "t1"}, {"id": "p068", "admission_day": 8, "room": "r03", "operating_theater": "t1"}, {"id": "p122", "admission_day": 8, "room": "r14", "operating_theater": "t3"}, {"id": "p128", "admission_day": 8, "room": "r14", "operating_theater": "t2"}, {"id": "p135", "admission_day": 8, "room": "r19", "operating_theater": "t2"}, {"id": "p176", "admission_day": 8, "room": "r19", "operating_theater": "t3"}, {"id": "p177", "admission_day": 8, "room": "r20", "operating_theater": "t0"}, {"id": "p184", "admission_day": 8, "room": "r18", "operating_theater": "t3"}, {"id": "p191", "admission_day": 8, "room": "r18", "operating_theater": "t3"}, {"id": "p149", "admission_day": 8, "room": "r19", "operating_theater": "t3"}, {"id": "p167", "admission_day": 9, "room": "r09", "operating_theater": "t0"}, {"id": "p023", "admission_day": 9, "room": "r03", "operating_theater": "t0"}, {"id": "p071", "admission_day": 9, "room": "r11", "operating_theater": "t1"}, {"id": "p241", "admission_day": 10, "room": "r05", "operating_theater": "t0"}, {"id": "p065", "admission_day": 10, "room": "r02", "operating_theater": "t0"}, {"id": "p143", "admission_day": 11, "room": "r00", "operating_theater": "t1"}, {"id": "p179", "admission_day": 11, "room": "r02", "operating_theater": "t1"}, {"id": "p182", "admission_day": 11, "room": "r01", "operating_theater": "t1"}, {"id": "p272", "admission_day": 11, "room": "r03", "operating_theater": "t1"}, {"id": "p153", "admission_day": 11, "room": "r03", "operating_theater": "t2"}, {"id": "p010", "admission_day": 11, "room": "r05", "operating_theater": "t2"}, {"id": "p051", "admission_day": 11, "room": "r04", "operating_theater": "t2"}, {"id": "p169", "admission_day": 11, "room": "r06", "operating_theater": "t3"}, {"id": "p189", "admission_day": 11, "room": "r22", "operating_theater": "t3"}, {"id": "p220", "admission_day": 11, "room": "r12", "operating_theater": "t3"}, {"id": "p251", "admission_day": 11, "room": "r12", "operating_theater": "t3"}, {"id": "p291", "admission_day": 11, "room": "r07", "operating_theater": "t4"}, {"id": "p352", "admission_day": 11, "room": "r16", "operating_theater": "t4"}, {"id": "p216", "admission_day": 11, "room": "r08", "operating_theater": "t4"}, {"id": "p237", "admission_day": 11, "room": "r09", "operating_theater": "t4"}, {"id": "p204", "admission_day": 12, "room": "r12", "operating_theater": "t0"}, {"id": "p090", "admission_day": 12, "room": "r22", "operating_theater": "t0"}, {"id": "p123", "admission_day": 12, "room": "r13", "operating_theater": "t0"}, {"id": "p115", "admission_day": 13, "room": "r07", "operating_theater": "t0"}, {"id": "p061", "admission_day": 13, "room": "r08", "operating_theater": "t0"}, {"id": "p127", "admission_day": 13, "room": "r01", "operating_theater": "t1"}, {"id": "p227", "admission_day": 13, "room": "r08", "operating_theater": "t0"}, {"id": "p161", "admission_day": 13, "room": "r08", "operating_theater": "t1"}, {"id": "p133", "admission_day": 13, "room": "r06", "operating_theater": "t1"}, {"id": "p258", "admission_day": 13, "room": "r04", "operating_theater": "t1"}, {"id": "p017", "admission_day": 13, "room": "r13", "operating_theater": "t3"}, {"id": "p190", "admission_day": 13, "room": "r10", "operating_theater": "t2"}, {"id": "p246", "admission_day": 13, "room": "r13", "operating_theater": "t2"}, {"id": "p040", "admission_day": 13, "room": "r10", "operating_theater": "t2"}, {"id": "p044", "admission_day": 13, "room": "r14", "operating_theater": "t2"}, {"id": "p069", "admission_day": 13, "room": "r11", "operating_theater": "t2"}, {"id": "p142", "admission_day": 13, "room": "r14", "operating_theater": "t2"}, {"id": "p145", "admission_day": 13, "room": "r23", "operating_theater": "t3"}, {"id": "p248", "admission_day": 14, "room": "r00", "operating_theater": "t0"}, {"id": "p265", "admission_day": 14, "room": "r15", "operating_theater": "t0"}, {"id": "p289", "admission_day": 14, "room": "r03", "operating_theater": "t0"}, {"id": "p206", "admission_day": 14, "room": "r06", "operating_theater": "t0"}, {"id": "p257", "admission_day": 16, "room": "r05", "operating_theater": "t3"}, {"id": "p351", "admission_day": 14, "room": "r15", "operating_theater": "t0"}, {"id": "p027", "admission_day": 14, "room": "r15", "operating_theater": "t1"}, {"id": "p119", "admission_day": 14, "room": "r15", "operating_theater": "t1"}, {"id": "p172", "admission_day": 14, "room": "r16", "operating_theater": "t1"}, {"id": "p282", "admission_day": 14, "room": "r17", "operating_theater": "t1"}, {"id": "p297", "admission_day": 14, "room": "r16", "operating_theater": "t0"}, {"id": "p332", "admission_day": 17, "room": "r18", "operating_theater": "t2"}, {"id": "p055", "admission_day": 14, "room": "r17", "operating_theater": "t2"}, {"id": "p260", "admission_day": 14, "room": "r16", "operating_theater": "t2"}, {"id": "p303", "admission_day": 15, "room": "r00", "operating_theater": "t0"}, {"id": "p316", "admission_day": 15, "room": "r04", "operating_theater": "t0"}, {"id": "p319", "admission_day": 15, "room": "r01", "operating_theater": "t0"}, {"id": "p210", "admission_day": 16, "room": "r01", "operating_theater": "t0"}, {"id": "p253", "admission_day": 16, "room": "r01", "operating_theater": "t0"}, {"id": "p156", "admission_day": 16, "room": "r02", "operating_theater": "t0"}, {"id": "p314", "admission_day": 16, "room": "r05", "operating_theater": "t2"}, {"id": "p134", "admission_day": 16, "room": "r05", "operating_theater": "t0"}, {"id": "p158", "admission_day": 16, "room": "r07", "operating_theater": "t1"}, {"id": "p244", "admission_day": 16, "room": "r09", "operating_theater": "t0"}, {"id": "p262", "admission_day": 16, "room": "r09", "operating_theater": "t1"}, {"id": "p301", "admission_day": 16, "room": "r23", "operating_theater": "t0"}, {"id": "p305", "admission_day": 16, "room": "r08", "operating_theater": "t0"}, {"id": "p310", "admission_day": 16, "room": "r10", "operating_theater": "t1"}, {"id": "p323", "admission_day": 16, "room": "r14", "operating_theater": "t2"}, {"id": "p308", "admission_day": 16, "room": "r10", "operating_theater": "t1"}, {"id": "p094", "admission_day": 17, "room": "r08", "operating_theater": "t0"}, {"id": "p298", "admission_day": 17, "room": "r03", "operating_theater": "t0"}, {"id": "p214", "admission_day": 17, "room": "r09", "operating_theater": "t0"}, {"id": "p217", "admission_day": 17, "room": "r10", "operating_theater": "t0"}, {"id": "p240", "admission_day": 17, "room": "r03", "operating_theater": "t0"}, {"id": "p263", "admission_day": 17, "room": "r12", "operating_theater": "t1"}, {"id": "p276", "admission_day": 17, "room": "r13", "operating_theater": "t0"}, {"id": "p325", "admission_day": 19, "room": "r24", "operating_theater": "t5"}, {"id": "p349", "admission_day": 17, "room": "r10", "operating_theater": "t1"}, {"id": "p382", "admission_day": 17, "room": "r11", "operating_theater": "t1"}, {"id": "p343", "admission_day": 19, "room": "r15", "operating_theater": "t1"}, {"id": "p362", "admission_day": 17, "room": "r15", "operating_theater": "t2"}, {"id": "p202", "admission_day": 18, "room": "r00", "operating_theater": "t0"}, {"id": "p348", "admission_day": 18, "room": "r02", "operating_theater": "t0"}, {"id": "p378", "admission_day": 18, "room": "r03", "operating_theater": "t3"}, {"id": "p131", "admission_day": 19, "room": "r01", "operating_theater": "t5"}, {"id": "p181", "admission_day": 19, "room": "r01", "operating_theater": "t1"}, {"id": "p239", "admission_day": 19, "room": "r12", "operating_theater": "t0"}, {"id": "p293", "admission_day": 19, "room": "r03", "operating_theater": "t0"}, {"id": "p370", "admission_day": 19, "room": "r02", "operating_theater": "t4"}, {"id": "p281", "admission_day": 19, "room": "r04", "operating_theater": "t1"}, {"id": "p012", "admission_day": 20, "room": "r05", "operating_theater": "t0"}, {"id": "p077", "admission_day": 20, "room": "r00", "operating_theater": "t0"}, {"id": "p230", "admission_day": 20, "room": "r06", "operating_theater": "t0"}, {"id": "p353", "admission_day": 20, "room": "r14", "operating_theater": "t0"}, {"id": "p014", "admission_day": 17, "room": "r21", "operating_theater": "t3"}, {"id": "p016", "admission_day": 15, "room": "r24", "operating_theater": "t2"}, {"id": "p018", "admission_day": "none"}, {"id": "p019", "admission_day": "none"}, {"id": "p022", "admission_day": "none"}, {"id": "p024", "admission_day": "none"}, {"id": "p025", "admission_day": "none"}, {"id": "p028", "admission_day": "none"}, {"id": "p030", "admission_day": "none"}, {"id": "p032", "admission_day": "none"}, {"id": "p035", "admission_day": "none"}, {"id": "p039", "admission_day": "none"}, {"id": "p042", "admission_day": "none"}, {"id": "p046", "admission_day": "none"}, {"id": "p047", "admission_day": 14, "room": "r09", "operating_theater": "t3"}, {"id": "p054", "admission_day": "none"}, {"id": "p057", "admission_day": 14, "room": "r21", "operating_theater": "t3"}, {"id": "p064", "admission_day": 17, "room": "r15", "operating_theater": "t3"}, {"id": "p067", "admission_day": "none"}, {"id": "p074", "admission_day": "none"}, {"id": "p076", "admission_day": "none"}, {"id": "p078", "admission_day": "none"}, {"id": "p081", "admission_day": "none"}, {"id": "p082", "admission_day": "none"}, {"id": "p083", "admission_day": "none"}, {"id": "p087", "admission_day": "none"}, {"id": "p091", "admission_day": "none"}, {"id": "p093", "admission_day": "none"}, {"id": "p095", "admission_day": "none"}, {"id": "p099", "admission_day": "none"}, {"id": "p102", "admission_day": "none"}, {"id": "p103", "admission_day": 18, "room": "r14", "operating_theater": "t0"}, {"id": "p104", "admission_day": "none"}, {"id": "p112", "admission_day": "none"}, {"id": "p113", "admission_day": "none"}, {"id": "p114", "admission_day": "none"}, {"id": "p116", "admission_day": 15, "room": "r12", "operating_theater": "t2"}, {"id": "p117", "admission_day": "none"}, {"id": "p118", "admission_day": "none"}, {"id": "p120", "admission_day": 19, "room": "r13", "operating_theater": "t2"}, {"id": "p124", "admission_day": "none"}, {"id": "p125", "admission_day": "none"}, {"id": "p126", "admission_day": "none"}, {"id": "p130", "admission_day": "none"}, {"id": "p132", "admission_day": "none"}, {"id": "p137", "admission_day": "none"}, {"id": "p139", "admission_day": "none"}, {"id": "p144", "admission_day": "none"}, {"id": "p147", "admission_day": "none"}, {"id": "p148", "admission_day": 19, "room": "r15", "operating_theater": "t4"}, {"id": "p150", "admission_day": "none"}, {"id": "p155", "admission_day": "none"}, {"id": "p157", "admission_day": 14, "room": "r19", "operating_theater": "t2"}, {"id": "p160", "admission_day": 15, "room": "r14", "operating_theater": "t4"}, {"id": "p162", "admission_day": "none"}, {"id": "p165", "admission_day": 11, "room": "r19", "operating_theater": "t1"}, {"id": "p174", "admission_day": 5, "room": "r19", "operating_theater": "t0"}, {"id": "p175", "admission_day": "none"}, {"id": "p178", "admission_day": "none"}, {"id": "p180", "admission_day": "none"}, {"id": "p183", "admission_day": "none"}, {"id": "p185", "admission_day": "none"}, {"id": "p186", "admission_day": "none"}, {"id": "p187", "admission_day": 17, "room": "r23", "operating_theater": "t2"}, {"id": "p188", "admission_day": "none"}, {"id": "p192", "admission_day": "none"}, {"id": "p193", "admission_day": "none"}, {"id": "p194", "admission_day": "none"}, {"id": "p195", "admission_day": "none"}, {"id": "p197", "admission_day": "none"}, {"id": "p198", "admission_day": "none"}, {"id": "p199", "admission_day": 20, "room": "r11", "operating_theater": "t4"}, {"id": "p203", "admission_day": "none"}, {"id": "p205", "admission_day": "none"}, {"id": "p207", "admission_day": "none"}, {"id": "p208", "admission_day": "none"}, {"id": "p211", "admission_day": 19, "room": "r25", "operating_theater": "t1"}, {"id": "p212", "admission_day": "none"}, {"id": "p215", "admission_day": "none"}, {"id": "p218", "admission_day": "none"}, {"id": "p219", "admission_day": 16, "room": "r25", "operating_theater": "t3"}, {"id": "p221", "admission_day": "none"}, {"id": "p222", "admission_day": "none"}, {"id": "p223", "admission_day": 18, "room": "r16", "operating_theater": "t0"}, {"id": "p225", "admission_day": "none"}, {"id": "p226", "admission_day": "none"}, {"id": "p228", "admission_day": "none"}, {"id": "p229", "admission_day": 18, "room": "r15", "operating_theater": "t3"}, {"id": "p231", "admission_day": "none"}, {"id": "p232", "admission_day": "none"}, {"id": "p233", "admission_day": "none"}, {"id": "p234", "admission_day": "none"}, {"id": "p235", "admission_day": "none"}, {"id": "p236", "admission_day": "none"}, {"id": "p243", "admission_day": 18, "room": "r22", "operating_theater": "t3"}, {"id": "p245", "admission_day": "none"}, {"id": "p247", "admission_day": "none"}, {"id": "p249", "admission_day": 19, "room": "r24", "operating_theater": "t2"}, {"id": "p250", "admission_day": "none"}, {"id": "p252", "admission_day": 17, "room": "r16", "operating_theater": "t3"}, {"id": "p254", "admission_day": "none"}, {"id": "p255", "admission_day": "none"}, {"id": "p256", "admission_day": "none"}, {"id": "p259", "admission_day": 19, "room": "r10", "operating_theater": "t2"}, {"id": "p261", "admission_day": 19, "room": "r09", "operating_theater": "t2"}, {"id": "p264", "admission_day": "none"}, {"id": "p266", "admission_day": "none"}, {"id": "p267", "admission_day": "none"}, {"id": "p268", "admission_day": "none"}, {"id": "p270", "admission_day": "none"}, {"id": "p271", "admission_day": "none"}, {"id": "p273", "admission_day": "none"}, {"id": "p274", "admission_day": "none"}, {"id": "p275", "admission_day": "none"}, {"id": "p277", "admission_day": "none"}, {"id": "p278", "admission_day": "none"}, {"id": "p279", "admission_day": "none"}, {"id": "p280", "admission_day": "none"}, {"id": "p284", "admission_day": "none"}, {"id": "p285", "admission_day": "none"}, {"id": "p286", "admission_day": "none"}, {"id": "p287", "admission_day": "none"}, {"id": "p288", "admission_day": 19, "room": "r25", "operating_theater": "t5"}, {"id": "p290", "admission_day": "none"}, {"id": "p294", "admission_day": "none"}, {"id": "p295", "admission_day": 17, "room": "r23", "operating_theater": "t1"}, {"id": "p296", "admission_day": "none"}, {"id": "p299", "admission_day": "none"}, {"id": "p300", "admission_day": "none"}, {"id": "p302", "admission_day": "none"}, {"id": "p304", "admission_day": "none"}, {"id": "p306", "admission_day": "none"}, {"id": "p307", "admission_day": "none"}, {"id": "p309", "admission_day": "none"}, {"id": "p311", "admission_day": 17, "room": "r24", "operating_theater": "t3"}, {"id": "p312", "admission_day": "none"}, {"id": "p313", "admission_day": "none"}, {"id": "p315", "admission_day": "none"}, {"id": "p317", "admission_day": "none"}, {"id": "p318", "admission_day": "none"}, {"id": "p320", "admission_day": "none"}, {"id": "p321", "admission_day": "none"}, {"id": "p322", "admission_day": "none"}, {"id": "p324", "admission_day": "none"}, {"id": "p326", "admission_day": "none"}, {"id": "p327", "admission_day": "none"}, {"id": "p328", "admission_day": "none"}, {"id": "p329", "admission_day": "none"}, {"id": "p330", "admission_day": "none"}, {"id": "p331", "admission_day": "none"}, {"id": "p333", "admission_day": "none"}, {"id": "p334", "admission_day": "none"}, {"id": "p335", "admission_day": "none"}, {"id": "p336", "admission_day": "none"}, {"id": "p337", "admission_day": "none"}, {"id": "p338", "admission_day": "none"}, {"id": "p339", "admission_day": "none"}, {"id": "p340", "admission_day": "none"}, {"id": "p341", "admission_day": "none"}, {"id": "p342", "admission_day": "none"}, {"id": "p344", "admission_day": "none"}, {"id": "p345", "admission_day": 18, "room": "r17", "operating_theater": "t2"}, {"id": "p346", "admission_day": "none"}, {"id": "p347", "admission_day": "none"}, {"id": "p350", "admission_day": "none"}, {"id": "p354", "admission_day": "none"}, {"id": "p355", "admission_day": "none"}, {"id": "p356", "admission_day": "none"}, {"id": "p357", "admission_day": "none"}, {"id": "p358", "admission_day": "none"}, {"id": "p359", "admission_day": "none"}, {"id": "p360", "admission_day": "none"}, {"id": "p361", "admission_day": 19, "room": "r01", "operating_theater": "t4"}, {"id": "p363", "admission_day": "none"}, {"id": "p364", "admission_day": "none"}, {"id": "p365", "admission_day": "none"}, {"id": "p366", "admission_day": "none"}, {"id": "p367", "admission_day": "none"}, {"id": "p368", "admission_day": "none"}, {"id": "p369", "admission_day": 19, "room": "r21", "operating_theater": "t1"}, {"id": "p371", "admission_day": "none"}, {"id": "p372", "admission_day": "none"}, {"id": "p373", "admission_day": "none"}, {"id": "p374", "admission_day": "none"}, {"id": "p375", "admission_day": "none"}, {"id": "p376", "admission_day": "none"}, {"id": "p377", "admission_day": 18, "room": "r06", "operating_theater": "t0"}, {"id": "p379", "admission_day": "none"}, {"id": "p380", "admission_day": "none"}, {"id": "p381", "admission_day": 19, "room": "r08", "operating_theater": "t4"}], "nurses": [{"id": "n000", "assignments": [{"day": 0, "shift": "night", "rooms": ["r00", "r01", "r02", "r03", "r04", "r05", "r06", "r07", "r08"]}, {"day": 1, "shift": "night", "rooms": ["r00", "r01", "r02", "r03"]}, {"day": 2, "shift": "night", "rooms": ["r00", "r01", "r02", "r03"]}, {"day": 3, "shift": "night", "rooms": ["r00", "r01", "r02", "r03"]}, {"day": 4, "shift": "night", "rooms": ["r00", "r01", "r02", "r03", "r04"]}, {"day": 5, "shift": "night", "rooms": ["r00", "r01", "r02", "r03"]}, {"day": 7, "shift": "night", "rooms": ["r00", "r01"]}, {"day": 9, "shift": "early", "rooms": ["r00", "r01", "r02"]}, {"day": 10, "shift": "early", "rooms": ["r00", "r01", "r02", "r03"]}, {"day": 11, "shift": "late", "rooms": ["r00", "r01", "r02"]}, {"day": 12, "shift": "night", "rooms": ["r00", "r01", "r02", "r03", "r04"]}, {"day": 13, "shift": "night", "rooms": ["r00", "r01"]}, {"day": 14, "shift": "night", "rooms": ["r00", "r01"]}, {"day": 15, "shift": "night", "rooms": ["r00", "r01", "r02", "r03"]}, {"day": 17, "shift": "night", "rooms": ["r00", "r01", "r02", "r03"]}, {"day": 19, "shift": "late", "rooms": ["r00", "r01"]}, {"day": 20, "shift": "late", "rooms": ["r00", "r01", "r02"]}]}, {"id": "n001", "assignments": [{"day": 0, "shift": "late", "rooms": ["r00", "r01", "r02", "r03", "r04", "r05", "r06", "r07", "r08"]}, {"day": 1, "shift": "late", "rooms": ["r00", "r01"]}, {"day": 2, "shift": "late", "rooms": ["r00", "r01"]}, {"day": 3, "shift": "late", "rooms": ["r00", "r01"]}, {"day": 4, "shift": "late", "rooms": ["r00", "r01", "r02"]}, {"day": 5, "shift": "night", "rooms": ["r04", "r05", "r06"]}, {"day": 6, "shift": "night", "rooms": ["r00", "r01", "r02"]}, {"day": 8, "shift": "late", "rooms": ["r00", "r01"]}, {"day": 9, "shift": "late", "rooms": ["r00", "r01"]}, {"day": 10, "shift": "late", "rooms": ["r00", "r01"]}, {"day": 11, "shift": "late", "rooms": ["r03"]}, {"day": 13, "shift": "late", "rooms": ["r00", "r01"]}, {"day": 14, "shift": "late", "rooms": ["r00", "r01"]}, {"day": 15, "shift": "late", "rooms": ["r00", "r01"]}, {"day": 16, "shift": "night", "rooms": ["r00", "r01", "r02", "r03"]}, {"day": 17, "shift": "night", "rooms": ["r04", "r05", "r06"]}, {"day": 18, "shift": "night", "rooms": ["r00", "r01", "r02"]}, {"day": 20, "shift": "early", "rooms": ["r00", "r01"]}]}, {"id": "n002", "assignments": [{"day": 0, "shift": "late", "rooms": ["r09", "r10", "r11"]}, {"day": 2, "shift": "early", "rooms": ["r00", "r01"]}, {"day": 3, "shift": "night", "rooms": ["r04", "r05", "r06", "r07"]}, {"day": 4, "shift": "night", "rooms": ["r05", "r06", "r07"]}, {"day": 6, "shift": "early", "rooms": ["r00", "r01", "r02"]}, {"day": 7, "shift": "early", "rooms": ["r00", "r01", "r02"]}, {"day": 9, "shift": "early", "rooms": ["r03", "r04"]}, {"day": 10, "shift": "early", "rooms": ["r04", "r05", "r06"]}, {"day": 11, "shift": "early", "rooms": ["r00", "r01", "r02"]}, {"day": 12, "shift": "early", "rooms": ["r00", "r01"]}, {"day": 13, "shift": "late", "rooms": ["r02", "r03"]}, {"day": 14, "shift": "night", "rooms": ["r03", "r04", "r25", "r02"]}, {"day": 16, "shift": "early", "rooms": ["r00", "r01"]}, {"day": 17, "shift": "early", "rooms": ["r00", "r01"]}, {"day": 18, "shift": "early", "rooms": ["r00", "r01"]}, {"day": 19, "shift": "early", "rooms": ["r00", "r01"]}, {"day": 20, "shift": "early", "rooms": ["r02", "r03"]}]}, {"id": "n003", "assignments": [{"day": 0, "shift": "night", "rooms": ["r09", "r10", "r11", "r12", "r13", "r14", "r15", "r16", "r17", "r18", "r19", "r20"]}, {"day": 1, "shift": "night", "rooms": ["r04", "r05", "r06", "r07", "r08", "r09", "r10"]}, {"day": 3, "shift": "early", "rooms": ["r00", "r01", "r02", "r03"]}, {"day": 4, "shift": "early", "rooms": ["r00", "r01", "r02"]}, {"day": 5, "shift": "early", "rooms": ["r00", "r01", "r02", "r03"]}, {"day": 6, "shift": "early", "rooms": ["r03"]}, {"day": 7, "shift": "early", "rooms": ["r03", "r04", "r05"]}, {"day": 8, "shift": "early", "rooms": ["r00", "r01", "r02"]}, {"day": 9, "shift": "late", "rooms": ["r02", "r03"]}, {"day": 10, "shift": "late", "rooms": ["r02", "r03", "r04", "r05"]}, {"day": 11, "shift": "late", "rooms": ["r04", "r05", "r06"]}, {"day": 12, "shift": "night", "rooms": ["r05", "r06"]}, {"day": 15, "shift": "early", "rooms": ["r00", "r01"]}, {"day": 16, "shift": "early", "rooms": ["r02", "r03", "r04"]}, {"day": 17, "shift": "early", "rooms": ["r02", "r03"]}, {"day": 18, "shift": "night", "rooms": ["r03", "r04", "r05", "r06", "r07", "r08"]}, {"day": 20, "shift": "late", "rooms": ["r03", "r04", "r05", "r06", "r07"]}]}, {"id": "n004", "assignments": [{"day": 0, "shift": "night", "rooms": ["r21", "r22", "r23", "r24", "r25"]}, {"day": 2, "shift": "early", "rooms": ["r02", "r03", "r04"]}, {"day": 3, "shift": "late", "rooms": ["r02", "r03"]}, {"day": 4, "shift": "night", "rooms": ["r08", "r09", "r10"]}, {"day": 5, "shift": "night", "rooms": ["r07", "r08", "r09", "r10"]}, {"day": 7, "shift": "early", "rooms": ["r06", "r07", "r08"]}, {"day": 8, "shift": "early", "rooms": ["r03", "r04"]}, {"day": 9, "shift": "early", "rooms": ["r05", "r06", "r07", "r08"]}, {"day": 10, "shift": "early", "rooms": ["r07", "r08", "r09", "r10"]}, {"day": 11, "shift": "early", "rooms": ["r03", "r04", "r05"]}, {"day": 12, "shift": "early", "rooms": ["r02", "r03"]}, {"day": 13, "shift": "late", "rooms": ["r04", "r05"]}, {"day": 14, "shift": "late", "rooms": ["r02", "r03"]}, {"day": 15, "shift": "late", "rooms": ["r02", "r03"]}, {"day": 16, "shift": "late", "rooms": ["r00", "r01"]}, {"day": 18, "shift": "early", "rooms": ["r02", "r03"]}, {"day": 19, "shift": "night", "rooms": ["r00", "r01", "r02", "r03"]}, {"day": 20, "shift": "night", "rooms": ["r00", "r01", "r02", "r03"]}]}, {"id": "n005", "assignments": [{"day": 0, "shift": "late", "rooms": ["r12", "r13", "r14", "r15", "r16", "r17", "r18", "r19", "r20", "r21"]}, {"day": 1, "shift": "late", "rooms": ["r02", "r03", "r04"]}, {"day": 2, "shift": "night", "rooms": ["r04", "r05", "r06", "r07", "r08"]}, {"day": 3, "shift": "night", "rooms": ["r08", "r09", "r10", "r11", "r12"]}, {"day": 5, "shift": "early", "rooms": ["r04", "r05", "r06", "r07"]}, {"day": 6, "shift": "night", "rooms": ["r03", "r04", "r05", "r06", "r07"]}, {"day": 7, "shift": "night", "rooms": ["r02", "r03"]}, {"day": 8, "shift": "night", "rooms": ["r00", "r01", "r02", "r03", "r04"]}, {"day": 9, "shift": "night", "rooms": ["r00", "r01", "r02", "r03"]}, {"day": 10, "shift": "night", "rooms": ["r00", "r01", "r02", "r03"]}, {"day": 11, "shift": "night", "rooms": ["r00", "r01", "r02", "r03"]}, {"day": 13, "shift": "early", "rooms": ["r00", "r01", "r02"]}, {"day": 14, "shift": "early", "rooms": ["r00", "r01", "r02", "r03"]}, {"day": 15, "shift": "early", "rooms": ["r02", "r03"]}, {"day": 16, "shift": "early", "rooms": ["r05", "r06", "r07"]}, {"day": 17, "shift": "night", "rooms": ["r07", "r08"]}, {"day": 19, "shift": "late", "rooms": ["r02", "r03", "r04"]}, {"day": 20, "shift": "night", "rooms": ["r04", "r05", "r06", "r07", "r08", "r09", "r10", "r11", "r12", "r13", "r14", "r15", "r16", "r17", "r18", "r19", "r20", "r21", "r22", "r23", "r24", "r25"]}]}, {"id": "n006", "assignments": [{"day": 0, "shift": "late", "rooms": ["r22", "r23", "r24", "r25"]}, {"day": 1, "shift": "late", "rooms": ["r05", "r06"]}, {"day": 3, "shift": "early", "rooms": ["r04", "r05"]}, {"day": 4, "shift": "early", "rooms": ["r03"]}, {"day": 5, "shift": "early", "rooms": ["r08", "r09"]}, {"day": 6, "shift": "late", "rooms": ["r00", "r01"]}, {"day": 7, "shift": "late", "rooms": ["r00", "r01"]}, {"day": 8, "shift": "late", "rooms": ["r02", "r03"]}, {"day": 10, "shift": "early", "rooms": ["r11", "r12", "r13", "r14", "r15", "r16"]}, {"day": 11, "shift": "early", "rooms": ["r06", "r07", "r08"]}, {"day": 12, "shift": "early", "rooms": ["r04", "r05"]}, {"day": 13, "shift": "late", "rooms": ["r06", "r07", "r08"]}, {"day": 14, "shift": "night", "rooms": ["r05", "r06", "r07", "r08"]}, {"day": 15, "shift": "night", "rooms": ["r04", "r05", "r06", "r07"]}, {"day": 17, "shift": "early", "rooms": ["r04", "r05"]}, {"day": 18, "shift": "late", "rooms": ["r00", "r01", "r02"]}, {"day": 19, "shift": "night", "rooms": ["r04", "r05", "r06", "r07", "r08", "r09", "r10", "r11", "r12"]}]}, {"id": "n007", "assignments": [{"day": 0, "shift": "early", "rooms": ["r00", "r01", "r02", "r03", "r04", "r05", "r06", "r07", "r08", "r09", "r10"]}, {"day": 1, "shift": "late", "rooms": ["r07", "r08", "r09", "r10", "r11", "r12", "r13", "r14", "r15"]}, {"day": 2, "shift": "late", "rooms": ["r02", "r03", "r04", "r05"]}, {"day": 4, "shift": "early", "rooms": ["r04", "r03", "r05"]}, {"day": 5, "shift": "late", "rooms": ["r00", "r01", "r02"]}, {"day": 6, "shift": "late", "rooms": ["r02", "r03", "r04"]}, {"day": 8, "shift": "early", "rooms": ["r05", "r06", "r07"]}, {"day": 9, "shift": "night", "rooms": ["r04", "r05", "r06", "r07", "r08"]}, {"day": 10, "shift": "night", "rooms": ["r04", "r05", "r06", "r07", "r08"]}, {"day": 11, "shift": "night", "rooms": ["r04", "r05", "r06", "r07", "r08"]}, {"day": 13, "shift": "early", "rooms": ["r03"]}, {"day": 14, "shift": "early", "rooms": ["r04", "r05", "r06"]}, {"day": 15, "shift": "late", "rooms": ["r04"]}, {"day": 16, "shift": "late", "rooms": ["r02", "r03", "r04", "r05"]}, {"day": 17, "shift": "night", "rooms": ["r09", "r10"]}, {"day": 18, "shift": "night", "rooms": ["r09", "r10", "r11", "r12"]}, {"day": 20, "shift": "early", "rooms": ["r04", "r05", "r06", "r07", "r08", "r09", "r10", "r11", "r12", "r13", "r14", "r15", "r16", "r17", "r18"]}]}, {"id": "n008", "assignments": [{"day": 1, "shift": "night", "rooms": ["r11", "r12", "r13", "r14", "r15", "r16", "r17", "r18", "r19", "r20", "r21", "r22", "r23", "r24", "r25"]}, {"day": 2, "shift": "night", "rooms": ["r09", "r10", "r11", "r12", "r13", "r14", "r15", "r16", "r17", "r18"]}, {"day": 4, "shift": "night", "rooms": ["r11", "r12", "r13", "r14"]}, {"day": 5, "shift": "night", "rooms": ["r11", "r12", "r13", "r14", "r15"]}, {"day": 6, "shift": "night", "rooms": ["r08", "r09", "r10", "r11"]}, {"day": 7, "shift": "night", "rooms": ["r04", "r05", "r06", "r07", "r08"]}, {"day": 8, "shift": "night", "rooms": ["r05", "r06", "r07", "r08", "r09"]}, {"day": 9, "shift": "night", "rooms": ["r09", "r10", "r11", "r12"]}, {"day": 10, "shift": "night", "rooms": ["r09", "r10", "r11", "r12", "r13", "r14", "r15"]}, {"day": 11, "shift": "night", "rooms": ["r09", "r10", "r11", "r12", "r13", "r14", "r15", "r16"]}, {"day": 12, "shift": "night", "rooms": ["r07", "r08", "r09", "r10", "r11", "r12"]}, {"day": 13, "shift": "night", "rooms": ["r02", "r03", "r04", "r05"]}, {"day": 14, "shift": "night", "rooms": ["r09", "r10", "r11", "r12"]}, {"day": 16, "shift": "night", "rooms": ["r04", "r05", "r06", "r07", "r08"]}, {"day": 18, "shift": "late", "rooms": ["r03", "r04", "r05", "r06", "r07", "r08"]}, {"day": 19, "shift": "late", "rooms": ["r05", "r06", "r07", "r08"]}, {"day": 20, "shift": "late", "rooms": ["r08", "r09", "r10", "r11", "r12", "r13", "r14", "r15", "r16", "r17", "r18"]}]}, {"id": "n009", "assignments": [{"day": 1, "shift": "late", "rooms": ["r16", "r17", "r18", "r19", "r20", "r21", "r22", "r23"]}, {"day": 2, "shift": "late", "rooms": ["r06", "r07", "r08"]}, {"day": 3, "shift": "late", "rooms": ["r04", "r05", "r06"]}, {"day": 4, "shift": "late", "rooms": ["r03", "r04", "r05"]}, {"day": 5, "shift": "night", "rooms": ["r16", "r17", "r18", "r19", "r20", "r21", "r22", "r23", "r24", "r25"]}, {"day": 6, "shift": "night", "rooms": ["r12", "r13", "r14", "r15", "r16"]}, {"day": 7, "shift": "night", "rooms": ["r09", "r10"]}, {"day": 8, "shift": "night", "rooms": ["r10", "r11", "r12", "r13"]}, {"day": 9, "shift": "night", "rooms": ["r13", "r14", "r15", "r16", "r17"]}, {"day": 10, "shift": "night", "rooms": ["r16", "r17", "r18", "r19"]}, {"day": 11, "shift": "night", "rooms": ["r17", "r18", "r19", "r20", "r21", "r22", "r23", "r24", "r25"]}, {"day": 13, "shift": "early", "rooms": ["r04", "r05"]}, {"day": 14, "shift": "night", "rooms": ["r13", "r14", "r15", "r16"]}, {"day": 15, "shift": "night", "rooms": ["r08", "r09", "r10", "r11"]}, {"day": 16, "shift": "night", "rooms": ["r09", "r10", "r11", "r12"]}, {"day": 18, "shift": "early", "rooms": ["r04", "r05", "r06", "r07"]}, {"day": 19, "shift": "early", "rooms": ["r02", "r03"]}, {"day": 20, "shift": "early", "rooms": ["r19", "r20", "r21", "r22", "r23", "r24", "r25"]}]}, {"id": "n010", "assignments": [{"day": 2, "shift": "early", "rooms": ["r05", "r06", "r07"]}, {"day": 4, "shift": "early", "rooms": ["r06", "r07", "r08"]}, {"day": 5, "shift": "early", "rooms": ["r10", "r11"]}, {"day": 6, "shift": "early", "rooms": ["r04", "r05", "r06"]}, {"day": 7, "shift": "early", "rooms": ["r09", "r10"]}, {"day": 8, "shift": "early", "rooms": ["r08", "r09"]}, {"day": 9, "shift": "early", "rooms": ["r09", "r10"]}, {"day": 10, "shift": "early", "rooms": ["r17", "r18", "r19", "r20"]}, {"day": 11, "shift": "early", "rooms": ["r09", "r10"]}, {"day": 12, "shift": "early", "rooms": ["r06", "r07", "r08", "r09"]}, {"day": 13, "shift": "night", "rooms": ["r06", "r07", "r08", "r09"]}, {"day": 14, "shift": "night", "rooms": ["r17", "r18", "r19", "r20", "r21", "r22", "r23", "r24", "r25"]}, {"day": 17, "shift": "late", "rooms": ["r00", "r01", "r02"]}, {"day": 18, "shift": "late", "rooms": ["r09", "r10"]}, {"day": 19, "shift": "late", "rooms": ["r09", "r10", "r11", "r12", "r13", "r14", "r15"]}, {"day": 20, "shift": "late", "rooms": ["r19", "r20", "r21", "r22", "r23", "r24", "r25"]}, {"day": 0, "shift": "night", "rooms": ["r06"]}]}, {"id": "n011", "assignments": [{"day": 2, "shift": "night", "rooms": ["r19", "r20", "r21", "r22", "r23", "r24", "r25"]}, {"day": 3, "shift": "night", "rooms": ["r13", "r14", "r15", "r16", "r17", "r18"]}, {"day": 5, "shift": "late", "rooms": ["r03", "r04"]}, {"day": 6, "shift": "night", "rooms": ["r17", "r18", "r19", "r20", "r21", "r22", "r23", "r24", "r25"]}, {"day": 8, "shift": "early", "rooms": ["r10", "r11"]}, {"day": 9, "shift": "early", "rooms": ["r11", "r12", "r13", "r14"]}, {"day": 10, "shift": "early", "rooms": ["r21", "r22", "r23", "r24", "r25"]}, {"day": 11, "shift": "early", "rooms": ["r11", "r12", "r13", "r14", "r15", "r16"]}, {"day": 12, "shift": "early", "rooms": ["r10", "r11", "r12"]}, {"day": 13, "shift": "early", "rooms": ["r06", "r07", "r08"]}, {"day": 14, "shift": "early", "rooms": ["r07", "r08", "r09"]}, {"day": 15, "shift": "early", "rooms": ["r04", "r05", "r06"]}, {"day": 16, "shift": "night", "rooms": ["r13", "r14", "r15", "r16"]}, {"day": 17, "shift": "night", "rooms": ["r11", "r12", "r13", "r14"]}, {"day": 19, "shift": "early", "rooms": ["r04", "r05", "r06", "r07", "r08"]}]}, {"id": "n012", "assignments": [{"day": 3, "shift": "night", "rooms": ["r23", "r22", "r21", "r25", "r20", "r24", "r04", "r19"]}, {"day": 4, "shift": "night", "rooms": ["r15", "r16", "r17", "r18"]}, {"day": 8, "shift": "early", "rooms": ["r12", "r13", "r14"]}, {"day": 9, "shift": "early", "rooms": ["r15", "r16"]}, {"day": 10, "shift": "late", "rooms": ["r06", "r07", "r08"]}, {"day": 11, "shift": "late", "rooms": ["r07", "r08", "r09"]}, {"day": 12, "shift": "late", "rooms": ["r00", "r01", "r02", "r03"]}, {"day": 13, "shift": "night", "rooms": ["r10", "r11", "r12", "r13"]}, {"day": 16, "shift": "early", "rooms": ["r08", "r09", "r10"]}, {"day": 17, "shift": "night", "rooms": ["r15", "r16", "r17", "r18", "r19", "r20", "r21", "r22", "r23", "r24", "r25"]}, {"day": 18, "shift": "night", "rooms": ["r13", "r14", "r15", "r16", "r17", "r18", "r19", "r20", "r21", "r22", "r23", "r24", "r25"]}, {"day": 19, "shift": "night", "rooms": ["r13", "r14", "r15", "r16", "r17", "r18", "r19", "r20", "r21", "r22", "r23", "r24", "r25"]}]}, {"id": "n013", "assignments": [{"day": 3, "shift": "late", "rooms": ["r07", "r08"]}, {"day": 5, "shift": "early", "rooms": ["r12", "r13"]}, {"day": 8, "shift": "early", "rooms": ["r15", "r16"]}, {"day": 9, "shift": "late", "rooms": ["r04", "r05", "r06"]}, {"day": 10, "shift": "late", "rooms": ["r09", "r10"]}, {"day": 12, "shift": "late", "rooms": ["r04", "r05"]}, {"day": 13, "shift": "late", "rooms": ["r09", "r10"]}, {"day": 15, "shift": "night", "rooms": ["r12", "r13", "r14", "r15"]}, {"day": 16, "shift": "night", "rooms": ["r17", "r18", "r19", "r20", "r21", "r22", "r23", "r24", "r25"]}]}, {"id": "n014", "assignments": [{"day": 4, "shift": "night", "rooms": ["r19", "r20", "r21", "r22", "r23", "r24", "r25"]}, {"day": 7, "shift": "early", "rooms": ["r11", "r12"]}, {"day": 8, "shift": "late", "rooms": ["r04", "r05", "r06"]}, {"day": 9, "shift": "late", "rooms": ["r07", "r08", "r09"]}, {"day": 10, "shift": "late", "rooms": ["r11", "r12", "r13", "r14", "r15"]}, {"day": 13, "shift": "early", "rooms": ["r09", "r10"]}, {"day": 16, "shift": "early", "rooms": ["r11", "r12", "r13"]}, {"day": 17, "shift": "late", "rooms": ["r03", "r04"]}, {"day": 18, "shift": "late", "rooms": ["r11", "r12"]}, {"day": 19, "shift": "late", "rooms": ["r16", "r17", "r18", "r19", "r20", "r21", "r22", "r23", "r24", "r25"]}]}, {"id": "n015", "assignments": [{"day": 3, "shift": "late", "rooms": ["r09", "r10", "r11"]}, {"day": 4, "shift": "late", "rooms": ["r03", "r08", "r06", "r07"]}, {"day": 5, "shift": "late", "rooms": ["r05", "r06", "r07"]}, {"day": 6, "shift": "late", "rooms": ["r05", "r06"]}, {"day": 7, "shift": "late", "rooms": ["r02", "r03", "r04"]}, {"day": 9, "shift": "early", "rooms": ["r17", "r18", "r19"]}, {"day": 10, "shift": "late", "rooms": ["r16", "r17", "r18", "r19"]}, {"day": 11, "shift": "late", "rooms": ["r10", "r11", "r12", "r13", "r14", "r15", "r16"]}, {"day": 12, "shift": "night", "rooms": ["r13", "r14", "r15", "r16", "r17", "r18", "r19"]}, {"day": 14, "shift": "early", "rooms": ["r10", "r11", "r12"]}, {"day": 15, "shift": "early", "rooms": ["r07", "r08", "r09", "r10"]}, {"day": 16, "shift": "early", "rooms": ["r14", "r15", "r16", "r17"]}, {"day": 17, "shift": "early", "rooms": ["r06", "r07", "r08"]}, {"day": 18, "shift": "early", "rooms": ["r08", "r09"]}, {"day": 19, "shift": "early", "rooms": ["r09", "r10", "r11", "r12", "r13", "r14", "r15", "r16", "r17"]}]}, {"id": "n016", "assignments": [{"day": 4, "shift": "early", "rooms": ["r09"]}, {"day": 5, "shift": "late", "rooms": ["r08"]}, {"day": 6, "shift": "late", "rooms": ["r07", "r08"]}, {"day": 7, "shift": "late", "rooms": ["r05", "r06", "r07"]}, {"day": 8, "shift": "late", "rooms": ["r07", "r08", "r09"]}, {"day": 9, "shift": "late", "rooms": ["r10", "r11", "r12", "r13", "r14"]}, {"day": 10, "shift": "late", "rooms": ["r20", "r21", "r22", "r23", "r24", "r25"]}, {"day": 11, "shift": "late", "rooms": ["r17", "r18", "r19", "r20"]}, {"day": 12, "shift": "late", "rooms": ["r06", "r07", "r08", "r09"]}, {"day": 13, "shift": "night", "rooms": ["r14", "r15", "r16", "r17", "r18", "r19", "r20", "r21", "r22", "r23", "r24", "r25"]}, {"day": 16, "shift": "late", "rooms": ["r06", "r07"]}, {"day": 17, "shift": "late", "rooms": ["r05", "r06", "r07", "r08"]}, {"day": 18, "shift": "late", "rooms": ["r13", "r14", "r15", "r16", "r17"]}]}, {"id": "n017", "assignments": [{"day": 4, "shift": "early", "rooms": ["r10", "r11", "r12"]}, {"day": 5, "shift": "late", "rooms": ["r09", "r10"]}, {"day": 8, "shift": "late", "rooms": ["r10", "r11", "r12"]}, {"day": 10, "shift": "night", "rooms": ["r20", "r21", "r22", "r23", "r24", "r25"]}, {"day": 13, "shift": "early", "rooms": ["r11", "r12", "r13"]}, {"day": 14, "shift": "early", "rooms": ["r13", "r14", "r15"]}, {"day": 15, "shift": "early", "rooms": ["r11", "r12", "r13"]}, {"day": 16, "shift": "late", "rooms": ["r08", "r09", "r10"]}, {"day": 17, "shift": "late", "rooms": ["r09", "r10"]}, {"day": 18, "shift": "late", "rooms": ["r18", "r19", "r20", "r21", "r22", "r23", "r24", "r25"]}]}, {"id": "n018", "assignments": [{"day": 1, "shift": "late", "rooms": ["r24", "r25"]}, {"day": 2, "shift": "late", "rooms": ["r09", "r10", "r11", "r12", "r13"]}, {"day": 4, "shift": "early", "rooms": ["r13"]}, {"day": 5, "shift": "early", "rooms": ["r14", "r15", "r16"]}, {"day": 6, "shift": "early", "rooms": ["r07", "r08"]}, {"day": 7, "shift": "early", "rooms": ["r13", "r14", "r15"]}, {"day": 8, "shift": "early", "rooms": ["r17"]}, {"day": 9, "shift": "late", "rooms": ["r15"]}, {"day": 12, "shift": "night", "rooms": ["r20", "r21", "r22", "r23", "r24", "r25"]}, {"day": 15, "shift": "night", "rooms": ["r16", "r17", "r18", "r19", "r20", "r21", "r22", "r23", "r24", "r25"]}, {"day": 19, "shift": "early", "rooms": ["r18", "r19", "r20", "r21", "r22", "r23", "r24", "r25"]}]}, {"id": "n019", "assignments": [{"day": 2, "shift": "late", "rooms": ["r15", "r16", "r12", "r14", "r17"]}, {"day": 6, "shift": "early", "rooms": ["r09", "r10", "r11", "r12"]}, {"day": 7, "shift": "early", "rooms": ["r16", "r17"]}, {"day": 8, "shift": "early", "rooms": ["r18", "r19"]}, {"day": 9, "shift": "late", "rooms": ["r16"]}, {"day": 13, "shift": "early", "rooms": ["r14", "r15", "r16", "r17", "r18", "r19", "r20", "r21", "r22", "r23", "r24", "r25"]}, {"day": 14, "shift": "early", "rooms": ["r16", "r17", "r18"]}, {"day": 15, "shift": "late", "rooms": ["r05", "r06", "r07", "r08"]}, {"day": 16, "shift": "late", "rooms": ["r11", "r08", "r12"]}, {"day": 18, "shift": "early", "rooms": ["r10", "r11", "r12", "r13"]}, {"day": 0, "shift": "late", "rooms": ["r02"]}]}, {"id": "n020", "assignments": [{"day": 1, "shift": "early", "rooms": ["r00", "r01"]}, {"day": 2, "shift": "late", "rooms": ["r18", "r19", "r20", "r21", "r22", "r23", "r24", "r25"]}, {"day": 3, "shift": "late", "rooms": ["r12", "r13"]}, {"day": 4, "shift": "late", "rooms": ["r09", "r10"]}, {"day": 5, "shift": "late", "rooms": ["r11", "r12"]}, {"day": 7, "shift": "night", "rooms": ["r11", "r12", "r13"]}, {"day": 8, "shift": "night", "rooms": ["r14", "r15", "r16"]}, {"day": 11, "shift": "late", "rooms": ["r21", "r22", "r23", "r24", "r25"]}, {"day": 12, "shift": "late", "rooms": ["r10", "r11", "r12"]}, {"day": 14, "shift": "early", "rooms": ["r19", "r20", "r21", "r22", "r23", "r24", "r25"]}]}, {"id": "n021", "assignments": [{"day": 2, "shift": "early", "rooms": ["r08", "r09"]}, {"day": 3, "shift": "early", "rooms": ["r06", "r07", "r08", "r09"]}, {"day": 4, "shift": "early", "rooms": ["r15"]}, {"day": 5, "shift": "early", "rooms": ["r17", "r18", "r19", "r20", "r21", "r22", "r23", "r24", "r25"]}, {"day": 6, "shift": "late", "rooms": ["r09", "r10"]}, {"day": 8, "shift": "early", "rooms": ["r20", "r21", "r22", "r23", "r24", "r25"]}, {"day": 9, "shift": "early", "rooms": ["r20", "r21", "r22", "r23", "r24", "r25"]}, {"day": 12, "shift": "late", "rooms": ["r13", "r14", "r15", "r16", "r17", "r18", "r19", "r20", "r21", "r22", "r23", "r24", "r25"]}, {"day": 13, "shift": "late", "rooms": ["r11", "r12", "r13"]}, {"day": 14, "shift": "late", "rooms": ["r04", "r05", "r06"]}, {"day": 10, "shift": "early", "rooms": ["r12"]}]}, {"id": "n022", "assignments": [{"day": 3, "shift": "late", "rooms": ["r14", "r15", "r16", "r17", "r18", "r19", "r20", "r21"]}, {"day": 4, "shift": "late", "rooms": ["r11", "r16", "r12"]}, {"day": 5, "shift": "late", "rooms": ["r13", "r14", "r15"]}, {"day": 6, "shift": "late", "rooms": ["r11", "r12", "r13", "r14", "r15"]}, {"day": 7, "shift": "night", "rooms": ["r14", "r15"]}, {"day": 11, "shift": "early", "rooms": ["r17", "r18", "r19", "r20", "r21", "r22", "r23", "r24", "r25"]}, {"day": 12, "shift": "early", "rooms": ["r20", "r24", "r17", "r25", "r22", "r16", "r18", "r14", "r15", "r23", "r13", "r19"]}, {"day": 15, "shift": "early", "rooms": ["r14", "r15"]}, {"day": 16, "shift": "late", "rooms": ["r13", "r14", "r15", "r16"]}, {"day": 17, "shift": "late", "rooms": ["r11", "r12", "r13"]}, {"day": 9, "shift": "early", "rooms": ["r03"]}, {"day": 1, "shift": "late", "rooms": ["r18"]}]}, {"id": "n023", "assignments": [{"day": 1, "shift": "early", "rooms": ["r02", "r03"]}, {"day": 3, "shift": "late", "rooms": ["r22", "r23", "r24", "r25"]}, {"day": 4, "shift": "late", "rooms": ["r13", "r14", "r15"]}, {"day": 5, "shift": "late", "rooms": ["r16", "r17"]}, {"day": 6, "shift": "late", "rooms": ["r16", "r17"]}, {"day": 8, "shift": "late", "rooms": ["r13", "r14", "r15"]}, {"day": 9, "shift": "late", "rooms": ["r17", "r18", "r19"]}, {"day": 14, "shift": "late", "rooms": ["r07", "r08"]}, {"day": 15, "shift": "late", "rooms": ["r09", "r10"]}, {"day": 16, "shift": "late", "rooms": ["r17", "r18", "r19", "r20", "r21", "r22", "r23", "r24", "r25"]}, {"day": 12, "shift": "night", "rooms": ["r18"]}]}, {"id": "n024", "assignments": [{"day": 2, "shift": "early", "rooms": ["r10", "r11", "r12", "r13"]}, {"day": 3, "shift": "early", "rooms": ["r10", "r11"]}, {"day": 4, "shift": "early", "rooms": ["r16", "r17"]}, {"day": 6, "shift": "early", "rooms": ["r13", "r14", "r15"]}, {"day": 7, "shift": "late", "rooms": ["r08", "r09"]}, {"day": 8, "shift": "night", "rooms": ["r17", "r18"]}, {"day": 9, "shift": "night", "rooms": ["r18", "r19", "r20", "r21", "r22", "r23", "r24", "r25"]}, {"day": 15, "shift": "early", "rooms": ["r16", "r17"]}, {"day": 17, "shift": "early", "rooms": ["r09", "r10"]}, {"day": 18, "shift": "early", "rooms": ["r14", "r15", "r16", "r17"]}]}, {"id": "n025", "assignments": [{"day": 4, "shift": "late", "rooms": ["r16", "r17"]}, {"day": 5, "shift": "late", "rooms": ["r18", "r19", "r20", "r21", "r22", "r23", "r24", "r25"]}, {"day": 6, "shift": "late", "rooms": ["r18", "r19", "r20", "r21", "r22", "r23", "r24", "r25"]}, {"day": 7, "shift": "night", "rooms": ["r16", "r17", "r18"]}, {"day": 15, "shift": "early", "rooms": ["r18", "r19", "r20", "r21", "r22", "r23", "r24", "r25"]}, {"day": 17, "shift": "late", "rooms": ["r14", "r15"]}]}, {"id": "n026", "assignments": [{"day": 2, "shift": "early", "rooms": ["r14", "r15", "r16", "r17", "r18", "r19", "r20", "r21", "r22", "r23", "r24"]}, {"day": 3, "shift": "early", "rooms": ["r12", "r13"]}, {"day": 4, "shift": "early", "rooms": ["r18", "r19", "r20", "r21", "r22", "r23", "r24", "r25"]}, {"day": 6, "shift": "early", "rooms": ["r16", "r17"]}, {"day": 7, "shift": "early", "rooms": ["r18", "r19", "r20", "r21", "r22", "r23", "r24", "r25"]}, {"day": 8, "shift": "late", "rooms": ["r16", "r17"]}, {"day": 9, "shift": "late", "rooms": ["r20", "r21", "r22", "r23", "r24", "r25"]}, {"day": 17, "shift": "late", "rooms": ["r16", "r17", "r18", "r19", "r20", "r21", "r22", "r23", "r24", "r25"]}, {"day": 16, "shift": "late", "rooms": ["r17"]}]}, {"id": "n027", "assignments": [{"day": 0, "shift": "early", "rooms": ["r11", "r12", "r13", "r14", "r15"]}, {"day": 1, "shift": "early", "rooms": ["r04", "r05", "r06"]}, {"day": 2, "shift": "early", "rooms": ["r25"]}, {"day": 3, "shift": "early", "rooms": ["r14", "r15", "r16", "r17"]}, {"day": 7, "shift": "late", "rooms": ["r10", "r11"]}, {"day": 8, "shift": "late", "rooms": ["r11", "r19", "r18"]}, {"day": 14, "shift": "late", "rooms": ["r09", "r10"]}, {"day": 15, "shift": "late", "rooms": ["r11", "r12", "r13"]}, {"day": 18, "shift": "early", "rooms": ["r18", "r19", "r20", "r21", "r22", "r23", "r24", "r25"]}]}, {"id": "n028", "assignments": [{"day": 1, "shift": "early", "rooms": ["r07", "r08", "r09", "r10"]}, {"day": 6, "shift": "early", "rooms": ["r25", "r22", "r23", "r18", "r21", "r19", "r24"]}, {"day": 13, "shift": "late", "rooms": ["r14", "r15", "r16", "r17", "r18", "r19", "r20", "r21", "r22", "r23", "r24", "r25"]}, {"day": 14, "shift": "late", "rooms": ["r11", "r12"]}, {"day": 16, "shift": "night", "rooms": ["r12"]}, {"day": 15, "shift": "night", "rooms": ["r15"]}]}, {"id": "n029", "assignments": [{"day": 0, "shift": "early", "rooms": ["r16", "r17", "r18", "r19"]}, {"day": 1, "shift": "early", "rooms": ["r11", "r12", "r13", "r14", "r15", "r16", "r17"]}, {"day": 3, "shift": "early", "rooms": ["r18", "r19", "r20", "r21", "r22", "r23", "r24", "r25"]}, {"day": 8, "shift": "late", "rooms": ["r20", "r21", "r22", "r23", "r24", "r25"]}, {"day": 14, "shift": "late", "rooms": ["r13", "r14"]}, {"day": 15, "shift": "late", "rooms": ["r14", "r15", "r16"]}]}, {"id": "n030", "assignments": [{"day": 0, "shift": "early", "rooms": ["r20", "r21", "r22"]}, {"day": 4, "shift": "late", "rooms": ["r18", "r19", "r20", "r21", "r22", "r23", "r24", "r25"]}, {"day": 7, "shift": "late", "rooms": ["r12", "r13", "r14", "r15"]}, {"day": 8, "shift": "night", "rooms": ["r19", "r20", "r21", "r22", "r23", "r24", "r25"]}, {"day": 16, "shift": "early", "rooms": ["r18", "r19", "r20"]}, {"day": 9, "shift": "night", "rooms": ["r19"]}, {"day": 20, "shift": "early", "rooms": ["r21"]}]}, {"id": "n031", "assignments": [{"day": 1, "shift": "early", "rooms": ["r18", "r19", "r20", "r21", "r22"]}]}, {"id": "n032", "assignments": [{"day": 0, "shift": "early", "rooms": ["r23", "r24", "r25"]}, {"day": 16, "shift": "early", "rooms": ["r21", "r22", "r23", "r24", "r25"]}]}, {"id": "n033", "assignments": [{"day": 1, "shift": "early", "rooms": ["r23", "r24", "r25"]}, {"day": 7, "shift": "late", "rooms": ["r24", "r16", "r17"]}]}, {"id": "n034", "assignments": [{"day": 14, "shift": "late", "rooms": ["r15", "r16"]}, {"day": 17, "shift": "early", "rooms": ["r11", "r12"]}]}, {"id": "n035", "assignments": [{"day": 7, "shift": "late", "rooms": ["r22", "r25", "r21", "r19", "r23", "r18"]}, {"day": 1, "shift": "early", "rooms": ["r23"]}, {"day": 0, "shift": "early", "rooms": ["r19"]}, {"day": 17, "shift": "late", "rooms": ["r18"]}]}, {"id": "n037", "assignments": [{"day": 14, "shift": "late", "rooms": ["r17", "r18", "r19", "r20"]}, {"day": 17, "shift": "early", "rooms": ["r13", "r14", "r15"]}]}, {"id": "n038", "assignments": [{"day": 7, "shift": "night", "rooms": ["r22", "r25", "r24", "r20", "r23", "r19"]}, {"day": 15, "shift": "early", "rooms": []}, {"day": 17, "shift": "late", "rooms": ["r19"]}, {"day": 5, "shift": "early", "rooms": ["r08"]}]}, {"id": "n039", "assignments": [{"day": 15, "shift": "late", "rooms": ["r17"]}, {"day": 0, "shift": "early", "rooms": ["r24"]}, {"day": 7, "shift": "late", "rooms": ["r17"]}, {"day": 4, "shift": "early", "rooms": ["r14"]}]}, {"id": "n040", "assignments": [{"day": 14, "shift": "late", "rooms": ["r21", "r22", "r23", "r24", "r25"]}, {"day": 15, "shift": "late", "rooms": ["r19", "r20", "r21", "r22", "r23", "r24", "r25"]}]}, {"id": "n042", "assignments": [{"day": 17, "shift": "early", "rooms": ["r19", "r17", "r25", "r16", "r21", "r22", "r24", "r23", "r18"]}, {"day": 12, "shift": "late", "rooms": ["r04"]}, {"day": 16, "shift": "early", "rooms": ["r23"]}, {"day": 19, "shift": "late", "rooms": ["r21"]}]}], "room_allocation": {"(0, 'r00')": [], "(0, 'r01')": [["a10", "B", "elderly"]], "(0, 'r02')": [["a00", "B", "elderly"]], "(0, 'r03')": [["a03", "A", "elderly"]], "(0, 'r04')": [], "(0, 'r05')": [], "(0, 'r06')": [["a11", "A", "adult"]], "(0, 'r07')": [["a07", "B", "elderly"]], "(0, 'r08')": [["a01", "B", "elderly"], ["a24", "B", "elderly"]], "(0, 'r09')": [], "(0, 'r10')": [["a17", "B", "elderly"], ["a21", "B", "elderly"], ["a26", "B", "elderly"], ["a27", "B", "elderly"]], "(0, 'r11')": [["a05", "B", "elderly"]], "(0, 'r12')": [["a23", "A", "adult"]], "(0, 'r13')": [], "(0, 'r14')": [["a02", "B", "elderly"], ["a18", "B", "adult"]], "(0, 'r15')": [["a12", "A", "elderly"], ["a13", "A", "elderly"]], "(0, 'r16')": [["a04", "A", "elderly"], ["a15", "A", "elderly"]], "(0, 'r17')": [["a20", "A", "elderly"]], "(0, 'r18')": [["a28", "A", "adult"]], "(0, 'r19')": [["a14", "B", "elderly"]], "(0, 'r20')": [["a09", "B", "infant"]], "(0, 'r21')": [["a06", "A", "elderly"]], "(0, 'r22')": [["a25", "B", "elderly"]], "(0, 'r23')": [["a08", "A", "elderly"], ["a22", "A", "elderly"]], "(0, 'r24')": [["a16", "A", "elderly"]], "(0, 'r25')": [["a19", "A", "elderly"]], "(1, 'r00')": [["p021", "B", "elderly"], ["p013", "B", "adult"]], "(1, 'r01')": [["p050", "A", "adult"], ["p005", "A", "elderly"], ["p001", "A", "elderly"]], "(1, 'r02')": [["a00", "B", "elderly"], ["p000", "B", "elderly"]], "(1, 'r03')": [["a03", "A", "elderly"], ["p038", "A", "adult"], ["p004", "A", "elderly"], ["p011", "A", "elderly"]], "(1, 'r04')": [["p037", "B", "elderly"], ["p008", "B", "elderly"]], "(1, 'r05')": [["p058", "A", "elderly"], ["p041", "A", "elderly"], ["p045", "A", "elderly"]], "(1, 'r06')": [["a11", "A", "adult"]], "(1, 'r07')": [["a07", "B", "elderly"], ["p026", "B", "infant"]], "(1, 'r08')": [["a01", "B", "elderly"], ["a24", "B", "elderly"], ["p066", "B", "elderly"]], "(1, 'r09')": [], "(1, 'r10')": [["a17", "B", "elderly"], ["a26", "B", "elderly"], ["a27", "B", "elderly"]], "(1, 'r11')": [["a05", "B", "elderly"]], "(1, 'r12')": [["a23", "A", "adult"]], "(1, 'r13')": [], "(1, 'r14')": [], "(1, 'r15')": [["a12", "A", "elderly"], ["a13", "A", "elderly"]], "(1, 'r16')": [], "(1, 'r17')": [["a20", "A", "elderly"]], "(1, 'r18')": [["a28", "A", "adult"]], "(1, 'r19')": [["a14", "B", "elderly"]], "(1, 'r20')": [["a09", "B", "infant"]], "(1, 'r21')": [["a06", "A", "elderly"]], "(1, 'r22')": [["a25", "B", "elderly"]], "(1, 'r23')": [["a22", "A", "elderly"]], "(1, 'r24')": [["a16", "A", "elderly"]], "(1, 'r25')": [["a19", "A", "elderly"]], "(2, 'r00')": [["p021", "B", "elderly"], ["p013", "B", "adult"]], "(2, 'r01')": [["p050", "A", "adult"], ["p005", "A", "elderly"], ["p001", "A", "elderly"]], "(2, 'r02')": [["a00", "B", "elderly"], ["p000", "B", "elderly"]], "(2, 'r03')": [["a03", "A", "elderly"], ["p038", "A", "adult"], ["p004", "A", "elderly"], ["p011", "A", "elderly"]], "(2, 'r04')": [["p037", "B", "elderly"], ["p008", "B", "elderly"]], "(2, 'r05')": [["p058", "A", "elderly"], ["p041", "A", "elderly"], ["p045", "A", "elderly"]], "(2, 'r06')": [["a11", "A", "adult"], ["p138", "A", "elderly"]], "(2, 'r07')": [["a07", "B", "elderly"], ["p026", "B", "infant"]], "(2, 'r08')": [["a01", "B", "elderly"], ["a24", "B", "elderly"], ["p066", "B", "elderly"]], "(2, 'r09')": [["p052", "B", "elderly"], ["p060", "B", "elderly"], ["p079", "B", "adult"]], "(2, 'r10')": [["a27", "B", "elderly"]], "(2, 'r11')": [["a05", "B", "elderly"]], "(2, 'r12')": [["a23", "A", "adult"], ["p006", "A", "elderly"]], "(2, 'r13')": [["p080", "A", "elderly"]], "(2, 'r14')": [], "(2, 'r15')": [["a12", "A", "elderly"], ["a13", "A", "elderly"]], "(2, 'r16')": [], "(2, 'r17')": [["a20", "A", "elderly"]], "(2, 'r18')": [["a28", "A", "adult"]], "(2, 'r19')": [], "(2, 'r20')": [], "(2, 'r21')": [["a06", "A", "elderly"]], "(2, 'r22')": [], "(2, 'r23')": [], "(2, 'r24')": [["a16", "A", "elderly"]], "(2, 'r25')": [["a19", "A", "elderly"]], "(3, 'r00')": [["p021", "B", "elderly"], ["p013", "B", "adult"]], "(3, 'r01')": [["p050", "A", "adult"], ["p005", "A", "elderly"], ["p001", "A", "elderly"]], "(3, 'r02')": [["a00", "B", "elderly"], ["p000", "B", "elderly"]], "(3, 'r03')": [["p038", "A", "adult"], ["p011", "A", "elderly"], ["p034", "A", "elderly"], ["p020", "A", "elderly"]], "(3, 'r04')": [["p037", "B", "elderly"], ["p056", "B", "adult"]], "(3, 'r05')": [["p058", "A", "elderly"], ["p041", "A", "elderly"], ["p045", "A", "elderly"]], "(3, 'r06')": [["a11", "A", "adult"], ["p138", "A", "elderly"]], "(3, 'r07')": [["p026", "B", "infant"], ["p166", "B", "elderly"]], "(3, 'r08')": [["a01", "B", "elderly"], ["a24", "B", "elderly"], ["p085", "B", "adult"]], "(3, 'r09')": [["p052", "B", "elderly"], ["p060", "B", "elderly"], ["p079", "B", "adult"]], "(3, 'r10')": [["a27", "B", "elderly"], ["p002", "B", "elderly"], ["p029", "B", "elderly"]], "(3, 'r11')": [["a05", "B", "elderly"]], "(3, 'r12')": [["a23", "A", "adult"], ["p006", "A", "elderly"], ["p007", "A", "elderly"]], "(3, 'r13')": [["p080", "A", "elderly"], ["p107", "A", "elderly"], ["p048", "A", "elderly"]], "(3, 'r14')": [["p049", "A", "elderly"], ["p070", "A", "elderly"]], "(3, 'r15')": [["a12", "A", "elderly"], ["p136", "A", "elderly"], ["p200", "A", "elderly"]], "(3, 'r16')": [], "(3, 'r17')": [["a20", "A", "elderly"]], "(3, 'r18')": [["a28", "A", "adult"]], "(3, 'r19')": [], "(3, 'r20')": [], "(3, 'r21')": [["a06", "A", "elderly"]], "(3, 'r22')": [["p100", "B", "adult"]], "(3, 'r23')": [], "(3, 'r24')": [["a16", "A", "elderly"]], "(3, 'r25')": [], "(4, 'r00')": [["p021", "B", "elderly"], ["p053", "B", "elderly"]], "(4, 'r01')": [["p050", "A", "adult"], ["p005", "A", "elderly"], ["p292", "A", "elderly"]], "(4, 'r02')": [["a00", "B", "elderly"], ["p088", "B", "adult"]], "(4, 'r03')": [["p038", "A", "adult"], ["p034", "A", "elderly"], ["p020", "A", "elderly"], ["p106", "A", "elderly"]], "(4, 'r04')": [["p056", "B", "adult"], ["p146", "B", "adult"]], "(4, 'r05')": [["p058", "A", "elderly"], ["p041", "A", "elderly"], ["p086", "A", "elderly"]], "(4, 'r06')": [["a11", "A", "adult"], ["p138", "A", "elderly"]], "(4, 'r07')": [["p026", "B", "infant"], ["p166", "B", "elderly"]], "(4, 'r08')": [["p085", "B", "adult"], ["p108", "B", "elderly"], ["p015", "B", "elderly"]], "(4, 'r09')": [["p052", "B", "elderly"], ["p060", "B", "elderly"], ["p079", "B", "adult"]], "(4, 'r10')": [["a27", "B", "elderly"], ["p002", "B", "elderly"], ["p029", "B", "elderly"]], "(4, 'r11')": [["a05", "B", "elderly"], ["p072", "B", "elderly"]], "(4, 'r12')": [["a23", "A", "adult"], ["p006", "A", "elderly"], ["p007", "A", "elderly"]], "(4, 'r13')": [["p080", "A", "elderly"], ["p107", "A", "elderly"], ["p048", "A", "elderly"]], "(4, 'r14')": [["p049", "A", "elderly"], ["p070", "A", "elderly"]], "(4, 'r15')": [["a12", "A", "elderly"], ["p136", "A", "elderly"], ["p200", "A", "elderly"], ["p062", "A", "elderly"]], "(4, 'r16')": [["p003", "B", "elderly"], ["p009", "B", "elderly"], ["p121", "B", "elderly"]], "(4, 'r17')": [["p141", "B", "elderly"], ["p152", "B", "elderly"]], "(4, 'r18')": [["a28", "A", "adult"], ["p159", "A", "elderly"]], "(4, 'r19')": [["p059", "B", "elderly"]], "(4, 'r20')": [], "(4, 'r21')": [["a06", "A", "elderly"]], "(4, 'r22')": [["p100", "B", "adult"], ["p089", "B", "adult"]], "(4, 'r23')": [], "(4, 'r24')": [["a16", "A", "elderly"]], "(4, 'r25')": [], "(5, 'r00')": [["p021", "B", "elderly"], ["p053", "B", "elderly"]], "(5, 'r01')": [["p005", "A", "elderly"], ["p292", "A", "elderly"], ["p209", "A", "elderly"]], "(5, 'r02')": [["p088", "B", "adult"], ["p105", "B", "elderly"]], "(5, 'r03')": [["p038", "A", "adult"], ["p034", "A", "elderly"], ["p020", "A", "elderly"], ["p106", "A", "elderly"]], "(5, 'r04')": [["p056", "B", "adult"], ["p146", "B", "adult"]], "(5, 'r05')": [["p058", "A", "elderly"], ["p086", "A", "elderly"], ["p033", "A", "elderly"]], "(5, 'r06')": [["p138", "A", "elderly"], ["p242", "A", "elderly"]], "(5, 'r07')": [["p026", "B", "infant"], ["p166", "B", "elderly"]], "(5, 'r08')": [["p085", "B", "adult"], ["p108", "B", "elderly"], ["p015", "B", "elderly"]], "(5, 'r09')": [["p052", "B", "elderly"], ["p079", "B", "adult"], ["p110", "B", "elderly"]], "(5, 'r10')": [["p002", "B", "elderly"], ["p029", "B", "elderly"], ["p073", "B", "elderly"], ["p096", "B", "elderly"]], "(5, 'r11')": [["a05", "B", "elderly"], ["p072", "B", "elderly"]], "(5, 'r12')": [["a23", "A", "adult"], ["p006", "A", "elderly"], ["p007", "A", "elderly"]], "(5, 'r13')": [["p080", "A", "elderly"], ["p107", "A", "elderly"], ["p048", "A", "elderly"]], "(5, 'r14')": [["p049", "A", "elderly"], ["p070", "A", "elderly"]], "(5, 'r15')": [["a12", "A", "elderly"], ["p136", "A", "elderly"], ["p200", "A", "elderly"], ["p062", "A", "elderly"]], "(5, 'r16')": [["p003", "B", "elderly"], ["p009", "B", "elderly"], ["p121", "B", "elderly"]], "(5, 'r17')": [["p141", "B", "elderly"], ["p152", "B", "elderly"]], "(5, 'r18')": [["p159", "A", "elderly"]], "(5, 'r19')": [["p059", "B", "elderly"], ["p174", "B", "elderly"]], "(5, 'r20')": [], "(5, 'r21')": [["a06", "A", "elderly"]], "(5, 'r22')": [["p089", "B", "adult"]], "(5, 'r23')": [], "(5, 'r24')": [], "(5, 'r25')": [], "(6, 'r00')": [["p021", "B", "elderly"], ["p053", "B", "elderly"]], "(6, 'r01')": [["p005", "A", "elderly"], ["p292", "A", "elderly"], ["p209", "A", "elderly"]], "(6, 'r02')": [["p088", "B", "adult"], ["p105", "B", "elderly"]], "(6, 'r03')": [["p038", "A", "adult"], ["p034", "A", "elderly"], ["p020", "A", "elderly"], ["p106", "A", "elderly"]], "(6, 'r04')": [["p146", "B", "adult"], ["p196", "B", "elderly"]], "(6, 'r05')": [["p058", "A", "elderly"], ["p086", "A", "elderly"], ["p033", "A", "elderly"]], "(6, 'r06')": [["p242", "A", "elderly"]], "(6, 'r07')": [["p166", "B", "elderly"], ["p213", "B", "elderly"]], "(6, 'r08')": [["p085", "B", "adult"], ["p108", "B", "elderly"], ["p015", "B", "elderly"]], "(6, 'r09')": [["p079", "B", "adult"], ["p110", "B", "elderly"], ["p269", "B", "elderly"]], "(6, 'r10')": [["p073", "B", "elderly"], ["p096", "B", "elderly"], ["p283", "B", "elderly"]], "(6, 'r11')": [["p072", "B", "elderly"]], "(6, 'r12')": [["a23", "A", "adult"], ["p007", "A", "elderly"]], "(6, 'r13')": [["p107", "A", "elderly"], ["p048", "A", "elderly"]], "(6, 'r14')": [["p049", "A", "elderly"], ["p070", "A", "elderly"]], "(6, 'r15')": [["p062", "A", "elderly"]], "(6, 'r16')": [["p003", "B", "elderly"], ["p009", "B", "elderly"], ["p121", "B", "elderly"]], "(6, 'r17')": [["p141", "B", "elderly"], ["p152", "B", "elderly"]], "(6, 'r18')": [["p159", "A", "elderly"]], "(6, 'r19')": [["p059", "B", "elderly"], ["p174", "B", "elderly"]], "(6, 'r20')": [], "(6, 'r21')": [], "(6, 'r22')": [["p089", "B", "adult"]], "(6, 'r23')": [], "(6, 'r24')": [], "(6, 'r25')": [], "(7, 'r00')": [["p021", "B", "elderly"], ["p053", "B", "elderly"]], "(7, 'r01')": [["p005", "A", "elderly"], ["p036", "A", "elderly"], ["p173", "A", "adult"]], "(7, 'r02')": [["p088", "B", "adult"], ["p105", "B", "elderly"]], "(7, 'r03')": [["p038", "A", "adult"], ["p034", "A", "elderly"], ["p020", "A", "elderly"], ["p106", "A", "elderly"]], "(7, 'r04')": [["p196", "B", "elderly"], ["p075", "B", "elderly"]], "(7, 'r05')": [["p058", "A", "elderly"], ["p086", "A", "elderly"], ["p033", "A", "elderly"]], "(7, 'r06')": [["p242", "A", "elderly"], ["p171", "A", "elderly"]], "(7, 'r07')": [["p213", "B", "elderly"], ["p084", "B", "elderly"]], "(7, 'r08')": [["p108", "B", "elderly"], ["p015", "B", "elderly"]], "(7, 'r09')": [["p079", "B", "adult"], ["p110", "B", "elderly"], ["p269", "B", "elderly"]], "(7, 'r10')": [["p073", "B", "elderly"], ["p096", "B", "elderly"], ["p283", "B", "elderly"], ["p043", "B", "elderly"]], "(7, 'r11')": [["p072", "B", "elderly"], ["p164", "B", "elderly"]], "(7, 'r12')": [["p007", "A", "elderly"], ["p098", "A", "elderly"], ["p109", "A", "elderly"]], "(7, 'r13')": [["p048", "A", "elderly"], ["p154", "A", "elderly"], ["p224", "A", "elderly"]], "(7, 'r14')": [["p049", "A", "elderly"], ["p070", "A", "elderly"]], "(7, 'r15')": [["p062", "A", "elderly"], ["p151", "A", "adult"], ["p140", "A", "adult"]], "(7, 'r16')": [["p003", "B", "elderly"], ["p009", "B", "elderly"], ["p168", "B", "adult"], ["p201", "B", "elderly"]], "(7, 'r17')": [["p141", "B", "elderly"], ["p152", "B", "elderly"], ["p063", "B", "adult"]], "(7, 'r18')": [["p159", "A", "elderly"], ["p111", "A", "elderly"]], "(7, 'r19')": [["p059", "B", "elderly"], ["p174", "B", "elderly"]], "(7, 'r20')": [], "(7, 'r21')": [], "(7, 'r22')": [["p092", "A", "elderly"]], "(7, 'r23')": [["p097", "B", "elderly"]], "(7, 'r24')": [], "(7, 'r25')": [], "(8, 'r00')": [["p021", "B", "elderly"], ["p053", "B", "elderly"]], "(8, 'r01')": [["p036", "A", "elderly"], ["p173", "A", "adult"], ["p238", "A", "elderly"]], "(8, 'r02')": [["p088", "B", "adult"], ["p105", "B", "elderly"]], "(8, 'r03')": [["p020", "A", "elderly"], ["p106", "A", "elderly"], ["p101", "A", "adult"], ["p068", "A", "elderly"]], "(8, 'r04')": [["p196", "B", "elderly"], ["p075", "B", "elderly"]], "(8, 'r05')": [["p086", "A", "elderly"], ["p033", "A", "elderly"], ["p170", "A", "adult"]], "(8, 'r06')": [["p242", "A", "elderly"], ["p171", "A", "elderly"]], "(8, 'r07')": [["p213", "B", "elderly"], ["p084", "B", "elderly"]], "(8, 'r08')": [["p015", "B", "elderly"], ["p031", "B", "adult"]], "(8, 'r09')": [["p110", "B", "elderly"], ["p269", "B", "elderly"], ["p129", "B", "adult"]], "(8, 'r10')": [["p073", "B", "elderly"], ["p096", "B", "elderly"], ["p283", "B", "elderly"], ["p043", "B", "elderly"]], "(8, 'r11')": [["p072", "B", "elderly"], ["p164", "B", "elderly"]], "(8, 'r12')": [["p007", "A", "elderly"], ["p098", "A", "elderly"], ["p109", "A", "elderly"]], "(8, 'r13')": [["p048", "A", "elderly"], ["p154", "A", "elderly"], ["p224", "A", "elderly"]], "(8, 'r14')": [["p122", "B", "elderly"], ["p128", "B", "elderly"]], "(8, 'r15')": [["p062", "A", "elderly"], ["p151", "A", "adult"], ["p140", "A", "adult"]], "(8, 'r16')": [["p003", "B", "elderly"], ["p009", "B", "elderly"], ["p168", "B", "adult"], ["p201", "B", "elderly"]], "(8, 'r17')": [["p141", "B", "elderly"], ["p152", "B", "elderly"], ["p063", "B", "adult"]], "(8, 'r18')": [["p111", "A", "elderly"], ["p184", "A", "elderly"], ["p191", "A", "elderly"]], "(8, 'r19')": [["p135", "B", "adult"], ["p176", "B", "elderly"], ["p149", "B", "elderly"]], "(8, 'r20')": [["p177", "A", "adult"]], "(8, 'r21')": [], "(8, 'r22')": [["p092", "A", "elderly"]], "(8, 'r23')": [["p097", "B", "elderly"]], "(8, 'r24')": [], "(8, 'r25')": [], "(9, 'r00')": [["p021", "B", "elderly"], ["p053", "B", "elderly"]], "(9, 'r01')": [["p036", "A", "elderly"], ["p173", "A", "adult"], ["p238", "A", "elderly"]], "(9, 'r02')": [["p088", "B", "adult"], ["p105", "B", "elderly"]], "(9, 'r03')": [["p020", "A", "elderly"], ["p101", "A", "adult"], ["p068", "A", "elderly"], ["p023", "A", "elderly"]], "(9, 'r04')": [["p196", "B", "elderly"], ["p075", "B", "elderly"]], "(9, 'r05')": [["p086", "A", "elderly"], ["p170", "A", "adult"]], "(9, 'r06')": [["p242", "A", "elderly"], ["p171", "A", "elderly"]], "(9, 'r07')": [["p213", "B", "elderly"], ["p084", "B", "elderly"]], "(9, 'r08')": [["p015", "B", "elderly"], ["p031", "B", "adult"]], "(9, 'r09')": [["p269", "B", "elderly"], ["p129", "B", "adult"], ["p167", "B", "elderly"]], "(9, 'r10')": [["p073", "B", "elderly"], ["p096", "B", "elderly"], ["p283", "B", "elderly"], ["p043", "B", "elderly"]], "(9, 'r11')": [["p164", "B", "elderly"], ["p071", "B", "adult"]], "(9, 'r12')": [["p098", "A", "elderly"]], "(9, 'r13')": [], "(9, 'r14')": [["p122", "B", "elderly"], ["p128", "B", "elderly"]], "(9, 'r15')": [["p062", "A", "elderly"], ["p151", "A", "adult"], ["p140", "A", "adult"]], "(9, 'r16')": [["p003", "B", "elderly"], ["p009", "B", "elderly"], ["p168", "B", "adult"], ["p201", "B", "elderly"]], "(9, 'r17')": [["p141", "B", "elderly"], ["p152", "B", "elderly"]], "(9, 'r18')": [["p111", "A", "elderly"], ["p184", "A", "elderly"], ["p191", "A", "elderly"]], "(9, 'r19')": [["p135", "B", "adult"], ["p176", "B", "elderly"], ["p149", "B", "elderly"]], "(9, 'r20')": [["p177", "A", "adult"]], "(9, 'r21')": [], "(9, 'r22')": [["p092", "A", "elderly"]], "(9, 'r23')": [["p097", "B", "elderly"]], "(9, 'r24')": [], "(9, 'r25')": [], "(10, 'r00')": [["p021", "B", "elderly"], ["p053", "B", "elderly"]], "(10, 'r01')": [["p036", "A", "elderly"], ["p173", "A", "adult"], ["p238", "A", "elderly"]], "(10, 'r02')": [["p105", "B", "elderly"], ["p065", "B", "elderly"]], "(10, 'r03')": [["p020", "A", "elderly"], ["p101", "A", "adult"], ["p068", "A", "elderly"], ["p023", "A", "elderly"]], "(10, 'r04')": [["p196", "B", "elderly"], ["p075", "B", "elderly"]], "(10, 'r05')": [["p170", "A", "adult"], ["p241", "A", "elderly"]], "(10, 'r06')": [["p242", "A", "elderly"], ["p171", "A", "elderly"]], "(10, 'r07')": [["p213", "B", "elderly"], ["p084", "B", "elderly"]], "(10, 'r08')": [["p015", "B", "elderly"], ["p031", "B", "adult"]], "(10, 'r09')": [["p129", "B", "adult"], ["p167", "B", "elderly"]], "(10, 'r10')": [["p073", "B", "elderly"], ["p096", "B", "elderly"], ["p043", "B", "elderly"]], "(10, 'r11')": [["p071", "B", "adult"]], "(10, 'r12')": [["p098", "A", "elderly"]], "(10, 'r13')": [], "(10, 'r14')": [["p128", "B", "elderly"]], "(10, 'r15')": [["p062", "A", "elderly"], ["p140", "A", "adult"]], "(10, 'r16')": [["p003", "B", "elderly"], ["p168", "B", "adult"], ["p201", "B", "elderly"]], "(10, 'r17')": [["p141", "B", "elderly"]], "(10, 'r18')": [["p184", "A", "elderly"], ["p191", "A", "elderly"]], "(10, 'r19')": [["p135", "B", "adult"], ["p176", "B", "elderly"], ["p149", "B", "elderly"]], "(10, 'r20')": [["p177", "A", "adult"]], "(10, 'r21')": [], "(10, 'r22')": [["p092", "A", "elderly"]], "(10, 'r23')": [], "(10, 'r24')": [], "(10, 'r25')": [], "(11, 'r00')": [["p053", "B", "elderly"], ["p143", "B", "adult"]], "(11, 'r01')": [["p036", "A", "elderly"], ["p173", "A", "adult"], ["p182", "A", "elderly"]], "(11, 'r02')": [["p065", "B", "elderly"], ["p179", "B", "elderly"]], "(11, 'r03')": [["p101", "A", "adult"], ["p023", "A", "elderly"], ["p272", "A", "elderly"], ["p153", "A", "elderly"]], "(11, 'r04')": [["p196", "B", "elderly"], ["p051", "B", "elderly"]], "(11, 'r05')": [["p170", "A", "adult"], ["p241", "A", "elderly"], ["p010", "A", "elderly"]], "(11, 'r06')": [["p242", "A", "elderly"], ["p169", "A", "elderly"]], "(11, 'r07')": [["p291", "B", "elderly"]], "(11, 'r08')": [["p015", "B", "elderly"], ["p216", "B", "elderly"]], "(11, 'r09')": [["p129", "B", "adult"], ["p167", "B", "elderly"], ["p237", "B", "elderly"]], "(11, 'r10')": [["p096", "B", "elderly"], ["p043", "B", "elderly"]], "(11, 'r11')": [["p071", "B", "adult"]], "(11, 'r12')": [["p098", "A", "elderly"], ["p220", "A", "elderly"], ["p251", "A", "elderly"]], "(11, 'r13')": [], "(11, 'r14')": [], "(11, 'r15')": [], "(11, 'r16')": [["p003", "B", "elderly"], ["p168", "B", "adult"], ["p201", "B", "elderly"], ["p352", "B", "elderly"]], "(11, 'r17')": [["p141", "B", "elderly"]], "(11, 'r18')": [], "(11, 'r19')": [["p135", "B", "adult"], ["p165", "B", "elderly"]], "(11, 'r20')": [["p177", "A", "adult"]], "(11, 'r21')": [], "(11, 'r22')": [["p189", "B", "elderly"]], "(11, 'r23')": [], "(11, 'r24')": [], "(11, 'r25')": [], "(12, 'r00')": [["p053", "B", "elderly"], ["p143", "B", "adult"]], "(12, 'r01')": [["p036", "A", "elderly"], ["p173", "A", "adult"], ["p182", "A", "elderly"]], "(12, 'r02')": [["p065", "B", "elderly"], ["p179", "B", "elderly"]], "(12, 'r03')": [["p101", "A", "adult"], ["p023", "A", "elderly"], ["p272", "A", "elderly"], ["p153", "A", "elderly"]], "(12, 'r04')": [["p051", "B", "elderly"]], "(12, 'r05')": [["p170", "A", "adult"], ["p241", "A", "elderly"], ["p010", "A", "elderly"]], "(12, 'r06')": [["p242", "A", "elderly"], ["p169", "A", "elderly"]], "(12, 'r07')": [["p291", "B", "elderly"]], "(12, 'r08')": [["p216", "B", "elderly"]], "(12, 'r09')": [["p129", "B", "adult"], ["p167", "B", "elderly"], ["p237", "B", "elderly"]], "(12, 'r10')": [["p096", "B", "elderly"], ["p043", "B", "elderly"]], "(12, 'r11')": [["p071", "B", "adult"]], "(12, 'r12')": [["p220", "A", "elderly"], ["p251", "A", "elderly"], ["p204", "A", "adult"]], "(12, 'r13')": [["p123", "A", "elderly"]], "(12, 'r14')": [], "(12, 'r15')": [], "(12, 'r16')": [["p003", "B", "elderly"], ["p201", "B", "elderly"], ["p352", "B", "elderly"]], "(12, 'r17')": [["p141", "B", "elderly"]], "(12, 'r18')": [], "(12, 'r19')": [["p135", "B", "adult"], ["p165", "B", "elderly"]], "(12, 'r20')": [], "(12, 'r21')": [], "(12, 'r22')": [["p189", "B", "elderly"], ["p090", "B", "elderly"]], "(12, 'r23')": [], "(12, 'r24')": [], "(12, 'r25')": [], "(13, 'r00')": [["p053", "B", "elderly"], ["p143", "B", "adult"]], "(13, 'r01')": [["p036", "A", "elderly"], ["p182", "A", "elderly"], ["p127", "A", "adult"]], "(13, 'r02')": [["p065", "B", "elderly"], ["p179", "B", "elderly"]], "(13, 'r03')": [["p101", "A", "adult"], ["p023", "A", "elderly"], ["p272", "A", "elderly"], ["p153", "A", "elderly"]], "(13, 'r04')": [["p051", "B", "elderly"], ["p258", "B", "adult"]], "(13, 'r05')": [["p170", "A", "adult"], ["p241", "A", "elderly"], ["p010", "A", "elderly"]], "(13, 'r06')": [["p169", "A", "elderly"], ["p133", "A", "elderly"]], "(13, 'r07')": [["p291", "B", "elderly"], ["p115", "B", "adult"]], "(13, 'r08')": [["p061", "B", "elderly"], ["p227", "B", "elderly"], ["p161", "B", "elderly"]], "(13, 'r09')": [["p167", "B", "elderly"], ["p237", "B", "elderly"]], "(13, 'r10')": [["p096", "B", "elderly"], ["p043", "B", "elderly"], ["p190", "B", "elderly"], ["p040", "B", "elderly"]], "(13, 'r11')": [["p071", "B", "adult"], ["p069", "B", "elderly"]], "(13, 'r12')": [["p220", "A", "elderly"], ["p251", "A", "elderly"], ["p204", "A", "adult"]], "(13, 'r13')": [["p123", "A", "elderly"], ["p017", "A", "elderly"], ["p246", "A", "elderly"]], "(13, 'r14')": [["p044", "A", "elderly"], ["p142", "A", "elderly"]], "(13, 'r15')": [], "(13, 'r16')": [], "(13, 'r17')": [["p141", "B", "elderly"]], "(13, 'r18')": [], "(13, 'r19')": [["p135", "B", "adult"], ["p165", "B", "elderly"]], "(13, 'r20')": [], "(13, 'r21')": [], "(13, 'r22')": [["p090", "B", "elderly"]], "(13, 'r23')": [["p145", "A", "adult"]], "(13, 'r24')": [], "(13, 'r25')": [], "(14, 'r00')": [["p053", "B", "elderly"], ["p248", "B", "elderly"]], "(14, 'r01')": [["p036", "A", "elderly"], ["p182", "A", "elderly"], ["p127", "A", "adult"]], "(14, 'r02')": [["p065", "B", "elderly"], ["p179", "B", "elderly"]], "(14, 'r03')": [["p023", "A", "elderly"], ["p272", "A", "elderly"], ["p153", "A", "elderly"], ["p289", "A", "elderly"]], "(14, 'r04')": [["p051", "B", "elderly"], ["p258", "B", "adult"]], "(14, 'r05')": [["p170", "A", "adult"], ["p241", "A", "elderly"], ["p010", "A", "elderly"]], "(14, 'r06')": [["p133", "A", "elderly"], ["p206", "A", "elderly"]], "(14, 'r07')": [["p291", "B", "elderly"], ["p115", "B", "adult"]], "(14, 'r08')": [["p061", "B", "elderly"], ["p227", "B", "elderly"], ["p161", "B", "elderly"]], "(14, 'r09')": [["p167", "B", "elderly"], ["p237", "B", "elderly"], ["p047", "B", "infant"]], "(14, 'r10')": [["p096", "B", "elderly"], ["p043", "B", "elderly"], ["p190", "B", "elderly"], ["p040", "B", "elderly"]], "(14, 'r11')": [["p071", "B", "adult"], ["p069", "B", "elderly"]], "(14, 'r12')": [["p220", "A", "elderly"], ["p251", "A", "elderly"], ["p204", "A", "adult"]], "(14, 'r13')": [["p123", "A", "elderly"], ["p017", "A", "elderly"], ["p246", "A", "elderly"]], "(14, 'r14')": [["p044", "A", "elderly"], ["p142", "A", "elderly"]], "(14, 'r15')": [["p265", "B", "elderly"], ["p351", "B", "elderly"], ["p027", "B", "elderly"], ["p119", "B", "adult"]], "(14, 'r16')": [["p172", "A", "adult"], ["p297", "A", "elderly"], ["p260", "A", "adult"]], "(14, 'r17')": [["p141", "B", "elderly"], ["p282", "B", "elderly"], ["p055", "B", "elderly"]], "(14, 'r18')": [], "(14, 'r19')": [["p135", "B", "adult"], ["p157", "B", "adult"]], "(14, 'r20')": [], "(14, 'r21')": [["p057", "B", "elderly"]], "(14, 'r22')": [["p090", "B", "elderly"]], "(14, 'r23')": [["p145", "A", "adult"]], "(14, 'r24')": [], "(14, 'r25')": [], "(15, 'r00')": [["p248", "B", "elderly"], ["p303", "B", "elderly"]], "(15, 'r01')": [["p036", "A", "elderly"], ["p127", "A", "adult"], ["p319", "A", "elderly"]], "(15, 'r02')": [["p065", "B", "elderly"], ["p179", "B", "elderly"]], "(15, 'r03')": [["p023", "A", "elderly"], ["p272", "A", "elderly"], ["p153", "A", "elderly"], ["p289", "A", "elderly"]], "(15, 'r04')": [["p316", "B", "elderly"]], "(15, 'r05')": [["p170", "A", "adult"], ["p241", "A", "elderly"], ["p010", "A", "elderly"]], "(15, 'r06')": [["p133", "A", "elderly"], ["p206", "A", "elderly"]], "(15, 'r07')": [["p115", "B", "adult"]], "(15, 'r08')": [["p061", "B", "elderly"], ["p227", "B", "elderly"], ["p161", "B", "elderly"]], "(15, 'r09')": [["p167", "B", "elderly"], ["p237", "B", "elderly"], ["p047", "B", "infant"]], "(15, 'r10')": [["p096", "B", "elderly"], ["p043", "B", "elderly"], ["p190", "B", "elderly"], ["p040", "B", "elderly"]], "(15, 'r11')": [["p071", "B", "adult"]], "(15, 'r12')": [["p251", "A", "elderly"], ["p204", "A", "adult"], ["p116", "A", "elderly"]], "(15, 'r13')": [["p123", "A", "elderly"], ["p017", "A", "elderly"], ["p246", "A", "elderly"]], "(15, 'r14')": [["p142", "A", "elderly"], ["p160", "A", "adult"]], "(15, 'r15')": [["p265", "B", "elderly"], ["p351", "B", "elderly"], ["p027", "B", "elderly"], ["p119", "B", "adult"]], "(15, 'r16')": [["p172", "A", "adult"], ["p297", "A", "elderly"], ["p260", "A", "adult"]], "(15, 'r17')": [["p282", "B", "elderly"], ["p055", "B", "elderly"]], "(15, 'r18')": [], "(15, 'r19')": [["p135", "B", "adult"], ["p157", "B", "adult"]], "(15, 'r20')": [], "(15, 'r21')": [["p057", "B", "elderly"]], "(15, 'r22')": [["p090", "B", "elderly"]], "(15, 'r23')": [["p145", "A", "adult"]], "(15, 'r24')": [["p016", "B", "elderly"]], "(15, 'r25')": [], "(16, 'r00')": [["p248", "B", "elderly"], ["p303", "B", "elderly"]], "(16, 'r01')": [["p319", "A", "elderly"], ["p210", "A", "elderly"], ["p253", "A", "elderly"]], "(16, 'r02')": [["p065", "B", "elderly"], ["p156", "B", "elderly"]], "(16, 'r03')": [["p023", "A", "elderly"], ["p272", "A", "elderly"], ["p153", "A", "elderly"], ["p289", "A", "elderly"]], "(16, 'r04')": [["p316", "B", "elderly"]], "(16, 'r05')": [["p257", "A", "elderly"], ["p314", "A", "elderly"], ["p134", "A", "elderly"]], "(16, 'r06')": [["p133", "A", "elderly"], ["p206", "A", "elderly"]], "(16, 'r07')": [["p115", "B", "adult"], ["p158", "B", "elderly"]], "(16, 'r08')": [["p061", "B", "elderly"], ["p161", "B", "elderly"], ["p305", "B", "elderly"]], "(16, 'r09')": [["p237", "B", "elderly"], ["p244", "B", "elderly"], ["p262", "B", "elderly"]], "(16, 'r10')": [["p190", "B", "elderly"], ["p040", "B", "elderly"], ["p310", "B", "elderly"], ["p308", "B", "adult"]], "(16, 'r11')": [["p071", "B", "adult"]], "(16, 'r12')": [["p251", "A", "elderly"], ["p204", "A", "adult"], ["p116", "A", "elderly"]], "(16, 'r13')": [["p123", "A", "elderly"], ["p017", "A", "elderly"], ["p246", "A", "elderly"]], "(16, 'r14')": [["p323", "A", "elderly"], ["p160", "A", "adult"]], "(16, 'r15')": [["p265", "B", "elderly"], ["p351", "B", "elderly"], ["p119", "B", "adult"]], "(16, 'r16')": [["p172", "A", "adult"], ["p297", "A", "elderly"], ["p260", "A", "adult"]], "(16, 'r17')": [["p282", "B", "elderly"], ["p055", "B", "elderly"]], "(16, 'r18')": [], "(16, 'r19')": [["p135", "B", "adult"], ["p157", "B", "adult"]], "(16, 'r20')": [], "(16, 'r21')": [["p057", "B", "elderly"]], "(16, 'r22')": [["p090", "B", "elderly"]], "(16, 'r23')": [["p301", "A", "elderly"]], "(16, 'r24')": [["p016", "B", "elderly"]], "(16, 'r25')": [["p219", "B", "elderly"]], "(17, 'r00')": [["p248", "B", "elderly"], ["p303", "B", "elderly"]], "(17, 'r01')": [["p319", "A", "elderly"], ["p210", "A", "elderly"], ["p253", "A", "elderly"]], "(17, 'r02')": [["p065", "B", "elderly"], ["p156", "B", "elderly"]], "(17, 'r03')": [["p023", "A", "elderly"], ["p272", "A", "elderly"], ["p298", "A", "elderly"], ["p240", "A", "elderly"]], "(17, 'r04')": [["p316", "B", "elderly"]], "(17, 'r05')": [["p257", "A", "elderly"], ["p314", "A", "elderly"], ["p134", "A", "elderly"]], "(17, 'r06')": [["p133", "A", "elderly"], ["p206", "A", "elderly"]], "(17, 'r07')": [["p115", "B", "adult"], ["p158", "B", "elderly"]], "(17, 'r08')": [["p061", "B", "elderly"], ["p305", "B", "elderly"], ["p094", "B", "elderly"]], "(17, 'r09')": [["p244", "B", "elderly"], ["p262", "B", "elderly"], ["p214", "B", "elderly"]], "(17, 'r10')": [["p310", "B", "elderly"], ["p308", "B", "adult"], ["p217", "B", "elderly"], ["p349", "B", "elderly"]], "(17, 'r11')": [["p071", "B", "adult"], ["p382", "B", "adult"]], "(17, 'r12')": [["p251", "A", "elderly"], ["p204", "A", "adult"], ["p263", "A", "elderly"]], "(17, 'r13')": [["p123", "A", "elderly"], ["p017", "A", "elderly"], ["p276", "A", "elderly"]], "(17, 'r14')": [["p323", "A", "elderly"], ["p160", "A", "adult"]], "(17, 'r15')": [["p265", "B", "elderly"], ["p119", "B", "adult"], ["p362", "B", "elderly"], ["p064", "B", "elderly"]], "(17, 'r16')": [["p297", "A", "elderly"], ["p252", "A", "elderly"]], "(17, 'r17')": [["p055", "B", "elderly"]], "(17, 'r18')": [["p332", "B", "infant"]], "(17, 'r19')": [["p157", "B", "adult"]], "(17, 'r20')": [], "(17, 'r21')": [["p014", "B", "elderly"]], "(17, 'r22')": [["p090", "B", "elderly"]], "(17, 'r23')": [["p301", "A", "elderly"], ["p187", "A", "adult"], ["p295", "A", "adult"]], "(17, 'r24')": [["p311", "A", "adult"]], "(17, 'r25')": [["p219", "B", "elderly"]], "(18, 'r00')": [["p303", "B", "elderly"], ["p202", "B", "elderly"]], "(18, 'r01')": [["p319", "A", "elderly"], ["p210", "A", "elderly"], ["p253", "A", "elderly"]], "(18, 'r02')": [["p156", "B", "elderly"], ["p348", "B", "elderly"]], "(18, 'r03')": [["p272", "A", "elderly"], ["p298", "A", "elderly"], ["p240", "A", "elderly"], ["p378", "A", "elderly"]], "(18, 'r04')": [["p316", "B", "elderly"]], "(18, 'r05')": [["p257", "A", "elderly"], ["p134", "A", "elderly"]], "(18, 'r06')": [["p377", "B", "elderly"]], "(18, 'r07')": [["p115", "B", "adult"], ["p158", "B", "elderly"]], "(18, 'r08')": [["p305", "B", "elderly"], ["p094", "B", "elderly"]], "(18, 'r09')": [["p244", "B", "elderly"], ["p262", "B", "elderly"], ["p214", "B", "elderly"]], "(18, 'r10')": [["p310", "B", "elderly"], ["p217", "B", "elderly"], ["p349", "B", "elderly"]], "(18, 'r11')": [["p071", "B", "adult"], ["p382", "B", "adult"]], "(18, 'r12')": [["p251", "A", "elderly"], ["p204", "A", "adult"], ["p263", "A", "elderly"]], "(18, 'r13')": [["p017", "A", "elderly"], ["p276", "A", "elderly"]], "(18, 'r14')": [["p103", "A", "elderly"]], "(18, 'r15')": [["p362", "B", "elderly"], ["p064", "B", "elderly"], ["p229", "B", "elderly"]], "(18, 'r16')": [["p297", "A", "elderly"], ["p223", "A", "elderly"], ["p252", "A", "elderly"]], "(18, 'r17')": [["p055", "B", "elderly"], ["p345", "B", "elderly"]], "(18, 'r18')": [["p332", "B", "infant"]], "(18, 'r19')": [["p157", "B", "adult"]], "(18, 'r20')": [], "(18, 'r21')": [["p014", "B", "elderly"]], "(18, 'r22')": [["p243", "A", "elderly"]], "(18, 'r23')": [["p301", "A", "elderly"], ["p187", "A", "adult"], ["p295", "A", "adult"]], "(18, 'r24')": [["p311", "A", "adult"]], "(18, 'r25')": [["p219", "B", "elderly"]], "(19, 'r00')": [["p303", "B", "elderly"], ["p202", "B", "elderly"]], "(19, 'r01')": [["p131", "A", "elderly"], ["p181", "A", "elderly"], ["p361", "A", "adult"]], "(19, 'r02')": [["p348", "B", "elderly"], ["p370", "B", "adult"]], "(19, 'r03')": [["p272", "A", "elderly"], ["p298", "A", "elderly"], ["p378", "A", "elderly"], ["p293", "A", "adult"]], "(19, 'r04')": [["p316", "B", "elderly"], ["p281", "B", "adult"]], "(19, 'r05')": [["p257", "A", "elderly"], ["p134", "A", "elderly"]], "(19, 'r06')": [["p377", "B", "elderly"]], "(19, 'r07')": [["p115", "B", "adult"], ["p158", "B", "elderly"]], "(19, 'r08')": [["p094", "B", "elderly"], ["p381", "B", "elderly"]], "(19, 'r09')": [["p262", "B", "elderly"], ["p261", "B", "adult"]], "(19, 'r10')": [["p259", "B", "elderly"]], "(19, 'r11')": [], "(19, 'r12')": [["p204", "A", "adult"], ["p263", "A", "elderly"], ["p239", "A", "elderly"]], "(19, 'r13')": [["p120", "B", "elderly"]], "(19, 'r14')": [["p103", "A", "elderly"]], "(19, 'r15')": [["p343", "B", "elderly"], ["p362", "B", "elderly"], ["p148", "B", "elderly"], ["p229", "B", "elderly"]], "(19, 'r16')": [["p297", "A", "elderly"], ["p223", "A", "elderly"], ["p252", "A", "elderly"]], "(19, 'r17')": [["p055", "B", "elderly"], ["p345", "B", "elderly"]], "(19, 'r18')": [["p332", "B", "infant"]], "(19, 'r19')": [["p157", "B", "adult"]], "(19, 'r20')": [], "(19, 'r21')": [["p369", "A", "elderly"]], "(19, 'r22')": [["p243", "A", "elderly"]], "(19, 'r23')": [["p187", "A", "adult"], ["p295", "A", "adult"]], "(19, 'r24')": [["p325", "A", "adult"], ["p249", "A", "adult"]], "(19, 'r25')": [["p211", "A", "elderly"], ["p288", "A", "elderly"]], "(20, 'r00')": [["p303", "B", "elderly"], ["p077", "B", "elderly"]], "(20, 'r01')": [["p131", "A", "elderly"], ["p181", "A", "elderly"], ["p361", "A", "adult"]], "(20, 'r02')": [["p348", "B", "elderly"], ["p370", "B", "adult"]], "(20, 'r03')": [["p378", "A", "elderly"], ["p293", "A", "adult"]], "(20, 'r04')": [["p281", "B", "adult"]], "(20, 'r05')": [["p012", "A", "elderly"]], "(20, 'r06')": [["p230", "B", "elderly"], ["p377", "B", "elderly"]], "(20, 'r07')": [["p115", "B", "adult"], ["p158", "B", "elderly"]], "(20, 'r08')": [["p381", "B", "elderly"]], "(20, 'r09')": [["p261", "B", "adult"]], "(20, 'r10')": [["p259", "B", "elderly"]], "(20, 'r11')": [["p199", "A", "elderly"]], "(20, 'r12')": [["p204", "A", "adult"], ["p239", "A", "elderly"]], "(20, 'r13')": [["p120", "B", "elderly"]], "(20, 'r14')": [["p353", "A", "elderly"], ["p103", "A", "elderly"]], "(20, 'r15')": [["p343", "B", "elderly"], ["p148", "B", "elderly"]], "(20, 'r16')": [["p297", "A", "elderly"], ["p223", "A", "elderly"], ["p252", "A", "elderly"]], "(20, 'r17')": [["p345", "B", "elderly"]], "(20, 'r18')": [["p332", "B", "infant"]], "(20, 'r19')": [], "(20, 'r20')": [], "(20, 'r21')": [["p369", "A", "elderly"]], "(20, 'r22')": [["p243", "A", "elderly"]], "(20, 'r23')": [["p187", "A", "adult"]], "(20, 'r24')": [["p325", "A", "adult"], ["p249", "A", "adult"]], "(20, 'r25')": [["p211", "A", "elderly"], ["p288", "A", "elderly"]]}, "theater_allocation": {"(0, 't0')": 480, "(0, 't1')": 480, "(0, 't2')": 0, "(0, 't3')": 0, "(0, 't4')": 0, "(0, 't5')": 0, "(1, 't0')": 600, "(1, 't1')": 720, "(1, 't2')": 600, "(1, 't3')": 600, "(1, 't4')": 600, "(1, 't5')": -1020, "(2, 't0')": 600, "(2, 't1')": 480, "(2, 't2')": 720, "(2, 't3')": 600, "(2, 't4')": 720, "(2, 't5')": -360, "(3, 't0')": 480, "(3, 't1')": 720, "(3, 't2')": 600, "(3, 't3')": 600, "(3, 't4')": 600, "(3, 't5')": -1200, "(4, 't0')": 600, "(4, 't1')": 720, "(4, 't2')": 600, "(4, 't3')": 600, "(4, 't4')": 600, "(4, 't5')": -1590, "(5, 't0')": 480, "(5, 't1')": 480, "(5, 't2')": 0, "(5, 't3')": 0, "(5, 't4')": 0, "(5, 't5')": -780, "(6, 't0')": 480, "(6, 't1')": 480, "(6, 't2')": 600, "(6, 't3')": 600, "(6, 't4')": 600, "(6, 't5')": -90, "(7, 't0')": 600, "(7, 't1')": 600, "(7, 't2')": 720, "(7, 't3')": 600, "(7, 't4')": 600, "(7, 't5')": -1830, "(8, 't0')": 600, "(8, 't1')": 600, "(8, 't2')": 600, "(8, 't3')": 600, "(8, 't4')": 720, "(8, 't5')": -1500, "(9, 't0')": 600, "(9, 't1')": 720, "(9, 't2')": 720, "(9, 't3')": 0, "(9, 't4')": 720, "(9, 't5')": -60, "(10, 't0')": 480, "(10, 't1')": 600, "(10, 't2')": 0, "(10, 't3')": 0, "(10, 't4')": 720, "(10, 't5')": 420, "(11, 't0')": 0, "(11, 't1')": 600, "(11, 't2')": 600, "(11, 't3')": 720, "(11, 't4')": 720, "(11, 't5')": -1530, "(12, 't0')": 480, "(12, 't1')": 0, "(12, 't2')": 720, "(12, 't3')": 720, "(12, 't4')": 600, "(12, 't5')": 240, "(13, 't0')": 600, "(13, 't1')": 600, "(13, 't2')": 480, "(13, 't3')": 600, "(13, 't4')": 720, "(13, 't5')": -1110, "(14, 't0')": 600, "(14, 't1')": 720, "(14, 't2')": 720, "(14, 't3')": 480, "(14, 't4')": 600, "(14, 't5')": -1020, "(15, 't0')": 600, "(15, 't1')": 0, "(15, 't2')": 720, "(15, 't3')": 0, "(15, 't4')": 720, "(15, 't5')": -930, "(16, 't0')": 720, "(16, 't1')": 600, "(16, 't2')": 720, "(16, 't3')": 600, "(16, 't4')": 600, "(16, 't5')": -1020, "(17, 't0')": 600, "(17, 't1')": 720, "(17, 't2')": 720, "(17, 't3')": 600, "(17, 't4')": 600, "(17, 't5')": -990, "(18, 't0')": 720, "(18, 't1')": 0, "(18, 't2')": 720, "(18, 't3')": 600, "(18, 't4')": 480, "(18, 't5')": -450, "(19, 't0')": 600, "(19, 't1')": 600, "(19, 't2')": 720, "(19, 't3')": 720, "(19, 't4')": 600, "(19, 't5')": -1530, "(20, 't0')": 600, "(20, 't1')": 480, "(20, 't2')": 480, "(20, 't3')": 720, "(20, 't4')": 600, "(20, 't5')": 120}, "surgeon_allocation": {"(0, 's0')": 0, "(0, 's1')": 0, "(0, 's2')": 0, "(0, 's3')": 0, "(0, 's4')": 0, "(1, 's0')": 30, "(1, 's1')": 0, "(1, 's2')": 0, "(1, 's3')": 0, "(1, 's4')": 30, "(2, 's0')": 0, "(2, 's1')": 0, "(2, 's2')": 0, "(2, 's3')": 0, "(2, 's4')": 0, "(3, 's0')": 0, "(3, 's1')": 0, "(3, 's2')": 0, "(3, 's3')": 0, "(3, 's4')": 0, "(4, 's0')": 0, "(4, 's1')": 30, "(4, 's2')": 60, "(4, 's3')": 0, "(4, 's4')": 0, "(5, 's0')": 0, "(5, 's1')": 0, "(5, 's2')": 0, "(5, 's3')": 60, "(5, 's4')": 0, "(6, 's0')": 0, "(6, 's1')": 0, "(6, 's2')": 0, "(6, 's3')": 0, "(6, 's4')": 30, "(7, 's0')": 0, "(7, 's1')": 30, "(7, 's2')": 60, "(7, 's3')": 0, "(7, 's4')": 0, "(8, 's0')": 0, "(8, 's1')": 0, "(8, 's2')": 0, "(8, 's3')": 60, "(8, 's4')": 0, "(9, 's0')": 0, "(9, 's1')": 0, "(9, 's2')": 60, "(9, 's3')": 0, "(9, 's4')": 0, "(10, 's0')": 0, "(10, 's1')": 0, "(10, 's2')": 60, "(10, 's3')": 0, "(10, 's4')": 0, "(11, 's0')": 0, "(11, 's1')": 30, "(11, 's2')": 0, "(11, 's3')": 0, "(11, 's4')": 0, "(12, 's0')": 0, "(12, 's1')": 0, "(12, 's2')": 0, "(12, 's3')": 0, "(12, 's4')": 0, "(13, 's0')": 0, "(13, 's1')": 30, "(13, 's2')": 60, "(13, 's3')": 0, "(13, 's4')": 0, "(14, 's0')": 0, "(14, 's1')": 0, "(14, 's2')": 30, "(14, 's3')": 0, "(14, 's4')": 30, "(15, 's0')": 30, "(15, 's1')": 0, "(15, 's2')": 0, "(15, 's3')": 0, "(15, 's4')": 0, "(16, 's0')": 0, "(16, 's1')": 0, "(16, 's2')": 90, "(16, 's3')": 60, "(16, 's4')": 30, "(17, 's0')": 0, "(17, 's1')": 0, "(17, 's2')": 30, "(17, 's3')": 60, "(17, 's4')": 0, "(18, 's0')": 30, "(18, 's1')": 0, "(18, 's2')": 0, "(18, 's3')": 0, "(18, 's4')": 0, "(19, 's0')": 0, "(19, 's1')": 30, "(19, 's2')": 0, "(19, 's3')": 0, "(19, 's4')": 0, "(20, 's0')": 0, "(20, 's1')": 0, "(20, 's2')": 0, "(20, 's3')": 0, "(20, 's4')": 0}, "operator": "['insert_patient_to_available_surgeon']"}