{"patients": [{"id": "p047", "admission_day": 0, "room": "r10", "operating_theater": "t2"}, {"id": "p015", "admission_day": 0, "room": "r00", "operating_theater": "t2"}, {"id": "p018", "admission_day": 0, "room": "r03", "operating_theater": "t2"}, {"id": "p060", "admission_day": 1, "room": "r03", "operating_theater": "t0"}, {"id": "p064", "admission_day": 1, "room": "r03", "operating_theater": "t0"}, {"id": "p005", "admission_day": 1, "room": "r01", "operating_theater": "t0"}, {"id": "p054", "admission_day": 1, "room": "r04", "operating_theater": "t0"}, {"id": "p001", "admission_day": 1, "room": "r04", "operating_theater": "t1"}, {"id": "p051", "admission_day": 1, "room": "r01", "operating_theater": "t0"}, {"id": "p023", "admission_day": 1, "room": "r05", "operating_theater": "t1"}, {"id": "p004", "admission_day": 1, "room": "r04", "operating_theater": "t0"}, {"id": "p008", "admission_day": 1, "room": "r07", "operating_theater": "t1"}, {"id": "p014", "admission_day": 1, "room": "r06", "operating_theater": "t2"}, {"id": "p020", "admission_day": 1, "room": "r08", "operating_theater": "t2"}, {"id": "p027", "admission_day": 1, "room": "r08", "operating_theater": "t2"}, {"id": "p033", "admission_day": 1, "room": "r10", "operating_theater": "t3"}, {"id": "p038", "admission_day": 1, "room": "r06", "operating_theater": "t2"}, {"id": "p042", "admission_day": 1, "room": "r08", "operating_theater": "t3"}, {"id": "p079", "admission_day": 2, "room": "r02", "operating_theater": "t0"}, {"id": "p040", "admission_day": 2, "room": "r06", "operating_theater": "t0"}, {"id": "p003", "admission_day": 2, "room": "r01", "operating_theater": "t0"}, {"id": "p062", "admission_day": 2, "room": "r00", "operating_theater": "t0"}, {"id": "p081", "admission_day": 2, "room": "r06", "operating_theater": "t0"}, {"id": "p068", "admission_day": 2, "room": "r07", "operating_theater": "t0"}, {"id": "p024", "admission_day": 2, "room": "r08", "operating_theater": "t1"}, {"id": "p069", "admission_day": 2, "room": "r10", "operating_theater": "t1"}, {"id": "p000", "admission_day": 2, "room": "r09", "operating_theater": "t1"}, {"id": "p012", "admission_day": 2, "room": "r12", "operating_theater": "t1"}, {"id": "p025", "admission_day": 2, "room": "r13", "operating_theater": "t2"}, {"id": "p030", "admission_day": 2, "room": "r11", "operating_theater": "t2"}, {"id": "p067", "admission_day": 2, "room": "r11", "operating_theater": "t1"}, {"id": "p076", "admission_day": 2, "room": "r11", "operating_theater": "t1"}, {"id": "p056", "admission_day": 3, "room": "r02", "operating_theater": "t0"}, {"id": "p002", "admission_day": 3, "room": "r13", "operating_theater": "t0"}, {"id": "p065", "admission_day": 3, "room": "r03", "operating_theater": "t0"}, {"id": "p053", "admission_day": 3, "room": "r09", "operating_theater": "t0"}, {"id": "p073", "admission_day": 3, "room": "r14", "operating_theater": "t1"}, {"id": "p013", "admission_day": 3, "room": "r05", "operating_theater": "t1"}, {"id": "p044", "admission_day": 3, "room": "r14", "operating_theater": "t1"}, {"id": "p043", "admission_day": 4, "room": "r05", "operating_theater": "t0"}, {"id": "p045", "admission_day": 4, "room": "r06", "operating_theater": "t0"}, {"id": "p032", "admission_day": 4, "room": "r05", "operating_theater": "t0"}, {"id": "p075", "admission_day": 9, "room": "r08", "operating_theater": "t1"}, {"id": "p087", "admission_day": 4, "room": "r11", "operating_theater": "t0"}, {"id": "p136", "admission_day": 5, "room": "r02", "operating_theater": "t0"}, {"id": "p102", "admission_day": 5, "room": "r04", "operating_theater": "t0"}, {"id": "p019", "admission_day": 8, "room": "r00", "operating_theater": "t6"}, {"id": "p086", "admission_day": 6, "room": "r04", "operating_theater": "t1"}, {"id": "p011", "admission_day": 7, "room": "r00", "operating_theater": "t0"}, {"id": "p063", "admission_day": 7, "room": "r03", "operating_theater": "t0"}, {"id": "p092", "admission_day": 7, "room": "r03", "operating_theater": "t0"}, {"id": "p101", "admission_day": 7, "room": "r01", "operating_theater": "t0"}, {"id": "p144", "admission_day": 7, "room": "r03", "operating_theater": "t0"}, {"id": "p149", "admission_day": 7, "room": "r05", "operating_theater": "t1"}, {"id": "p167", "admission_day": 7, "room": "r04", "operating_theater": "t1"}, {"id": "p055", "admission_day": 7, "room": "r06", "operating_theater": "t1"}, {"id": "p120", "admission_day": 7, "room": "r07", "operating_theater": "t1"}, {"id": "p028", "admission_day": 7, "room": "r07", "operating_theater": "t2"}, {"id": "p050", "admission_day": 7, "room": "r10", "operating_theater": "t2"}, {"id": "p097", "admission_day": 7, "room": "r06", "operating_theater": "t4"}, {"id": "p108", "admission_day": 7, "room": "r06", "operating_theater": "t3"}, {"id": "p115", "admission_day": 7, "room": "r13", "operating_theater": "t3"}, {"id": "p174", "admission_day": 8, "room": "r06", "operating_theater": "t6"}, {"id": "p122", "admission_day": 13, "room": "r05", "operating_theater": "t2"}, {"id": "p138", "admission_day": 8, "room": "r05", "operating_theater": "t1"}, {"id": "p155", "admission_day": 13, "room": "r07", "operating_theater": "t3"}, {"id": "p049", "admission_day": 8, "room": "r10", "operating_theater": "t1"}, {"id": "p107", "admission_day": 8, "room": "r11", "operating_theater": "t2"}, {"id": "p078", "admission_day": 8, "room": "r09", "operating_theater": "t2"}, {"id": "p114", "admission_day": 8, "room": "r09", "operating_theater": "t2"}, {"id": "p070", "admission_day": 13, "room": "r09", "operating_theater": "t5"}, {"id": "p088", "admission_day": 8, "room": "r12", "operating_theater": "t3"}, {"id": "p110", "admission_day": 8, "room": "r12", "operating_theater": "t3"}, {"id": "p129", "admission_day": 13, "room": "r14", "operating_theater": "t4"}, {"id": "p072", "admission_day": 11, "room": "r05", "operating_theater": "t1"}, {"id": "p133", "admission_day": 9, "room": "r02", "operating_theater": "t0"}, {"id": "p099", "admission_day": 9, "room": "r07", "operating_theater": "t0"}, {"id": "p057", "admission_day": 9, "room": "r04", "operating_theater": "t0"}, {"id": "p166", "admission_day": 11, "room": "r11", "operating_theater": "t3"}, {"id": "p141", "admission_day": 9, "room": "r11", "operating_theater": "t0"}, {"id": "p036", "admission_day": 9, "room": "r08", "operating_theater": "t1"}, {"id": "p093", "admission_day": 9, "room": "r14", "operating_theater": "t1"}, {"id": "p177", "admission_day": 10, "room": "r03", "operating_theater": "t2"}, {"id": "p112", "admission_day": 10, "room": "r12", "operating_theater": "t2"}, {"id": "p094", "admission_day": 10, "room": "r00", "operating_theater": "t2"}, {"id": "p021", "admission_day": 13, "room": "r05", "operating_theater": "t2"}, {"id": "p116", "admission_day": 10, "room": "r05", "operating_theater": "t3"}, {"id": "p170", "admission_day": 11, "room": "r03", "operating_theater": "t0"}, {"id": "p091", "admission_day": 11, "room": "r02", "operating_theater": "t0"}, {"id": "p117", "admission_day": 11, "room": "r04", "operating_theater": "t0"}, {"id": "p106", "admission_day": 11, "room": "r09", "operating_theater": "t0"}, {"id": "p139", "admission_day": 11, "room": "r09", "operating_theater": "t1"}, {"id": "p142", "admission_day": 11, "room": "r14", "operating_theater": "t1"}, {"id": "p143", "admission_day": 11, "room": "r13", "operating_theater": "t1"}, {"id": "p082", "admission_day": 11, "room": "r13", "operating_theater": "t1"}, {"id": "p104", "admission_day": 13, "room": "r13", "operating_theater": "t4"}, {"id": "p137", "admission_day": 11, "room": "r01", "operating_theater": "t1"}, {"id": "p180", "admission_day": 11, "room": "r01", "operating_theater": "t2"}, {"id": "p157", "admission_day": 12, "room": "r06", "operating_theater": "t1"}, {"id": "p105", "admission_day": 12, "room": "r02", "operating_theater": "t1"}, {"id": "p126", "admission_day": 12, "room": "r07", "operating_theater": "t2"}, {"id": "p098", "admission_day": 13, "room": "r03", "operating_theater": "t1"}, {"id": "p052", "admission_day": 13, "room": "r00", "operating_theater": "t1"}, {"id": "p168", "admission_day": 13, "room": "r03", "operating_theater": "t1"}, {"id": "p121", "admission_day": 13, "room": "r04", "operating_theater": "t1"}, {"id": "p131", "admission_day": 13, "room": "r04", "operating_theater": "t2"}, {"id": "p125", "admission_day": 13, "room": "r06", "operating_theater": "t2"}, {"id": "p148", "admission_day": 13, "room": "r06", "operating_theater": "t2"}, {"id": "p006", "admission_day": 8, "room": "r05", "operating_theater": "t1"}, {"id": "p007", "admission_day": "none"}, {"id": "p009", "admission_day": 11, "room": "r05", "operating_theater": "t2"}, {"id": "p010", "admission_day": "none"}, {"id": "p016", "admission_day": "none"}, {"id": "p017", "admission_day": "none"}, {"id": "p022", "admission_day": "none"}, {"id": "p026", "admission_day": "none"}, {"id": "p029", "admission_day": 6, "room": "r14", "operating_theater": "t1"}, {"id": "p031", "admission_day": 9, "room": "r13", "operating_theater": "t0"}, {"id": "p034", "admission_day": "none"}, {"id": "p035", "admission_day": "none"}, {"id": "p037", "admission_day": "none"}, {"id": "p039", "admission_day": "none"}, {"id": "p041", "admission_day": "none"}, {"id": "p046", "admission_day": 10, "room": "r05", "operating_theater": "t2"}, {"id": "p048", "admission_day": "none"}, {"id": "p058", "admission_day": "none"}, {"id": "p061", "admission_day": 8, "room": "r08", "operating_theater": "t1"}, {"id": "p066", "admission_day": "none"}, {"id": "p071", "admission_day": 4, "room": "r08", "operating_theater": "t2"}, {"id": "p074", "admission_day": "none"}, {"id": "p077", "admission_day": "none"}, {"id": "p080", "admission_day": 10, "room": "r07", "operating_theater": "t3"}, {"id": "p083", "admission_day": 13, "room": "r10", "operating_theater": "t5"}, {"id": "p084", "admission_day": 13, "room": "r01", "operating_theater": "t3"}, {"id": "p085", "admission_day": 11, "room": "r13", "operating_theater": "t0"}, {"id": "p089", "admission_day": "none"}, {"id": "p090", "admission_day": "none"}, {"id": "p095", "admission_day": "none"}, {"id": "p096", "admission_day": "none"}, {"id": "p100", "admission_day": "none"}, {"id": "p103", "admission_day": "none"}, {"id": "p109", "admission_day": 13, "room": "r10", "operating_theater": "t4"}, {"id": "p111", "admission_day": "none"}, {"id": "p113", "admission_day": "none"}, {"id": "p118", "admission_day": 13, "room": "r10", "operating_theater": "t3"}, {"id": "p119", "admission_day": "none"}, {"id": "p123", "admission_day": "none"}, {"id": "p124", "admission_day": "none"}, {"id": "p127", "admission_day": "none"}, {"id": "p128", "admission_day": 13, "room": "r01", "operating_theater": "t3"}, {"id": "p130", "admission_day": "none"}, {"id": "p132", "admission_day": "none"}, {"id": "p134", "admission_day": "none"}, {"id": "p135", "admission_day": "none"}, {"id": "p140", "admission_day": 9, "room": "r07", "operating_theater": "t1"}, {"id": "p145", "admission_day": "none"}, {"id": "p146", "admission_day": "none"}, {"id": "p147", "admission_day": "none"}, {"id": "p150", "admission_day": "none"}, {"id": "p151", "admission_day": "none"}, {"id": "p152", "admission_day": 12, "room": "r12", "operating_theater": "t1"}, {"id": "p153", "admission_day": "none"}, {"id": "p154", "admission_day": "none"}, {"id": "p156", "admission_day": "none"}, {"id": "p158", "admission_day": 13, "room": "r08", "operating_theater": "t5"}, {"id": "p159", "admission_day": 8, "room": "r08", "operating_theater": "t3"}, {"id": "p160", "admission_day": "none"}, {"id": "p162", "admission_day": "none"}, {"id": "p163", "admission_day": "none"}, {"id": "p165", "admission_day": "none"}, {"id": "p169", "admission_day": 13, "room": "r11", "operating_theater": "t3"}, {"id": "p171", "admission_day": "none"}, {"id": "p172", "admission_day": "none"}, {"id": "p173", "admission_day": "none"}, {"id": "p175", "admission_day": "none"}, {"id": "p176", "admission_day": "none"}, {"id": "p178", "admission_day": "none"}, {"id": "p179", "admission_day": 13, "room": "r13", "operating_theater": "t4"}, {"id": "p181", "admission_day": "none"}, {"id": "p182", "admission_day": "none"}, {"id": "p183", "admission_day": "none"}, {"id": "p184", "admission_day": 10, "room": "r08", "operating_theater": "t4"}, {"id": "p185", "admission_day": 13, "room": "r11", "operating_theater": "t3"}, {"id": "p186", "admission_day": "none"}, {"id": "p187", "admission_day": "none"}], "nurses": [{"id": "n000", "assignments": [{"day": 0, "shift": "late", "rooms": ["r00", "r01", "r02"]}, {"day": 1, "shift": "night", "rooms": ["r01", "r03", "r00", "r02", "r04"]}, {"day": 3, "shift": "early", "rooms": ["r00", "r01"]}, {"day": 4, "shift": "early", "rooms": ["r00", "r01", "r02"]}, {"day": 5, "shift": "early", "rooms": ["r00", "r01", "r02"]}, {"day": 6, "shift": "early", "rooms": ["r01", "r03", "r00", "r02", "r12"]}, {"day": 7, "shift": "early", "rooms": ["r00", "r01", "r02"]}, {"day": 8, "shift": "early", "rooms": ["r00", "r01", "r02"]}, {"day": 9, "shift": "late", "rooms": ["r00", "r01", "r02"]}, {"day": 10, "shift": "late", "rooms": ["r00", "r02"]}, {"day": 12, "shift": "early", "rooms": ["r00", "r02", "r01"]}, {"day": 13, "shift": "early", "rooms": ["r00", "r01", "r02", "r03"]}]}, {"id": "n001", "assignments": [{"day": 0, "shift": "late", "rooms": ["r03", "r04", "r05", "r06"]}, {"day": 1, "shift": "late", "rooms": ["r00", "r01", "r02", "r03"]}, {"day": 2, "shift": "late", "rooms": ["r00", "r01"]}, {"day": 3, "shift": "late", "rooms": ["r00", "r01", "r02", "r03"]}, {"day": 4, "shift": "late", "rooms": ["r00", "r01", "r02", "r03"]}, {"day": 5, "shift": "late", "rooms": ["r00", "r01", "r02", "r03"]}, {"day": 6, "shift": "night", "rooms": ["r00", "r01", "r02"]}, {"day": 7, "shift": "night", "rooms": ["r00", "r01", "r02", "r03"]}, {"day": 9, "shift": "late", "rooms": ["r03", "r04", "r05"]}, {"day": 10, "shift": "night", "rooms": ["r00", "r01", "r02", "r03", "r04"]}, {"day": 11, "shift": "night", "rooms": ["r00", "r01", "r02", "r03"]}, {"day": 12, "shift": "night", "rooms": ["r00", "r01", "r02", "r03", "r04"]}, {"day": 13, "shift": "night", "rooms": ["r00", "r01", "r02", "r03", "r04"]}]}, {"id": "n002", "assignments": [{"day": 0, "shift": "early", "rooms": ["r00", "r01", "r02", "r03"]}, {"day": 1, "shift": "early", "rooms": ["r00", "r01", "r02", "r03"]}, {"day": 2, "shift": "early", "rooms": ["r00", "r01", "r02"]}, {"day": 3, "shift": "early", "rooms": ["r02", "r03", "r04"]}, {"day": 4, "shift": "night", "rooms": ["r00", "r01", "r02", "r03", "r04"]}, {"day": 5, "shift": "night", "rooms": ["r00", "r01"]}, {"day": 6, "shift": "night", "rooms": ["r03", "r04"]}, {"day": 7, "shift": "night", "rooms": ["r04", "r05", "r06"]}, {"day": 9, "shift": "early", "rooms": ["r00", "r01", "r02", "r03"]}, {"day": 10, "shift": "early", "rooms": ["r00", "r01", "r02", "r03"]}, {"day": 11, "shift": "early", "rooms": ["r00", "r01", "r02"]}, {"day": 13, "shift": "early", "rooms": ["r04", "r05", "r06"]}]}, {"id": "n003", "assignments": [{"day": 0, "shift": "late", "rooms": ["r07", "r08", "r09", "r10"]}, {"day": 1, "shift": "night", "rooms": ["r05", "r06", "r07", "r08"]}, {"day": 2, "shift": "night", "rooms": ["r00", "r01", "r02", "r03"]}, {"day": 3, "shift": "night", "rooms": ["r00", "r01", "r02", "r03"]}, {"day": 5, "shift": "early", "rooms": ["r03", "r04"]}, {"day": 6, "shift": "early", "rooms": ["r04", "r05", "r06"]}, {"day": 7, "shift": "night", "rooms": ["r13", "r12", "r11", "r07", "r09", "r08"]}, {"day": 8, "shift": "night", "rooms": ["r00", "r01", "r02", "r03"]}, {"day": 9, "shift": "night", "rooms": ["r00", "r01", "r02", "r03"]}, {"day": 11, "shift": "early", "rooms": ["r03", "r04", "r05"]}, {"day": 12, "shift": "late", "rooms": ["r00", "r01", "r02"]}, {"day": 13, "shift": "late", "rooms": ["r00", "r01", "r02", "r03"]}]}, {"id": "n004", "assignments": [{"day": 0, "shift": "night", "rooms": ["r00", "r01", "r02", "r03", "r04", "r05", "r06"]}, {"day": 2, "shift": "early", "rooms": ["r03", "r04"]}, {"day": 3, "shift": "early", "rooms": ["r05", "r06"]}, {"day": 4, "shift": "early", "rooms": ["r03", "r04"]}, {"day": 5, "shift": "early", "rooms": ["r05", "r06"]}, {"day": 6, "shift": "late", "rooms": ["r00", "r01", "r02", "r03"]}, {"day": 7, "shift": "night", "rooms": ["r14"]}, {"day": 8, "shift": "night", "rooms": ["r04", "r05", "r06"]}, {"day": 9, "shift": "night", "rooms": ["r04", "r05", "r06"]}, {"day": 10, "shift": "night", "rooms": ["r05", "r06", "r07"]}, {"day": 11, "shift": "night", "rooms": ["r04", "r05", "r06"]}, {"day": 12, "shift": "night", "rooms": ["r05", "r06", "r07"]}, {"day": 13, "shift": "night", "rooms": ["r05", "r06", "r07", "r08", "r09", "r10", "r11", "r12"]}]}, {"id": "n005", "assignments": [{"day": 0, "shift": "late", "rooms": ["r11", "r12", "r13", "r14"]}, {"day": 1, "shift": "late", "rooms": ["r04", "r05"]}, {"day": 2, "shift": "late", "rooms": ["r02", "r03"]}, {"day": 3, "shift": "late", "rooms": ["r04", "r05"]}, {"day": 5, "shift": "early", "rooms": ["r07", "r08"]}, {"day": 6, "shift": "late", "rooms": ["r04", "r05"]}, {"day": 8, "shift": "night", "rooms": ["r07", "r08"]}, {"day": 9, "shift": "night", "rooms": ["r07", "r08", "r09"]}, {"day": 10, "shift": "night", "rooms": ["r08", "r09", "r10"]}, {"day": 11, "shift": "night", "rooms": ["r07", "r08", "r09"]}, {"day": 12, "shift": "night", "rooms": ["r08", "r09", "r10", "r11", "r12", "r13"]}, {"day": 13, "shift": "night", "rooms": ["r13", "r14"]}]}, {"id": "n006", "assignments": [{"day": 0, "shift": "night", "rooms": ["r07", "r08", "r09", "r10", "r11", "r12", "r13", "r14"]}, {"day": 2, "shift": "early", "rooms": ["r05", "r06"]}, {"day": 3, "shift": "late", "rooms": ["r06", "r07"]}, {"day": 4, "shift": "late", "rooms": ["r04", "r05"]}, {"day": 5, "shift": "late", "rooms": ["r04", "r05", "r06"]}, {"day": 6, "shift": "night", "rooms": ["r05", "r06", "r07", "r08"]}, {"day": 8, "shift": "night", "rooms": ["r09", "r10", "r11", "r12", "r13"]}, {"day": 11, "shift": "early", "rooms": ["r06", "r07"]}, {"day": 12, "shift": "night", "rooms": ["r14"]}, {"day": 7, "shift": "night", "rooms": ["r10"]}]}, {"id": "n007", "assignments": [{"day": 1, "shift": "early", "rooms": ["r04", "r05"]}, {"day": 2, "shift": "late", "rooms": ["r04", "r05"]}, {"day": 3, "shift": "late", "rooms": ["r08"]}, {"day": 4, "shift": "late", "rooms": ["r06", "r07"]}, {"day": 5, "shift": "night", "rooms": ["r02", "r03", "r04", "r05"]}, {"day": 6, "shift": "night", "rooms": ["r09", "r10", "r11", "r12", "r13", "r14"]}, {"day": 8, "shift": "early", "rooms": ["r03", "r04"]}, {"day": 9, "shift": "early", "rooms": ["r04", "r05"]}, {"day": 11, "shift": "early", "rooms": ["r08", "r09"]}, {"day": 12, "shift": "early", "rooms": ["r04", "r05"]}, {"day": 13, "shift": "early", "rooms": ["r07", "r08", "r09", "r10", "r11"]}]}, {"id": "n008", "assignments": [{"day": 1, "shift": "early", "rooms": ["r06", "r07", "r08", "r09"]}, {"day": 2, "shift": "early", "rooms": ["r07"]}, {"day": 3, "shift": "night", "rooms": ["r04", "r05"]}, {"day": 5, "shift": "early", "rooms": ["r09", "r10", "r11", "r12", "r13"]}, {"day": 6, "shift": "late", "rooms": ["r06", "r07", "r08", "r09"]}, {"day": 8, "shift": "early", "rooms": ["r05", "r06"]}, {"day": 9, "shift": "early", "rooms": ["r06", "r07"]}, {"day": 10, "shift": "early", "rooms": ["r04"]}, {"day": 11, "shift": "early", "rooms": ["r10", "r11", "r12"]}, {"day": 12, "shift": "early", "rooms": ["r06", "r07", "r08"]}, {"day": 13, "shift": "early", "rooms": ["r12", "r13"]}]}, {"id": "n009", "assignments": [{"day": 1, "shift": "night", "rooms": ["r09", "r10"]}, {"day": 2, "shift": "night", "rooms": ["r04", "r05"]}, {"day": 3, "shift": "night", "rooms": ["r06", "r07", "r08"]}, {"day": 4, "shift": "night", "rooms": ["r05", "r06", "r07", "r08"]}, {"day": 5, "shift": "night", "rooms": ["r06", "r07", "r08", "r09"]}, {"day": 8, "shift": "early", "rooms": ["r07", "r08", "r09"]}, {"day": 9, "shift": "early", "rooms": ["r08", "r09", "r10"]}, {"day": 10, "shift": "early", "rooms": ["r05"]}, {"day": 11, "shift": "early", "rooms": ["r13", "r14"]}, {"day": 12, "shift": "early", "rooms": ["r09", "r10", "r11", "r12", "r13"]}, {"day": 13, "shift": "early", "rooms": ["r14", "r11"]}]}, {"id": "n010", "assignments": [{"day": 0, "shift": "early", "rooms": ["r04", "r05"]}, {"day": 1, "shift": "late", "rooms": ["r07", "r06"]}, {"day": 2, "shift": "late", "rooms": ["r06", "r07"]}, {"day": 3, "shift": "night", "rooms": ["r09", "r10", "r11", "r12"]}, {"day": 5, "shift": "early", "rooms": ["r14"]}, {"day": 6, "shift": "late", "rooms": ["r10", "r11", "r12", "r13"]}, {"day": 7, "shift": "late", "rooms": ["r00", "r01"]}, {"day": 8, "shift": "night", "rooms": ["r14"]}, {"day": 10, "shift": "early", "rooms": ["r06", "r07"]}]}, {"id": "n011", "assignments": [{"day": 0, "shift": "early", "rooms": ["r06", "r07", "r08", "r09", "r10"]}, {"day": 1, "shift": "early", "rooms": ["r10", "r11", "r12"]}, {"day": 2, "shift": "early", "rooms": ["r08"]}, {"day": 3, "shift": "early", "rooms": ["r07", "r08"]}, {"day": 4, "shift": "night", "rooms": ["r09", "r10", "r11", "r12", "r13"]}, {"day": 6, "shift": "late", "rooms": ["r14"]}, {"day": 7, "shift": "late", "rooms": ["r02", "r03"]}, {"day": 8, "shift": "late", "rooms": ["r00", "r01", "r02", "r03"]}, {"day": 10, "shift": "early", "rooms": ["r08", "r09", "r10"]}, {"day": 11, "shift": "late", "rooms": ["r00", "r01", "r02", "r03"]}, {"day": 13, "shift": "late", "rooms": ["r04", "r05", "r06"]}]}, {"id": "n012", "assignments": [{"day": 1, "shift": "late", "rooms": ["r09", "r10"]}, {"day": 2, "shift": "night", "rooms": ["r06", "r07", "r08"]}, {"day": 4, "shift": "early", "rooms": ["r05", "r06"]}, {"day": 8, "shift": "early", "rooms": ["r10", "r11", "r12", "r13"]}, {"day": 9, "shift": "early", "rooms": ["r11", "r12", "r13", "r14"]}, {"day": 10, "shift": "early", "rooms": ["r11", "r12", "r13", "r14"]}, {"day": 11, "shift": "late", "rooms": ["r04"]}, {"day": 12, "shift": "late", "rooms": ["r03", "r04", "r05"]}, {"day": 13, "shift": "late", "rooms": ["r07", "r08", "r09", "r10", "r11", "r12", "r13"]}, {"day": 0, "shift": "late", "rooms": ["r01"]}]}, {"id": "n013", "assignments": [{"day": 1, "shift": "night", "rooms": ["r11", "r12", "r13", "r14"]}, {"day": 3, "shift": "early", "rooms": ["r09", "r10"]}, {"day": 4, "shift": "early", "rooms": ["r07", "r08"]}, {"day": 5, "shift": "late", "rooms": ["r07", "r08", "r09"]}, {"day": 8, "shift": "early", "rooms": ["r14"]}, {"day": 9, "shift": "night", "rooms": ["r10", "r11", "r12"]}, {"day": 12, "shift": "late", "rooms": ["r06", "r07"]}, {"day": 13, "shift": "late", "rooms": ["r14"]}, {"day": 6, "shift": "night", "rooms": ["r00", "r09"]}, {"day": 0, "shift": "late", "rooms": ["r10"]}]}, {"id": "n014", "assignments": [{"day": 2, "shift": "early", "rooms": ["r09", "r10"]}, {"day": 3, "shift": "early", "rooms": ["r11", "r12", "r13"]}, {"day": 4, "shift": "early", "rooms": ["r09", "r10", "r11"]}, {"day": 5, "shift": "night", "rooms": ["r10", "r11", "r12", "r13", "r14"]}, {"day": 11, "shift": "late", "rooms": ["r05", "r06"]}, {"day": 6, "shift": "night", "rooms": ["r14", "r11"]}, {"day": 10, "shift": "early", "rooms": ["r06"]}]}, {"id": "n015", "assignments": [{"day": 3, "shift": "late", "rooms": ["r09", "r10"]}, {"day": 4, "shift": "late", "rooms": ["r08", "r09"]}, {"day": 5, "shift": "late", "rooms": ["r10", "r11", "r12", "r13"]}, {"day": 11, "shift": "late", "rooms": ["r08"]}]}, {"id": "n016", "assignments": [{"day": 3, "shift": "early", "rooms": ["r14"]}, {"day": 4, "shift": "late", "rooms": ["r11"]}, {"day": 7, "shift": "early", "rooms": ["r03", "r04"]}, {"day": 10, "shift": "late", "rooms": ["r03", "r04"]}, {"day": 11, "shift": "night", "rooms": ["r10", "r11", "r12", "r13"]}, {"day": 9, "shift": "early", "rooms": []}, {"day": 5, "shift": "night", "rooms": []}, {"day": 0, "shift": "late", "rooms": ["r14"]}]}, {"id": "n017", "assignments": [{"day": 3, "shift": "late", "rooms": ["r11", "r12"]}, {"day": 4, "shift": "late", "rooms": ["r12", "r13", "r14"]}, {"day": 7, "shift": "early", "rooms": ["r05"]}, {"day": 8, "shift": "late", "rooms": ["r04", "r05"]}, {"day": 9, "shift": "late", "rooms": ["r06", "r07"]}, {"day": 10, "shift": "late", "rooms": ["r05", "r06"]}, {"day": 11, "shift": "late", "rooms": ["r09", "r10", "r11"]}]}, {"id": "n018", "assignments": [{"day": 2, "shift": "early", "rooms": ["r11", "r12", "r13"]}, {"day": 3, "shift": "late", "rooms": ["r13", "r14"]}, {"day": 5, "shift": "late", "rooms": ["r13", "r14"]}, {"day": 7, "shift": "early", "rooms": ["r09", "r08"]}, {"day": 8, "shift": "late", "rooms": ["r06", "r07"]}, {"day": 9, "shift": "night", "rooms": ["r13", "r14"]}, {"day": 11, "shift": "night", "rooms": ["r14"]}]}, {"id": "n019", "assignments": [{"day": 4, "shift": "early", "rooms": ["r12", "r13", "r14"]}, {"day": 6, "shift": "early", "rooms": ["r07", "r08", "r09"]}, {"day": 8, "shift": "late", "rooms": ["r08", "r09"]}, {"day": 9, "shift": "late", "rooms": ["r08", "r09"]}, {"day": 10, "shift": "late", "rooms": ["r07", "r08"]}, {"day": 11, "shift": "late", "rooms": ["r12", "r13"]}, {"day": 12, "shift": "late", "rooms": ["r08", "r09", "r10"]}, {"day": 13, "shift": "night", "rooms": ["r12"]}]}, {"id": "n020", "assignments": [{"day": 1, "shift": "early", "rooms": ["r13", "r14"]}, {"day": 2, "shift": "early", "rooms": ["r14"]}, {"day": 7, "shift": "early", "rooms": ["r10", "r11", "r12", "r13", "r14"]}, {"day": 8, "shift": "late", "rooms": ["r10", "r11", "r12"]}, {"day": 9, "shift": "late", "rooms": ["r10", "r11"]}, {"day": 10, "shift": "night", "rooms": ["r11", "r12", "r13", "r14"]}]}, {"id": "n021", "assignments": [{"day": 0, "shift": "early", "rooms": ["r11", "r12", "r13"]}, {"day": 7, "shift": "late", "rooms": ["r04", "r05"]}, {"day": 9, "shift": "late", "rooms": ["r12", "r13", "r14"]}, {"day": 10, "shift": "late", "rooms": ["r09", "r10", "r11", "r12"]}, {"day": 12, "shift": "early", "rooms": ["r03", "r14"]}, {"day": 4, "shift": "late", "rooms": ["r08", "r10"]}, {"day": 1, "shift": "early", "rooms": ["r13"]}]}, {"id": "n022", "assignments": [{"day": 0, "shift": "early", "rooms": ["r14", "r04"]}, {"day": 2, "shift": "late", "rooms": []}, {"day": 3, "shift": "night", "rooms": ["r13", "r14"]}, {"day": 6, "shift": "early", "rooms": ["r10", "r11", "r12", "r13"]}, {"day": 8, "shift": "late", "rooms": ["r13"]}, {"day": 10, "shift": "late", "rooms": ["r13", "r14", "r01"]}, {"day": 13, "shift": "late", "rooms": ["r02"]}, {"day": 9, "shift": "late", "rooms": ["r10"]}, {"day": 7, "shift": "early", "rooms": ["r06"]}]}, {"id": "n023", "assignments": [{"day": 2, "shift": "late", "rooms": ["r09", "r10", "r11"]}, {"day": 4, "shift": "night", "rooms": ["r14"]}, {"day": 6, "shift": "early", "rooms": ["r14"]}, {"day": 7, "shift": "late", "rooms": ["r06", "r07"]}, {"day": 8, "shift": "late", "rooms": ["r14"]}, {"day": 11, "shift": "late", "rooms": ["r14"]}, {"day": 3, "shift": "night", "rooms": ["r12"]}, {"day": 9, "shift": "late", "rooms": ["r06"]}]}, {"id": "n024", "assignments": [{"day": 2, "shift": "late", "rooms": ["r12", "r13", "r14"]}, {"day": 7, "shift": "early", "rooms": ["r10", "r07"]}, {"day": 4, "shift": "early", "rooms": ["r14"]}]}, {"id": "n025", "assignments": [{"day": 12, "shift": "late", "rooms": ["r13", "r14", "r11"]}]}, {"id": "n026", "assignments": [{"day": 1, "shift": "late", "rooms": ["r11", "r12", "r13", "r14"]}, {"day": 2, "shift": "night", "rooms": ["r09", "r10", "r11"]}]}, {"id": "n027", "assignments": [{"day": 7, "shift": "late", "rooms": ["r09", "r11", "r08", "r13", "r10"]}, {"day": 6, "shift": "late", "rooms": ["r13"]}, {"day": 11, "shift": "late", "rooms": ["r13", "r07"]}, {"day": 12, "shift": "late", "rooms": ["r12"]}, {"day": 2, "shift": "late", "rooms": ["r04"]}]}, {"id": "n028", "assignments": [{"day": 7, "shift": "late", "rooms": ["r14"]}, {"day": 2, "shift": "late", "rooms": ["r08"]}]}, {"id": "n029", "assignments": [{"day": 2, "shift": "night", "rooms": ["r12", "r13", "r14"]}, {"day": 7, "shift": "late", "rooms": ["r09", "r01"]}, {"day": 1, "shift": "late", "rooms": ["r08"]}]}], "room_allocation": {"(0, 'r00')": [["a14", "A", "elderly"], ["p015", "A", "elderly"]], "(0, 'r01')": [["a06", "B", "adult"]], "(0, 'r02')": [["a11", "A", "elderly"], ["a15", "A", "adult"]], "(0, 'r03')": [["a05", "A", "adult"], ["p018", "A", "elderly"]], "(0, 'r04')": [["a03", "A", "elderly"]], "(0, 'r05')": [["a04", "B", "adult"], ["a07", "B", "elderly"], ["a13", "B", "elderly"]], "(0, 'r06')": [["a12", "B", "elderly"]], "(0, 'r07')": [["a16", "B", "adult"]], "(0, 'r08')": [["a00", "B", "adult"]], "(0, 'r09')": [["a01", "A", "adult"], ["a09", "A", "elderly"]], "(0, 'r10')": [["a02", "A", "adult"], ["p047", "A", "adult"]], "(0, 'r11')": [], "(0, 'r12')": [["a19", "A", "adult"]], "(0, 'r13')": [["a08", "B", "infant"], ["a18", "B", "elderly"]], "(0, 'r14')": [["a10", "A", "elderly"], ["a17", "A", "elderly"]], "(1, 'r00')": [["a14", "A", "elderly"], ["p015", "A", "elderly"]], "(1, 'r01')": [["a06", "B", "adult"], ["p005", "B", "adult"], ["p051", "B", "adult"]], "(1, 'r02')": [["a11", "A", "elderly"], ["a15", "A", "adult"]], "(1, 'r03')": [["p018", "A", "elderly"], ["p060", "A", "elderly"], ["p064", "A", "elderly"]], "(1, 'r04')": [["p054", "A", "adult"], ["p001", "A", "elderly"], ["p004", "A", "elderly"]], "(1, 'r05')": [["a04", "B", "adult"], ["a07", "B", "elderly"], ["a13", "B", "elderly"], ["p023", "B", "elderly"]], "(1, 'r06')": [["p014", "B", "adult"], ["p038", "B", "elderly"]], "(1, 'r07')": [["a16", "B", "adult"], ["p008", "B", "elderly"]], "(1, 'r08')": [["p020", "A", "elderly"], ["p027", "A", "elderly"], ["p042", "A", "elderly"]], "(1, 'r09')": [["a01", "A", "adult"], ["a09", "A", "elderly"]], "(1, 'r10')": [["p047", "A", "adult"], ["p033", "A", "elderly"]], "(1, 'r11')": [], "(1, 'r12')": [["a19", "A", "adult"]], "(1, 'r13')": [["a08", "B", "infant"], ["a18", "B", "elderly"]], "(1, 'r14')": [["a10", "A", "elderly"], ["a17", "A", "elderly"]], "(2, 'r00')": [["p015", "A", "elderly"], ["p062", "A", "elderly"]], "(2, 'r01')": [["p005", "B", "adult"], ["p051", "B", "adult"], ["p003", "B", "elderly"]], "(2, 'r02')": [["a11", "A", "elderly"], ["p079", "A", "elderly"]], "(2, 'r03')": [["p018", "A", "elderly"], ["p060", "A", "elderly"], ["p064", "A", "elderly"]], "(2, 'r04')": [["p054", "A", "adult"], ["p001", "A", "elderly"], ["p004", "A", "elderly"]], "(2, 'r05')": [["a04", "B", "adult"], ["a07", "B", "elderly"], ["a13", "B", "elderly"], ["p023", "B", "elderly"]], "(2, 'r06')": [["p014", "B", "adult"], ["p038", "B", "elderly"], ["p040", "B", "elderly"], ["p081", "B", "elderly"]], "(2, 'r07')": [["a16", "B", "adult"], ["p008", "B", "elderly"], ["p068", "B", "elderly"]], "(2, 'r08')": [["p020", "A", "elderly"], ["p027", "A", "elderly"], ["p042", "A", "elderly"], ["p024", "A", "elderly"]], "(2, 'r09')": [["a09", "A", "elderly"], ["p000", "A", "elderly"]], "(2, 'r10')": [["p047", "A", "adult"], ["p033", "A", "elderly"], ["p069", "A", "elderly"]], "(2, 'r11')": [["p030", "B", "elderly"], ["p067", "B", "elderly"], ["p076", "B", "elderly"]], "(2, 'r12')": [["a19", "A", "adult"], ["p012", "A", "elderly"]], "(2, 'r13')": [["a08", "B", "infant"], ["a18", "B", "elderly"], ["p025", "B", "adult"]], "(2, 'r14')": [["a10", "A", "elderly"], ["a17", "A", "elderly"]], "(3, 'r00')": [["p015", "A", "elderly"], ["p062", "A", "elderly"]], "(3, 'r01')": [["p005", "B", "adult"], ["p051", "B", "adult"], ["p003", "B", "elderly"]], "(3, 'r02')": [["p079", "A", "elderly"], ["p056", "A", "elderly"]], "(3, 'r03')": [["p060", "A", "elderly"], ["p064", "A", "elderly"], ["p065", "A", "elderly"]], "(3, 'r04')": [["p054", "A", "adult"], ["p001", "A", "elderly"], ["p004", "A", "elderly"]], "(3, 'r05')": [["a04", "B", "adult"], ["a13", "B", "elderly"], ["p023", "B", "elderly"], ["p013", "B", "elderly"]], "(3, 'r06')": [["p014", "B", "adult"], ["p038", "B", "elderly"], ["p040", "B", "elderly"], ["p081", "B", "elderly"]], "(3, 'r07')": [["a16", "B", "adult"], ["p008", "B", "elderly"], ["p068", "B", "elderly"]], "(3, 'r08')": [["p020", "A", "elderly"], ["p027", "A", "elderly"], ["p042", "A", "elderly"], ["p024", "A", "elderly"]], "(3, 'r09')": [["p000", "A", "elderly"], ["p053", "A", "elderly"]], "(3, 'r10')": [["p047", "A", "adult"], ["p033", "A", "elderly"], ["p069", "A", "elderly"]], "(3, 'r11')": [["p030", "B", "elderly"], ["p067", "B", "elderly"], ["p076", "B", "elderly"]], "(3, 'r12')": [["a19", "A", "adult"], ["p012", "A", "elderly"]], "(3, 'r13')": [["a18", "B", "elderly"], ["p025", "B", "adult"], ["p002", "B", "elderly"]], "(3, 'r14')": [["p073", "A", "elderly"], ["p044", "A", "elderly"]], "(4, 'r00')": [["p015", "A", "elderly"], ["p062", "A", "elderly"]], "(4, 'r01')": [["p005", "B", "adult"], ["p051", "B", "adult"], ["p003", "B", "elderly"]], "(4, 'r02')": [["p079", "A", "elderly"], ["p056", "A", "elderly"]], "(4, 'r03')": [["p060", "A", "elderly"], ["p064", "A", "elderly"], ["p065", "A", "elderly"]], "(4, 'r04')": [["p054", "A", "adult"], ["p001", "A", "elderly"], ["p004", "A", "elderly"]], "(4, 'r05')": [["p023", "B", "elderly"], ["p013", "B", "elderly"], ["p043", "B", "adult"], ["p032", "B", "adult"]], "(4, 'r06')": [["p014", "B", "adult"], ["p040", "B", "elderly"], ["p081", "B", "elderly"], ["p045", "B", "elderly"]], "(4, 'r07')": [["a16", "B", "adult"], ["p008", "B", "elderly"], ["p068", "B", "elderly"]], "(4, 'r08')": [["p027", "A", "elderly"], ["p042", "A", "elderly"], ["p024", "A", "elderly"], ["p071", "A", "elderly"]], "(4, 'r09')": [["p000", "A", "elderly"], ["p053", "A", "elderly"]], "(4, 'r10')": [["p047", "A", "adult"], ["p033", "A", "elderly"]], "(4, 'r11')": [["p030", "B", "elderly"], ["p067", "B", "elderly"], ["p087", "B", "elderly"]], "(4, 'r12')": [], "(4, 'r13')": [["a18", "B", "elderly"], ["p025", "B", "adult"], ["p002", "B", "elderly"]], "(4, 'r14')": [["p073", "A", "elderly"], ["p044", "A", "elderly"]], "(5, 'r00')": [["p015", "A", "elderly"], ["p062", "A", "elderly"]], "(5, 'r01')": [["p005", "B", "adult"], ["p051", "B", "adult"], ["p003", "B", "elderly"]], "(5, 'r02')": [["p056", "A", "elderly"], ["p136", "A", "elderly"]], "(5, 'r03')": [["p060", "A", "elderly"], ["p064", "A", "elderly"], ["p065", "A", "elderly"]], "(5, 'r04')": [["p004", "A", "elderly"], ["p102", "A", "elderly"]], "(5, 'r05')": [["p013", "B", "elderly"], ["p043", "B", "adult"], ["p032", "B", "adult"]], "(5, 'r06')": [["p014", "B", "adult"], ["p081", "B", "elderly"], ["p045", "B", "elderly"]], "(5, 'r07')": [["a16", "B", "adult"], ["p068", "B", "elderly"]], "(5, 'r08')": [["p027", "A", "elderly"], ["p024", "A", "elderly"], ["p071", "A", "elderly"]], "(5, 'r09')": [["p000", "A", "elderly"], ["p053", "A", "elderly"]], "(5, 'r10')": [["p033", "A", "elderly"]], "(5, 'r11')": [["p030", "B", "elderly"], ["p087", "B", "elderly"]], "(5, 'r12')": [], "(5, 'r13')": [["a18", "B", "elderly"], ["p025", "B", "adult"], ["p002", "B", "elderly"]], "(5, 'r14')": [["p073", "A", "elderly"], ["p044", "A", "elderly"]], "(6, 'r00')": [], "(6, 'r01')": [["p005", "B", "adult"], ["p003", "B", "elderly"]], "(6, 'r02')": [["p056", "A", "elderly"], ["p136", "A", "elderly"]], "(6, 'r03')": [["p064", "A", "elderly"], ["p065", "A", "elderly"]], "(6, 'r04')": [["p102", "A", "elderly"], ["p086", "A", "elderly"]], "(6, 'r05')": [["p013", "B", "elderly"], ["p043", "B", "adult"], ["p032", "B", "adult"]], "(6, 'r06')": [["p014", "B", "adult"], ["p081", "B", "elderly"], ["p045", "B", "elderly"]], "(6, 'r07')": [["p068", "B", "elderly"]], "(6, 'r08')": [["p027", "A", "elderly"], ["p024", "A", "elderly"], ["p071", "A", "elderly"]], "(6, 'r09')": [["p000", "A", "elderly"], ["p053", "A", "elderly"]], "(6, 'r10')": [["p033", "A", "elderly"]], "(6, 'r11')": [["p030", "B", "elderly"]], "(6, 'r12')": [], "(6, 'r13')": [["a18", "B", "elderly"], ["p025", "B", "adult"], ["p002", "B", "elderly"]], "(6, 'r14')": [["p044", "A", "elderly"], ["p029", "A", "elderly"]], "(7, 'r00')": [["p011", "B", "elderly"]], "(7, 'r01')": [["p005", "B", "adult"], ["p003", "B", "elderly"], ["p101", "B", "elderly"]], "(7, 'r02')": [["p056", "A", "elderly"], ["p136", "A", "elderly"]], "(7, 'r03')": [["p063", "A", "elderly"], ["p092", "A", "elderly"], ["p144", "A", "elderly"]], "(7, 'r04')": [["p102", "A", "elderly"], ["p086", "A", "elderly"], ["p167", "A", "elderly"]], "(7, 'r05')": [["p013", "B", "elderly"], ["p043", "B", "adult"], ["p032", "B", "adult"], ["p149", "B", "elderly"]], "(7, 'r06')": [["p055", "A", "adult"], ["p097", "A", "adult"], ["p108", "A", "elderly"]], "(7, 'r07')": [["p068", "B", "elderly"], ["p120", "B", "elderly"], ["p028", "B", "elderly"]], "(7, 'r08')": [["p071", "A", "elderly"]], "(7, 'r09')": [["p000", "A", "elderly"], ["p053", "A", "elderly"]], "(7, 'r10')": [["p050", "B", "elderly"]], "(7, 'r11')": [], "(7, 'r12')": [], "(7, 'r13')": [["a18", "B", "elderly"], ["p002", "B", "elderly"], ["p115", "B", "elderly"]], "(7, 'r14')": [["p044", "A", "elderly"], ["p029", "A", "elderly"]], "(8, 'r00')": [["p019", "B", "elderly"], ["p011", "B", "elderly"]], "(8, 'r01')": [["p005", "B", "adult"], ["p003", "B", "elderly"], ["p101", "B", "elderly"]], "(8, 'r02')": [["p056", "A", "elderly"], ["p136", "A", "elderly"]], "(8, 'r03')": [["p063", "A", "elderly"], ["p092", "A", "elderly"], ["p144", "A", "elderly"]], "(8, 'r04')": [["p102", "A", "elderly"], ["p086", "A", "elderly"], ["p167", "A", "elderly"]], "(8, 'r05')": [["p013", "B", "elderly"], ["p149", "B", "elderly"], ["p138", "B", "elderly"], ["p006", "B", "elderly"]], "(8, 'r06')": [["p055", "A", "adult"], ["p097", "A", "adult"], ["p108", "A", "elderly"], ["p174", "A", "elderly"]], "(8, 'r07')": [["p120", "B", "elderly"], ["p028", "B", "elderly"]], "(8, 'r08')": [["p061", "A", "elderly"], ["p159", "A", "elderly"]], "(8, 'r09')": [["p078", "B", "elderly"], ["p114", "B", "elderly"]], "(8, 'r10')": [["p050", "B", "elderly"], ["p049", "B", "adult"]], "(8, 'r11')": [["p107", "B", "elderly"]], "(8, 'r12')": [["p088", "A", "elderly"], ["p110", "A", "elderly"]], "(8, 'r13')": [["a18", "B", "elderly"], ["p002", "B", "elderly"], ["p115", "B", "elderly"]], "(8, 'r14')": [["p044", "A", "elderly"], ["p029", "A", "elderly"]], "(9, 'r00')": [["p019", "B", "elderly"], ["p011", "B", "elderly"]], "(9, 'r01')": [["p005", "B", "adult"], ["p003", "B", "elderly"], ["p101", "B", "elderly"]], "(9, 'r02')": [["p056", "A", "elderly"], ["p133", "A", "elderly"]], "(9, 'r03')": [["p063", "A", "elderly"], ["p092", "A", "elderly"], ["p144", "A", "elderly"]], "(9, 'r04')": [["p102", "A", "elderly"], ["p167", "A", "elderly"], ["p057", "A", "elderly"]], "(9, 'r05')": [["p149", "B", "elderly"], ["p138", "B", "elderly"], ["p006", "B", "elderly"]], "(9, 'r06')": [["p055", "A", "adult"], ["p097", "A", "adult"], ["p108", "A", "elderly"], ["p174", "A", "elderly"]], "(9, 'r07')": [["p120", "B", "elderly"], ["p099", "B", "elderly"], ["p140", "B", "elderly"]], "(9, 'r08')": [["p075", "A", "elderly"], ["p036", "A", "adult"], ["p061", "A", "elderly"], ["p159", "A", "elderly"]], "(9, 'r09')": [["p078", "B", "elderly"], ["p114", "B", "elderly"]], "(9, 'r10')": [["p050", "B", "elderly"], ["p049", "B", "adult"]], "(9, 'r11')": [["p107", "B", "elderly"], ["p141", "B", "elderly"]], "(9, 'r12')": [["p088", "A", "elderly"], ["p110", "A", "elderly"]], "(9, 'r13')": [["p002", "B", "elderly"], ["p115", "B", "elderly"], ["p031", "B", "elderly"]], "(9, 'r14')": [["p044", "A", "elderly"], ["p093", "A", "elderly"]], "(10, 'r00')": [["p019", "B", "elderly"], ["p094", "B", "elderly"]], "(10, 'r01')": [["p005", "B", "adult"], ["p003", "B", "elderly"], ["p101", "B", "elderly"]], "(10, 'r02')": [["p056", "A", "elderly"], ["p133", "A", "elderly"]], "(10, 'r03')": [["p092", "A", "elderly"], ["p144", "A", "elderly"], ["p177", "A", "elderly"]], "(10, 'r04')": [["p102", "A", "elderly"], ["p167", "A", "elderly"], ["p057", "A", "elderly"]], "(10, 'r05')": [["p116", "B", "adult"], ["p046", "B", "elderly"]], "(10, 'r06')": [["p055", "A", "adult"], ["p097", "A", "adult"], ["p108", "A", "elderly"], ["p174", "A", "elderly"]], "(10, 'r07')": [["p099", "B", "elderly"], ["p080", "B", "elderly"], ["p140", "B", "elderly"]], "(10, 'r08')": [["p075", "A", "elderly"], ["p036", "A", "adult"], ["p159", "A", "elderly"], ["p184", "A", "elderly"]], "(10, 'r09')": [["p078", "B", "elderly"]], "(10, 'r10')": [["p050", "B", "elderly"], ["p049", "B", "adult"]], "(10, 'r11')": [["p107", "B", "elderly"], ["p141", "B", "elderly"]], "(10, 'r12')": [["p088", "A", "elderly"], ["p112", "A", "elderly"]], "(10, 'r13')": [["p002", "B", "elderly"], ["p115", "B", "elderly"], ["p031", "B", "elderly"]], "(10, 'r14')": [["p044", "A", "elderly"], ["p093", "A", "elderly"]], "(11, 'r00')": [["p019", "B", "elderly"], ["p094", "B", "elderly"]], "(11, 'r01')": [["p101", "B", "elderly"], ["p137", "B", "elderly"], ["p180", "B", "adult"]], "(11, 'r02')": [["p133", "A", "elderly"], ["p091", "A", "adult"]], "(11, 'r03')": [["p144", "A", "elderly"], ["p177", "A", "elderly"], ["p170", "A", "elderly"]], "(11, 'r04')": [["p167", "A", "elderly"], ["p057", "A", "elderly"], ["p117", "A", "elderly"]], "(11, 'r05')": [["p072", "B", "elderly"], ["p116", "B", "adult"], ["p009", "B", "elderly"], ["p046", "B", "elderly"]], "(11, 'r06')": [["p055", "A", "adult"], ["p097", "A", "adult"], ["p108", "A", "elderly"], ["p174", "A", "elderly"]], "(11, 'r07')": [["p099", "B", "elderly"], ["p080", "B", "elderly"], ["p140", "B", "elderly"]], "(11, 'r08')": [["p075", "A", "elderly"], ["p036", "A", "adult"], ["p159", "A", "elderly"], ["p184", "A", "elderly"]], "(11, 'r09')": [["p106", "A", "elderly"], ["p139", "A", "elderly"]], "(11, 'r10')": [["p050", "B", "elderly"], ["p049", "B", "adult"]], "(11, 'r11')": [["p107", "B", "elderly"], ["p166", "B", "elderly"], ["p141", "B", "elderly"]], "(11, 'r12')": [["p088", "A", "elderly"], ["p112", "A", "elderly"]], "(11, 'r13')": [["p143", "A", "adult"], ["p082", "A", "elderly"], ["p085", "A", "elderly"]], "(11, 'r14')": [["p093", "A", "elderly"], ["p142", "A", "elderly"]], "(12, 'r00')": [["p019", "B", "elderly"], ["p094", "B", "elderly"]], "(12, 'r01')": [["p101", "B", "elderly"], ["p137", "B", "elderly"], ["p180", "B", "adult"]], "(12, 'r02')": [["p091", "A", "adult"], ["p105", "A", "elderly"]], "(12, 'r03')": [["p144", "A", "elderly"], ["p177", "A", "elderly"], ["p170", "A", "elderly"]], "(12, 'r04')": [["p167", "A", "elderly"], ["p057", "A", "elderly"], ["p117", "A", "elderly"]], "(12, 'r05')": [["p072", "B", "elderly"], ["p116", "B", "adult"], ["p009", "B", "elderly"]], "(12, 'r06')": [["p097", "A", "adult"], ["p108", "A", "elderly"], ["p157", "A", "elderly"]], "(12, 'r07')": [["p099", "B", "elderly"], ["p126", "B", "adult"], ["p080", "B", "elderly"]], "(12, 'r08')": [["p075", "A", "elderly"], ["p184", "A", "elderly"]], "(12, 'r09')": [["p106", "A", "elderly"], ["p139", "A", "elderly"]], "(12, 'r10')": [["p050", "B", "elderly"]], "(12, 'r11')": [["p166", "B", "elderly"]], "(12, 'r12')": [["p112", "A", "elderly"], ["p152", "A", "elderly"]], "(12, 'r13')": [["p143", "A", "adult"], ["p082", "A", "elderly"], ["p085", "A", "elderly"]], "(12, 'r14')": [["p093", "A", "elderly"], ["p142", "A", "elderly"]], "(13, 'r00')": [["p019", "B", "elderly"], ["p052", "B", "elderly"]], "(13, 'r01')": [["p101", "B", "elderly"], ["p084", "B", "elderly"], ["p128", "B", "adult"]], "(13, 'r02')": [["p091", "A", "adult"], ["p105", "A", "elderly"]], "(13, 'r03')": [["p170", "A", "elderly"], ["p098", "A", "elderly"], ["p168", "A", "elderly"]], "(13, 'r04')": [["p117", "A", "elderly"], ["p121", "A", "adult"], ["p131", "A", "adult"]], "(13, 'r05')": [["p122", "B", "adult"], ["p072", "B", "elderly"], ["p021", "B", "elderly"], ["p009", "B", "elderly"]], "(13, 'r06')": [["p097", "A", "adult"], ["p157", "A", "elderly"], ["p125", "A", "elderly"], ["p148", "A", "infant"]], "(13, 'r07')": [["p155", "B", "elderly"], ["p099", "B", "elderly"], ["p126", "B", "adult"]], "(13, 'r08')": [["p075", "A", "elderly"], ["p158", "A", "elderly"], ["p184", "A", "elderly"]], "(13, 'r09')": [["p070", "A", "elderly"], ["p139", "A", "elderly"]], "(13, 'r10')": [["p083", "B", "elderly"], ["p109", "B", "elderly"], ["p118", "B", "elderly"]], "(13, 'r11')": [["p166", "B", "elderly"], ["p169", "B", "elderly"], ["p185", "B", "elderly"]], "(13, 'r12')": [["p112", "A", "elderly"], ["p152", "A", "elderly"]], "(13, 'r13')": [["p143", "A", "adult"], ["p104", "A", "elderly"], ["p179", "A", "adult"]], "(13, 'r14')": [["p129", "A", "elderly"], ["p142", "A", "elderly"]]}, "theater_allocation": {"(0, 't0')": 0, "(0, 't1')": 0, "(0, 't2')": 600, "(0, 't3')": 0, "(0, 't4')": 480, "(0, 't5')": 600, "(0, 't6')": -600, "(1, 't0')": 600, "(1, 't1')": 600, "(1, 't2')": 600, "(1, 't3')": 720, "(1, 't4')": 720, "(1, 't5')": 600, "(1, 't6')": -1380, "(2, 't0')": 720, "(2, 't1')": 720, "(2, 't2')": 600, "(2, 't3')": 600, "(2, 't4')": 600, "(2, 't5')": 600, "(2, 't6')": -1260, "(3, 't0')": 600, "(3, 't1')": 720, "(3, 't2')": 600, "(3, 't3')": 720, "(3, 't4')": 600, "(3, 't5')": 720, "(3, 't6')": -450, "(4, 't0')": 600, "(4, 't1')": 600, "(4, 't2')": 720, "(4, 't3')": 720, "(4, 't4')": 600, "(4, 't5')": 720, "(4, 't6')": -180, "(5, 't0')": 480, "(5, 't1')": 0, "(5, 't2')": 600, "(5, 't3')": 480, "(5, 't4')": 480, "(5, 't5')": 0, "(5, 't6')": -480, "(6, 't0')": 0, "(6, 't1')": 480, "(6, 't2')": 0, "(6, 't3')": 0, "(6, 't4')": 0, "(6, 't5')": 0, "(6, 't6')": -300, "(7, 't0')": 720, "(7, 't1')": 720, "(7, 't2')": 720, "(7, 't3')": 600, "(7, 't4')": 480, "(7, 't5')": 600, "(7, 't6')": -1530, "(8, 't0')": 0, "(8, 't1')": 720, "(8, 't2')": 720, "(8, 't3')": 720, "(8, 't4')": 0, "(8, 't5')": 600, "(8, 't6')": -1260, "(9, 't0')": 720, "(9, 't1')": 720, "(9, 't2')": 720, "(9, 't3')": 720, "(9, 't4')": 720, "(9, 't5')": 600, "(9, 't6')": -1230, "(10, 't0')": 0, "(10, 't1')": 0, "(10, 't2')": 600, "(10, 't3')": 600, "(10, 't4')": 480, "(10, 't5')": 720, "(10, 't6')": -420, "(11, 't0')": 720, "(11, 't1')": 720, "(11, 't2')": 480, "(11, 't3')": 600, "(11, 't4')": 600, "(11, 't5')": 720, "(11, 't6')": -1050, "(12, 't0')": 0, "(12, 't1')": 600, "(12, 't2')": 600, "(12, 't3')": 480, "(12, 't4')": 480, "(12, 't5')": 720, "(12, 't6')": -330, "(13, 't0')": 0, "(13, 't1')": 720, "(13, 't2')": 720, "(13, 't3')": 600, "(13, 't4')": 480, "(13, 't5')": 720, "(13, 't6')": -1980}, "surgeon_allocation": {"(0, 's0')": 0, "(0, 's1')": 0, "(0, 's2')": 0, "(0, 's3')": 0, "(0, 's4')": 0, "(1, 's0')": 0, "(1, 's1')": 30, "(1, 's2')": 30, "(1, 's3')": 0, "(1, 's4')": 0, "(2, 's0')": 60, "(2, 's1')": 0, "(2, 's2')": 120, "(2, 's3')": 0, "(2, 's4')": 0, "(3, 's0')": 0, "(3, 's1')": 300, "(3, 's2')": 150, "(3, 's3')": 60, "(3, 's4')": 0, "(4, 's0')": 180, "(4, 's1')": 0, "(4, 's2')": 0, "(4, 's3')": 0, "(4, 's4')": 0, "(5, 's0')": 0, "(5, 's1')": 0, "(5, 's2')": 0, "(5, 's3')": 0, "(5, 's4')": 0, "(6, 's0')": 0, "(6, 's1')": 240, "(6, 's2')": 0, "(6, 's3')": 300, "(6, 's4')": 0, "(7, 's0')": 60, "(7, 's1')": 0, "(7, 's2')": 30, "(7, 's3')": 0, "(7, 's4')": 60, "(8, 's0')": 0, "(8, 's1')": 0, "(8, 's2')": 60, "(8, 's3')": 0, "(8, 's4')": 0, "(9, 's0')": 90, "(9, 's1')": 30, "(9, 's2')": 0, "(9, 's3')": 270, "(9, 's4')": 60, "(10, 's0')": 0, "(10, 's1')": 0, "(10, 's2')": 0, "(10, 's3')": 300, "(10, 's4')": 0, "(11, 's0')": 60, "(11, 's1')": 60, "(11, 's2')": 0, "(11, 's3')": 30, "(11, 's4')": 0, "(12, 's0')": 0, "(12, 's1')": 0, "(12, 's2')": 0, "(12, 's3')": 90, "(12, 's4')": 60, "(13, 's0')": 60, "(13, 's1')": 0, "(13, 's2')": 0, "(13, 's3')": 60, "(13, 's4')": 60}, "operator": "['remove_nurse_room']"}