{"patients": [{"id": "p214", "admission_day": 0, "room": "r09", "operating_theater": "t0"}, {"id": "p006", "admission_day": 0, "room": "r08", "operating_theater": "t0"}, {"id": "p097", "admission_day": 0, "room": "r01", "operating_theater": "t2"}, {"id": "p155", "admission_day": 0, "room": "r08", "operating_theater": "t0"}, {"id": "p236", "admission_day": 0, "room": "r08", "operating_theater": "t1"}, {"id": "p009", "admission_day": 0, "room": "r09", "operating_theater": "t1"}, {"id": "p209", "admission_day": 0, "room": "r01", "operating_theater": "t1"}, {"id": "p032", "admission_day": 0, "room": "r07", "operating_theater": "t1"}, {"id": "p126", "admission_day": 0, "room": "r06", "operating_theater": "t2"}, {"id": "p186", "admission_day": 0, "room": "r12", "operating_theater": "t2"}, {"id": "p196", "admission_day": 0, "room": "r09", "operating_theater": "t2"}, {"id": "p210", "admission_day": 0, "room": "r26", "operating_theater": "t2"}, {"id": "p257", "admission_day": 0, "room": "r26", "operating_theater": "t2"}, {"id": "p036", "admission_day": 1, "room": "r03", "operating_theater": "t0"}, {"id": "p098", "admission_day": 1, "room": "r07", "operating_theater": "t0"}, {"id": "p007", "admission_day": 1, "room": "r10", "operating_theater": "t1"}, {"id": "p102", "admission_day": 1, "room": "r24", "operating_theater": "t0"}, {"id": "p213", "admission_day": 1, "room": "r13", "operating_theater": "t1"}, {"id": "p086", "admission_day": 1, "room": "r20", "operating_theater": "t1"}, {"id": "p171", "admission_day": 1, "room": "r15", "operating_theater": "t2"}, {"id": "p169", "admission_day": 1, "room": "r23", "operating_theater": "t2"}, {"id": "p216", "admission_day": 1, "room": "r15", "operating_theater": "t2"}, {"id": "p255", "admission_day": 1, "room": "r16", "operating_theater": "t2"}, {"id": "p221", "admission_day": 2, "room": "r05", "operating_theater": "t0"}, {"id": "p208", "admission_day": 2, "room": "r02", "operating_theater": "t0"}, {"id": "p013", "admission_day": 2, "room": "r12", "operating_theater": "t0"}, {"id": "p160", "admission_day": 2, "room": "r15", "operating_theater": "t1"}, {"id": "p181", "admission_day": 2, "room": "r15", "operating_theater": "t4"}, {"id": "p107", "admission_day": 2, "room": "r07", "operating_theater": "t0"}, {"id": "p117", "admission_day": 2, "room": "r16", "operating_theater": "t1"}, {"id": "p134", "admission_day": 4, "room": "r18", "operating_theater": "t1"}, {"id": "p154", "admission_day": 2, "room": "r14", "operating_theater": "t2"}, {"id": "p188", "admission_day": 2, "room": "r22", "operating_theater": "t2"}, {"id": "p250", "admission_day": 2, "room": "r21", "operating_theater": "t2"}, {"id": "p027", "admission_day": 3, "room": "r00", "operating_theater": "t1"}, {"id": "p043", "admission_day": 3, "room": "r09", "operating_theater": "t1"}, {"id": "p237", "admission_day": 3, "room": "r01", "operating_theater": "t1"}, {"id": "p129", "admission_day": 3, "room": "r09", "operating_theater": "t2"}, {"id": "p150", "admission_day": 3, "room": "r01", "operating_theater": "t2"}, {"id": "p174", "admission_day": 3, "room": "r11", "operating_theater": "t2"}, {"id": "p053", "admission_day": 4, "room": "r25", "operating_theater": "t0"}, {"id": "p078", "admission_day": 4, "room": "r23", "operating_theater": "t0"}, {"id": "p101", "admission_day": 4, "room": "r06", "operating_theater": "t0"}, {"id": "p161", "admission_day": 4, "room": "r00", "operating_theater": "t1"}, {"id": "p030", "admission_day": 5, "room": "r02", "operating_theater": "t0"}, {"id": "p133", "admission_day": 5, "room": "r03", "operating_theater": "t0"}, {"id": "p243", "admission_day": 5, "room": "r02", "operating_theater": "t0"}, {"id": "p022", "admission_day": 7, "room": "r19", "operating_theater": "t0"}, {"id": "p038", "admission_day": 7, "room": "r04", "operating_theater": "t0"}, {"id": "p223", "admission_day": 7, "room": "r04", "operating_theater": "t1"}, {"id": "p132", "admission_day": 8, "room": "r17", "operating_theater": "t0"}, {"id": "p119", "admission_day": 8, "room": "r03", "operating_theater": "t7"}, {"id": "p051", "admission_day": 11, "room": "r07", "operating_theater": "t1"}, {"id": "p015", "admission_day": 8, "room": "r07", "operating_theater": "t0"}, {"id": "p000", "admission_day": 9, "room": "r26", "operating_theater": "t3"}, {"id": "p028", "admission_day": 13, "room": "r13", "operating_theater": "t2"}, {"id": "p001", "admission_day": 1, "room": "r26", "operating_theater": "t3"}, {"id": "p002", "admission_day": 13, "room": "r03", "operating_theater": "t8"}, {"id": "p003", "admission_day": 4, "room": "r15", "operating_theater": "t3"}, {"id": "p004", "admission_day": 10, "room": "r10", "operating_theater": "t8"}, {"id": "p005", "admission_day": 7, "room": "r09", "operating_theater": "t3"}, {"id": "p008", "admission_day": 3, "room": "r26", "operating_theater": "t8"}, {"id": "p010", "admission_day": 8, "room": "r07", "operating_theater": "t0"}, {"id": "p011", "admission_day": 11, "room": "r14", "operating_theater": "t5"}, {"id": "p012", "admission_day": 1, "room": "r14", "operating_theater": "t3"}, {"id": "p014", "admission_day": 11, "room": "r01", "operating_theater": "t6"}, {"id": "p016", "admission_day": "none"}, {"id": "p017", "admission_day": 4, "room": "r25", "operating_theater": "t8"}, {"id": "p018", "admission_day": 13, "room": "r03", "operating_theater": "t9"}, {"id": "p019", "admission_day": 11, "room": "r01", "operating_theater": "t0"}, {"id": "p020", "admission_day": 13, "room": "r27", "operating_theater": "t4"}, {"id": "p021", "admission_day": 13, "room": "r23", "operating_theater": "t9"}, {"id": "p023", "admission_day": "none"}, {"id": "p024", "admission_day": 11, "room": "r02", "operating_theater": "t1"}, {"id": "p025", "admission_day": 11, "room": "r06", "operating_theater": "t7"}, {"id": "p026", "admission_day": "none"}, {"id": "p029", "admission_day": 9, "room": "r20", "operating_theater": "t1"}, {"id": "p031", "admission_day": 10, "room": "r27", "operating_theater": "t1"}, {"id": "p033", "admission_day": 2, "room": "r19", "operating_theater": "t4"}, {"id": "p034", "admission_day": 13, "room": "r08", "operating_theater": "t4"}, {"id": "p035", "admission_day": "none"}, {"id": "p037", "admission_day": 8, "room": "r06", "operating_theater": "t0"}, {"id": "p039", "admission_day": "none"}, {"id": "p040", "admission_day": 3, "room": "r16", "operating_theater": "t7"}, {"id": "p041", "admission_day": "none"}, {"id": "p042", "admission_day": "none"}, {"id": "p044", "admission_day": 5, "room": "r19", "operating_theater": "t7"}, {"id": "p045", "admission_day": "none"}, {"id": "p046", "admission_day": 2, "room": "r24", "operating_theater": "t8"}, {"id": "p047", "admission_day": 8, "room": "r26", "operating_theater": "t4"}, {"id": "p048", "admission_day": "none"}, {"id": "p049", "admission_day": 9, "room": "r15", "operating_theater": "t1"}, {"id": "p050", "admission_day": 7, "room": "r08", "operating_theater": "t5"}, {"id": "p052", "admission_day": 8, "room": "r13", "operating_theater": "t7"}, {"id": "p054", "admission_day": "none"}, {"id": "p055", "admission_day": "none"}, {"id": "p056", "admission_day": 8, "room": "r05", "operating_theater": "t0"}, {"id": "p057", "admission_day": 9, "room": "r25", "operating_theater": "t1"}, {"id": "p058", "admission_day": 13, "room": "r13", "operating_theater": "t3"}, {"id": "p060", "admission_day": "none"}, {"id": "p061", "admission_day": "none"}, {"id": "p062", "admission_day": 13, "room": "r23", "operating_theater": "t7"}, {"id": "p064", "admission_day": "none"}, {"id": "p065", "admission_day": "none"}, {"id": "p066", "admission_day": 13, "room": "r20", "operating_theater": "t3"}, {"id": "p067", "admission_day": 8, "room": "r07", "operating_theater": "t2"}, {"id": "p068", "admission_day": 7, "room": "r27", "operating_theater": "t7"}, {"id": "p069", "admission_day": 10, "room": "r27", "operating_theater": "t8"}, {"id": "p070", "admission_day": 10, "room": "r01", "operating_theater": "t5"}, {"id": "p071", "admission_day": 10, "room": "r02", "operating_theater": "t8"}, {"id": "p073", "admission_day": 4, "room": "r25", "operating_theater": "t4"}, {"id": "p074", "admission_day": "none"}, {"id": "p075", "admission_day": 9, "room": "r08", "operating_theater": "t4"}, {"id": "p076", "admission_day": 11, "room": "r26", "operating_theater": "t7"}, {"id": "p077", "admission_day": 5, "room": "r26", "operating_theater": "t1"}, {"id": "p079", "admission_day": 12, "room": "r22", "operating_theater": "t5"}, {"id": "p080", "admission_day": 6, "room": "r13", "operating_theater": "t6"}, {"id": "p081", "admission_day": 4, "room": "r21", "operating_theater": "t4"}, {"id": "p082", "admission_day": 13, "room": "r15", "operating_theater": "t8"}, {"id": "p083", "admission_day": 8, "room": "r11", "operating_theater": "t4"}, {"id": "p084", "admission_day": 13, "room": "r20", "operating_theater": "t1"}, {"id": "p085", "admission_day": "none"}, {"id": "p088", "admission_day": 7, "room": "r15", "operating_theater": "t8"}, {"id": "p090", "admission_day": 13, "room": "r01", "operating_theater": "t0"}, {"id": "p091", "admission_day": 2, "room": "r22", "operating_theater": "t4"}, {"id": "p092", "admission_day": 7, "room": "r01", "operating_theater": "t5"}, {"id": "p093", "admission_day": 9, "room": "r17", "operating_theater": "t4"}, {"id": "p094", "admission_day": 4, "room": "r27", "operating_theater": "t1"}, {"id": "p095", "admission_day": 13, "room": "r09", "operating_theater": "t1"}, {"id": "p096", "admission_day": 1, "room": "r26", "operating_theater": "t6"}, {"id": "p099", "admission_day": "none"}, {"id": "p100", "admission_day": 4, "room": "r12", "operating_theater": "t3"}, {"id": "p103", "admission_day": 12, "room": "r24", "operating_theater": "t8"}, {"id": "p104", "admission_day": 12, "room": "r27", "operating_theater": "t0"}, {"id": "p105", "admission_day": 9, "room": "r21", "operating_theater": "t4"}, {"id": "p106", "admission_day": "none"}, {"id": "p108", "admission_day": 4, "room": "r14", "operating_theater": "t3"}, {"id": "p109", "admission_day": "none"}, {"id": "p110", "admission_day": 5, "room": "r09", "operating_theater": "t5"}, {"id": "p111", "admission_day": "none"}, {"id": "p112", "admission_day": 0, "room": "r23", "operating_theater": "t3"}, {"id": "p113", "admission_day": 12, "room": "r05", "operating_theater": "t7"}, {"id": "p114", "admission_day": 1, "room": "r27", "operating_theater": "t3"}, {"id": "p115", "admission_day": "none"}, {"id": "p116", "admission_day": "none"}, {"id": "p118", "admission_day": "none"}, {"id": "p120", "admission_day": "none"}, {"id": "p121", "admission_day": 13, "room": "r18", "operating_theater": "t6"}, {"id": "p122", "admission_day": "none"}, {"id": "p123", "admission_day": 2, "room": "r05", "operating_theater": "t4"}, {"id": "p124", "admission_day": 12, "room": "r12", "operating_theater": "t0"}, {"id": "p125", "admission_day": 13, "room": "r19", "operating_theater": "t3"}, {"id": "p127", "admission_day": 11, "room": "r16", "operating_theater": "t7"}, {"id": "p131", "admission_day": "none"}, {"id": "p135", "admission_day": 4, "room": "r17", "operating_theater": "t0"}, {"id": "p136", "admission_day": 9, "room": "r22", "operating_theater": "t3"}, {"id": "p137", "admission_day": "none"}, {"id": "p138", "admission_day": 2, "room": "r11", "operating_theater": "t6"}, {"id": "p139", "admission_day": 8, "room": "r24", "operating_theater": "t6"}, {"id": "p140", "admission_day": 11, "room": "r26", "operating_theater": "t5"}, {"id": "p141", "admission_day": 9, "room": "r27", "operating_theater": "t4"}, {"id": "p142", "admission_day": 9, "room": "r19", "operating_theater": "t7"}, {"id": "p143", "admission_day": 13, "room": "r25", "operating_theater": "t5"}, {"id": "p144", "admission_day": 8, "room": "r09", "operating_theater": "t2"}, {"id": "p145", "admission_day": "none"}, {"id": "p146", "admission_day": "none"}, {"id": "p147", "admission_day": 7, "room": "r19", "operating_theater": "t5"}, {"id": "p148", "admission_day": 13, "room": "r20", "operating_theater": "t7"}, {"id": "p149", "admission_day": 8, "room": "r19", "operating_theater": "t3"}, {"id": "p151", "admission_day": 3, "room": "r23", "operating_theater": "t5"}, {"id": "p152", "admission_day": 12, "room": "r24", "operating_theater": "t0"}, {"id": "p153", "admission_day": "none"}, {"id": "p156", "admission_day": 7, "room": "r01", "operating_theater": "t0"}, {"id": "p157", "admission_day": 10, "room": "r24", "operating_theater": "t2"}, {"id": "p158", "admission_day": "none"}, {"id": "p159", "admission_day": 3, "room": "r24", "operating_theater": "t8"}, {"id": "p162", "admission_day": "none"}, {"id": "p163", "admission_day": 9, "room": "r10", "operating_theater": "t6"}, {"id": "p164", "admission_day": "none"}, {"id": "p165", "admission_day": "none"}, {"id": "p166", "admission_day": 9, "room": "r14", "operating_theater": "t0"}, {"id": "p168", "admission_day": 13, "room": "r07", "operating_theater": "t0"}, {"id": "p170", "admission_day": 9, "room": "r20", "operating_theater": "t8"}, {"id": "p172", "admission_day": "none"}, {"id": "p173", "admission_day": 7, "room": "r18", "operating_theater": "t5"}, {"id": "p176", "admission_day": 13, "room": "r26", "operating_theater": "t4"}, {"id": "p177", "admission_day": 8, "room": "r24", "operating_theater": "t8"}, {"id": "p178", "admission_day": 13, "room": "r25", "operating_theater": "t6"}, {"id": "p179", "admission_day": 6, "room": "r25", "operating_theater": "t6"}, {"id": "p180", "admission_day": "none"}, {"id": "p182", "admission_day": 1, "room": "r14", "operating_theater": "t3"}, {"id": "p183", "admission_day": 2, "room": "r20", "operating_theater": "t1"}, {"id": "p184", "admission_day": 6, "room": "r12", "operating_theater": "t1"}, {"id": "p187", "admission_day": 2, "room": "r19", "operating_theater": "t0"}, {"id": "p189", "admission_day": 4, "room": "r04", "operating_theater": "t3"}, {"id": "p190", "admission_day": "none"}, {"id": "p191", "admission_day": 9, "room": "r27", "operating_theater": "t8"}, {"id": "p192", "admission_day": 12, "room": "r19", "operating_theater": "t2"}, {"id": "p193", "admission_day": 13, "room": "r21", "operating_theater": "t1"}, {"id": "p194", "admission_day": "none"}, {"id": "p195", "admission_day": 13, "room": "r07", "operating_theater": "t6"}, {"id": "p197", "admission_day": "none"}, {"id": "p198", "admission_day": 9, "room": "r08", "operating_theater": "t2"}, {"id": "p199", "admission_day": 5, "room": "r08", "operating_theater": "t1"}, {"id": "p200", "admission_day": 0, "room": "r11", "operating_theater": "t7"}, {"id": "p201", "admission_day": 13, "room": "r17", "operating_theater": "t2"}, {"id": "p202", "admission_day": 13, "room": "r11", "operating_theater": "t6"}, {"id": "p203", "admission_day": 0, "room": "r23", "operating_theater": "t2"}, {"id": "p204", "admission_day": 11, "room": "r14", "operating_theater": "t0"}, {"id": "p205", "admission_day": 0, "room": "r27", "operating_theater": "t3"}, {"id": "p206", "admission_day": 11, "room": "r04", "operating_theater": "t6"}, {"id": "p207", "admission_day": 7, "room": "r05", "operating_theater": "t3"}, {"id": "p211", "admission_day": 8, "room": "r02", "operating_theater": "t7"}, {"id": "p212", "admission_day": "none"}, {"id": "p215", "admission_day": 9, "room": "r20", "operating_theater": "t6"}, {"id": "p217", "admission_day": 11, "room": "r18", "operating_theater": "t6"}, {"id": "p219", "admission_day": 8, "room": "r12", "operating_theater": "t6"}, {"id": "p220", "admission_day": "none"}, {"id": "p222", "admission_day": 8, "room": "r13", "operating_theater": "t4"}, {"id": "p224", "admission_day": "none"}, {"id": "p225", "admission_day": 11, "room": "r13", "operating_theater": "t0"}, {"id": "p226", "admission_day": 3, "room": "r27", "operating_theater": "t8"}, {"id": "p228", "admission_day": 12, "room": "r25", "operating_theater": "t2"}, {"id": "p229", "admission_day": 7, "room": "r14", "operating_theater": "t7"}, {"id": "p230", "admission_day": 11, "room": "r15", "operating_theater": "t3"}, {"id": "p231", "admission_day": 9, "room": "r19", "operating_theater": "t3"}, {"id": "p232", "admission_day": "none"}, {"id": "p233", "admission_day": 6, "room": "r24", "operating_theater": "t1"}, {"id": "p235", "admission_day": 13, "room": "r10", "operating_theater": "t0"}, {"id": "p238", "admission_day": 12, "room": "r21", "operating_theater": "t7"}, {"id": "p240", "admission_day": "none"}, {"id": "p241", "admission_day": "none"}, {"id": "p242", "admission_day": 13, "room": "r17", "operating_theater": "t7"}, {"id": "p244", "admission_day": 5, "room": "r10", "operating_theater": "t6"}, {"id": "p245", "admission_day": "none"}, {"id": "p246", "admission_day": 4, "room": "r06", "operating_theater": "t4"}, {"id": "p247", "admission_day": "none"}, {"id": "p248", "admission_day": "none"}, {"id": "p249", "admission_day": 9, "room": "r22", "operating_theater": "t3"}, {"id": "p251", "admission_day": "none"}, {"id": "p252", "admission_day": 11, "room": "r09", "operating_theater": "t0"}, {"id": "p253", "admission_day": 9, "room": "r13", "operating_theater": "t0"}, {"id": "p256", "admission_day": 11, "room": "r15", "operating_theater": "t5"}, {"id": "p258", "admission_day": 4, "room": "r01", "operating_theater": "t1"}, {"id": "p259", "admission_day": 12, "room": "r11", "operating_theater": "t0"}, {"id": "p260", "admission_day": 11, "room": "r12", "operating_theater": "t1"}, {"id": "p261", "admission_day": 13, "room": "r05", "operating_theater": "t4"}, {"id": "p262", "admission_day": 4, "room": "r08", "operating_theater": "t7"}, {"id": "p263", "admission_day": 8, "room": "r23", "operating_theater": "t8"}], "nurses": [{"id": "n000", "assignments": [{"day": 0, "shift": "early", "rooms": ["r00", "r01"]}, {"day": 1, "shift": "early", "rooms": ["r00", "r01"]}, {"day": 2, "shift": "late", "rooms": ["r00", "r01"]}, {"day": 4, "shift": "late", "rooms": ["r00", "r01"]}, {"day": 5, "shift": "night", "rooms": ["r00", "r01", "r02"]}, {"day": 6, "shift": "night", "rooms": ["r00", "r01", "r02"]}, {"day": 7, "shift": "night", "rooms": ["r00", "r01"]}, {"day": 9, "shift": "early", "rooms": ["r00", "r01", "r02"]}, {"day": 10, "shift": "night", "rooms": ["r00", "r01", "r02", "r03", "r04"]}, {"day": 11, "shift": "night", "rooms": ["r00", "r01", "r02", "r03", "r04", "r05", "r06", "r07"]}, {"day": 12, "shift": "night", "rooms": ["r00", "r01", "r02", "r03", "r04", "r05", "r06", "r07", "r08", "r09", "r10", "r11", "r12", "r13", "r14", "r15", "r16", "r17", "r18", "r19", "r20", "r21", "r22", "r23", "r24", "r25", "r26", "r27"]}]}, {"id": "n001", "assignments": [{"day": 0, "shift": "night", "rooms": ["r00", "r01", "r02", "r03"]}, {"day": 1, "shift": "night", "rooms": ["r00", "r01", "r02", "r03"]}, {"day": 2, "shift": "night", "rooms": ["r00", "r01", "r02", "r03"]}, {"day": 3, "shift": "night", "rooms": ["r00", "r01", "r02"]}, {"day": 5, "shift": "early", "rooms": ["r00", "r01"]}, {"day": 6, "shift": "early", "rooms": ["r00", "r01"]}, {"day": 7, "shift": "early", "rooms": ["r00", "r01"]}, {"day": 8, "shift": "late", "rooms": ["r00", "r01"]}, {"day": 9, "shift": "late", "rooms": ["r00", "r01", "r02", "r03"]}, {"day": 11, "shift": "early", "rooms": ["r00", "r01", "r02", "r03", "r04", "r05", "r06"]}, {"day": 13, "shift": "night", "rooms": ["r00", "r01", "r02", "r03", "r04", "r05", "r06", "r07", "r08", "r09", "r10", "r11", "r12", "r13", "r14", "r15", "r16", "r17", "r18", "r19", "r20", "r21", "r22", "r23", "r24", "r25", "r26", "r27"]}]}, {"id": "n002", "assignments": [{"day": 0, "shift": "late", "rooms": ["r00", "r01", "r02"]}, {"day": 1, "shift": "late", "rooms": ["r00", "r01", "r02"]}, {"day": 2, "shift": "night", "rooms": ["r04", "r05", "r06", "r07", "r08"]}, {"day": 4, "shift": "early", "rooms": ["r00", "r01"]}, {"day": 5, "shift": "late", "rooms": ["r00", "r01"]}, {"day": 6, "shift": "late", "rooms": ["r00", "r01", "r02"]}, {"day": 7, "shift": "night", "rooms": ["r02", "r03", "r04", "r05", "r06"]}, {"day": 8, "shift": "night", "rooms": ["r00", "r01", "r02", "r03"]}, {"day": 9, "shift": "night", "rooms": ["r00", "r01", "r02", "r03", "r04", "r05"]}, {"day": 11, "shift": "early", "rooms": ["r07", "r08", "r09", "r10", "r11", "r12", "r13", "r14", "r15", "r16", "r17", "r18", "r19", "r20", "r21", "r22", "r23", "r24", "r25", "r26", "r27"]}, {"day": 12, "shift": "late", "rooms": ["r00", "r01", "r02", "r03", "r04", "r05", "r06", "r07", "r08", "r09", "r10", "r11", "r12", "r13", "r14", "r15", "r16", "r17", "r18", "r19", "r20", "r21", "r22", "r23", "r24", "r25", "r26", "r27"]}]}, {"id": "n003", "assignments": [{"day": 0, "shift": "night", "rooms": ["r04", "r05", "r06", "r07", "r08"]}, {"day": 2, "shift": "early", "rooms": ["r00", "r01"]}, {"day": 3, "shift": "late", "rooms": ["r00", "r01"]}, {"day": 4, "shift": "late", "rooms": ["r02", "r03", "r04", "r05"]}, {"day": 5, "shift": "late", "rooms": ["r02", "r03", "r04", "r05"]}, {"day": 6, "shift": "late", "rooms": ["r03", "r04", "r05", "r06", "r07", "r08", "r09"]}, {"day": 7, "shift": "late", "rooms": ["r00", "r01"]}, {"day": 8, "shift": "late", "rooms": ["r02", "r03", "r04", "r05"]}, {"day": 9, "shift": "night", "rooms": ["r06", "r07", "r08", "r09", "r10", "r11", "r12", "r13", "r14"]}, {"day": 10, "shift": "night", "rooms": ["r05", "r06", "r07", "r08", "r09", "r10", "r11", "r12", "r13", "r14", "r15", "r16"]}, {"day": 12, "shift": "early", "rooms": ["r00", "r01", "r02", "r03", "r04", "r05", "r06", "r07", "r08", "r09", "r10", "r11", "r12", "r13", "r14", "r15", "r16", "r17", "r18", "r19", "r20", "r21", "r22", "r23", "r24", "r25", "r26", "r27"]}, {"day": 13, "shift": "early", "rooms": ["r00", "r01", "r02", "r03", "r04", "r05", "r06", "r07", "r08", "r09", "r10", "r11", "r12", "r13", "r14", "r15", "r16", "r17", "r18", "r19", "r20", "r21", "r22", "r23", "r24", "r25", "r26", "r27"]}]}, {"id": "n004", "assignments": [{"day": 0, "shift": "late", "rooms": ["r03"]}, {"day": 1, "shift": "late", "rooms": ["r03", "r04", "r05", "r06"]}, {"day": 2, "shift": "night", "rooms": ["r09", "r10", "r11", "r12", "r13"]}, {"day": 4, "shift": "early", "rooms": ["r02", "r03", "r04", "r05", "r06"]}, {"day": 5, "shift": "early", "rooms": ["r02", "r03", "r04", "r05", "r06"]}, {"day": 6, "shift": "early", "rooms": ["r02", "r03", "r04", "r05", "r06"]}, {"day": 7, "shift": "night", "rooms": ["r07", "r08", "r09", "r10", "r11", "r12", "r13", "r14", "r15", "r16", "r17", "r18", "r19", "r20", "r21", "r22", "r23", "r24", "r25", "r26", "r27"]}, {"day": 9, "shift": "early", "rooms": ["r03", "r04", "r05"]}, {"day": 10, "shift": "early", "rooms": ["r00", "r01", "r02", "r03", "r04", "r05"]}]}, {"id": "n005", "assignments": [{"day": 0, "shift": "late", "rooms": ["r04", "r05", "r06", "r07"]}, {"day": 1, "shift": "late", "rooms": ["r07", "r08"]}, {"day": 2, "shift": "late", "rooms": ["r02", "r03", "r04"]}, {"day": 4, "shift": "early", "rooms": ["r07", "r08", "r09", "r10"]}, {"day": 5, "shift": "late", "rooms": ["r06", "r07", "r08", "r09", "r10", "r11"]}, {"day": 6, "shift": "late", "rooms": ["r10", "r11", "r12", "r13", "r14"]}, {"day": 8, "shift": "night", "rooms": ["r04", "r05", "r06", "r07", "r08", "r09"]}, {"day": 9, "shift": "night", "rooms": ["r15", "r16", "r17", "r18", "r19", "r20", "r21", "r22", "r23", "r24", "r25", "r26", "r27"]}, {"day": 13, "shift": "late", "rooms": ["r00", "r01", "r02", "r03", "r04", "r05", "r06", "r07", "r08", "r09", "r10", "r11", "r12", "r13", "r14", "r15", "r16", "r17", "r18", "r19", "r20", "r21", "r22", "r23", "r24", "r25", "r26", "r27"]}]}, {"id": "n006", "assignments": [{"day": 0, "shift": "late", "rooms": ["r08", "r09"]}, {"day": 2, "shift": "early", "rooms": ["r02"]}, {"day": 3, "shift": "early", "rooms": ["r00", "r01"]}, {"day": 4, "shift": "night", "rooms": ["r00", "r01", "r02", "r03", "r04", "r05"]}, {"day": 5, "shift": "night", "rooms": ["r03", "r04", "r05", "r06", "r07", "r08", "r09", "r10", "r11", "r12", "r13"]}, {"day": 7, "shift": "late", "rooms": ["r02", "r03"]}, {"day": 8, "shift": "late", "rooms": ["r06", "r07", "r08", "r09", "r10", "r11", "r12", "r13", "r14", "r15", "r16"]}, {"day": 10, "shift": "night", "rooms": ["r17", "r18", "r19", "r20", "r21", "r22", "r23", "r24", "r25", "r26", "r27"]}, {"day": 11, "shift": "night", "rooms": ["r08", "r09", "r10", "r11", "r12", "r13", "r14", "r15", "r16", "r17", "r18", "r19", "r20", "r21", "r22", "r23", "r24", "r25", "r26", "r27"]}, {"day": 9, "shift": "night", "rooms": ["r19"]}]}, {"id": "n007", "assignments": [{"day": 1, "shift": "early", "rooms": ["r02", "r03", "r04", "r05", "r06"]}, {"day": 2, "shift": "early", "rooms": ["r03", "r04"]}, {"day": 3, "shift": "early", "rooms": ["r02"]}, {"day": 4, "shift": "late", "rooms": ["r06", "r07"]}, {"day": 5, "shift": "night", "rooms": ["r14", "r15", "r16", "r17", "r18", "r19", "r20", "r21", "r22", "r23", "r24", "r25", "r26", "r27"]}, {"day": 6, "shift": "night", "rooms": ["r03", "r04", "r05", "r06", "r07", "r08", "r09", "r10", "r11", "r12", "r13", "r14", "r15", "r16"]}, {"day": 8, "shift": "early", "rooms": ["r00", "r01", "r02"]}, {"day": 9, "shift": "early", "rooms": ["r06", "r07"]}, {"day": 10, "shift": "early", "rooms": ["r06", "r07"]}, {"day": 11, "shift": "late", "rooms": ["r00", "r01", "r02", "r03", "r04", "r05", "r06", "r07"]}]}, {"id": "n008", "assignments": [{"day": 0, "shift": "late", "rooms": ["r10", "r11", "r12"]}, {"day": 1, "shift": "late", "rooms": ["r09", "r10"]}, {"day": 2, "shift": "night", "rooms": ["r14", "r15", "r16"]}, {"day": 4, "shift": "early", "rooms": ["r11", "r12", "r13", "r14"]}, {"day": 5, "shift": "late", "rooms": ["r12", "r13", "r14", "r15", "r16"]}, {"day": 6, "shift": "night", "rooms": ["r17", "r18", "r19", "r20", "r21", "r22", "r23", "r24", "r25", "r26", "r27"]}, {"day": 8, "shift": "early", "rooms": ["r03", "r04", "r05"]}, {"day": 9, "shift": "early", "rooms": ["r08", "r09", "r10", "r11", "r12", "r13", "r14", "r15", "r16", "r17", "r18", "r19", "r20", "r21", "r22", "r23", "r24", "r25", "r26", "r27"]}, {"day": 11, "shift": "night", "rooms": ["r08"]}]}, {"id": "n009", "assignments": [{"day": 0, "shift": "early", "rooms": ["r02", "r03", "r04", "r05"]}, {"day": 1, "shift": "early", "rooms": ["r07", "r08"]}, {"day": 2, "shift": "early", "rooms": ["r05", "r06", "r07"]}, {"day": 3, "shift": "late", "rooms": ["r02", "r03", "r04", "r05"]}, {"day": 5, "shift": "early", "rooms": ["r12", "r09", "r08", "r13", "r07", "r11"]}, {"day": 6, "shift": "late", "rooms": ["r06", "r16", "r17", "r21", "r22", "r24", "r23", "r15", "r19", "r20", "r18"]}, {"day": 7, "shift": "late", "rooms": ["r04", "r05", "r06", "r07", "r08", "r09"]}, {"day": 8, "shift": "night", "rooms": ["r16", "r17", "r21", "r22", "r25", "r27", "r24", "r23", "r10", "r15", "r19", "r20", "r14", "r13", "r26", "r11", "r18", "r12"]}]}, {"id": "n010", "assignments": [{"day": 0, "shift": "early", "rooms": ["r06", "r07", "r08"]}, {"day": 1, "shift": "early", "rooms": ["r09", "r10"]}, {"day": 2, "shift": "early", "rooms": ["r08", "r09"]}, {"day": 4, "shift": "early", "rooms": ["r15", "r16", "r17", "r18"]}, {"day": 5, "shift": "early", "rooms": ["r14", "r15", "r16", "r17", "r18"]}, {"day": 6, "shift": "late", "rooms": ["r25", "r26", "r27"]}, {"day": 10, "shift": "early", "rooms": ["r08", "r09", "r10", "r11", "r12", "r13", "r14", "r15", "r16", "r17", "r18", "r19", "r20", "r21", "r22", "r23", "r24", "r25", "r26", "r27"]}]}, {"id": "n011", "assignments": [{"day": 0, "shift": "night", "rooms": ["r09", "r10", "r11", "r12"]}, {"day": 2, "shift": "late", "rooms": ["r05", "r06", "r07"]}, {"day": 4, "shift": "early", "rooms": ["r19", "r20", "r21", "r22", "r23", "r24"]}, {"day": 5, "shift": "early", "rooms": ["r19", "r20", "r21", "r22", "r23", "r24", "r25", "r26", "r27"]}, {"day": 6, "shift": "early", "rooms": ["r07", "r08", "r09", "r10", "r11", "r12", "r13", "r14"]}, {"day": 8, "shift": "early", "rooms": ["r06", "r07", "r08", "r09", "r10", "r11", "r12", "r13", "r14"]}, {"day": 11, "shift": "early", "rooms": ["r06"]}]}, {"id": "n012", "assignments": [{"day": 0, "shift": "late", "rooms": ["r13"]}, {"day": 1, "shift": "late", "rooms": ["r11", "r12", "r13"]}, {"day": 2, "shift": "late", "rooms": ["r08"]}, {"day": 3, "shift": "night", "rooms": ["r03", "r04", "r05"]}, {"day": 4, "shift": "night", "rooms": ["r06", "r07"]}, {"day": 6, "shift": "early", "rooms": ["r15", "r16", "r17", "r18", "r19", "r20", "r21", "r22", "r23", "r24", "r25", "r26", "r27"]}, {"day": 7, "shift": "late", "rooms": ["r18", "r10", "r19", "r11", "r15", "r12", "r13", "r14", "r22", "r20", "r16", "r17"]}, {"day": 8, "shift": "late", "rooms": ["r17", "r18", "r19", "r20", "r21", "r22", "r23", "r24", "r25", "r26", "r27"]}, {"day": 11, "shift": "early", "rooms": ["r05"]}, {"day": 13, "shift": "early", "rooms": ["r23"]}, {"day": 10, "shift": "early", "rooms": ["r18"]}]}, {"id": "n013", "assignments": [{"day": 0, "shift": "late", "rooms": ["r14", "r16", "r17"]}, {"day": 2, "shift": "early", "rooms": ["r10", "r11", "r12"]}, {"day": 3, "shift": "late", "rooms": ["r06", "r07", "r08"]}, {"day": 4, "shift": "late", "rooms": ["r08", "r09", "r10"]}, {"day": 7, "shift": "early", "rooms": ["r02", "r03", "r04"]}, {"day": 8, "shift": "early", "rooms": ["r15", "r16", "r17", "r18", "r19", "r20", "r21", "r22", "r23", "r24", "r25", "r26", "r27"]}, {"day": 10, "shift": "early", "rooms": ["r01"]}]}, {"id": "n014", "assignments": [{"day": 0, "shift": "late", "rooms": ["r18", "r19", "r20", "r21", "r22", "r23", "r24"]}, {"day": 1, "shift": "late", "rooms": ["r14", "r15"]}, {"day": 2, "shift": "late", "rooms": ["r09", "r10"]}, {"day": 3, "shift": "night", "rooms": ["r06", "r07", "r08"]}, {"day": 7, "shift": "late", "rooms": ["r23", "r24", "r25", "r26", "r27"]}, {"day": 5, "shift": "early", "rooms": ["r10"]}]}, {"id": "n015", "assignments": [{"day": 0, "shift": "early", "rooms": ["r09", "r10"]}, {"day": 1, "shift": "night", "rooms": ["r04", "r05", "r06", "r07", "r08"]}, {"day": 3, "shift": "early", "rooms": ["r03", "r04", "r05", "r06"]}, {"day": 4, "shift": "night", "rooms": ["r08", "r09", "r10", "r11"]}, {"day": 7, "shift": "early", "rooms": ["r05", "r06", "r07", "r08", "r09", "r10"]}]}, {"id": "n016", "assignments": [{"day": 0, "shift": "night", "rooms": ["r13", "r14", "r15", "r16", "r17", "r18", "r19"]}, {"day": 1, "shift": "night", "rooms": ["r09", "r10", "r11", "r12"]}, {"day": 2, "shift": "night", "rooms": ["r17", "r18", "r19", "r20", "r21", "r22", "r23", "r24"]}, {"day": 4, "shift": "late", "rooms": ["r11", "r12", "r13", "r14"]}, {"day": 5, "shift": "night", "rooms": ["r20"]}, {"day": 13, "shift": "night", "rooms": ["r07"]}]}, {"id": "n017", "assignments": [{"day": 0, "shift": "night", "rooms": ["r20", "r21", "r22", "r23", "r24", "r25", "r26", "r27"]}, {"day": 2, "shift": "early", "rooms": ["r13", "r14"]}, {"day": 3, "shift": "early", "rooms": ["r07", "r08"]}, {"day": 4, "shift": "late", "rooms": ["r15", "r16", "r17", "r18"]}, {"day": 5, "shift": "late", "rooms": ["r17", "r18", "r19", "r20", "r21", "r22", "r23", "r24"]}, {"day": 10, "shift": "late", "rooms": ["r00", "r01", "r02", "r03"]}, {"day": 11, "shift": "late", "rooms": ["r08", "r09", "r10", "r11", "r12", "r13", "r14", "r15", "r16", "r17", "r18", "r19", "r20", "r21", "r22", "r23", "r24", "r25", "r26", "r27"]}, {"day": 8, "shift": "night", "rooms": ["r16"]}]}, {"id": "n018", "assignments": [{"day": 0, "shift": "late", "rooms": ["r25", "r26", "r27"]}, {"day": 1, "shift": "night", "rooms": ["r13", "r14", "r15"]}, {"day": 3, "shift": "early", "rooms": ["r09", "r10", "r11"]}, {"day": 4, "shift": "early", "rooms": ["r25", "r26", "r27"]}, {"day": 7, "shift": "early", "rooms": ["r11", "r12", "r13", "r14", "r15", "r16", "r17", "r18", "r19", "r20", "r21", "r22"]}, {"day": 9, "shift": "late", "rooms": ["r04", "r05", "r06"]}]}, {"id": "n019", "assignments": [{"day": 1, "shift": "night", "rooms": ["r16", "r17", "r18", "r19", "r20"]}, {"day": 2, "shift": "night", "rooms": ["r25", "r26", "r27"]}, {"day": 3, "shift": "night", "rooms": ["r09", "r10", "r11"]}, {"day": 5, "shift": "late", "rooms": ["r25", "r26", "r27"]}, {"day": 12, "shift": "early", "rooms": []}, {"day": 0, "shift": "night", "rooms": []}]}, {"id": "n020", "assignments": [{"day": 1, "shift": "late", "rooms": ["r16", "r17", "r18", "r19"]}, {"day": 2, "shift": "late", "rooms": ["r11", "r12", "r13"]}, {"day": 3, "shift": "late", "rooms": ["r09", "r10"]}, {"day": 4, "shift": "late", "rooms": ["r19", "r20", "r21", "r22"]}, {"day": 9, "shift": "late", "rooms": ["r07", "r08", "r09", "r10", "r11", "r12", "r13", "r14", "r15", "r16"]}]}, {"id": "n021", "assignments": [{"day": 2, "shift": "early", "rooms": ["r15"]}, {"day": 3, "shift": "night", "rooms": ["r12", "r13", "r14", "r15", "r16"]}, {"day": 4, "shift": "night", "rooms": ["r12", "r13", "r14"]}, {"day": 10, "shift": "late", "rooms": ["r04", "r05", "r06", "r07"]}]}, {"id": "n022", "assignments": [{"day": 1, "shift": "late", "rooms": ["r20", "r21", "r22", "r23", "r24", "r25", "r26", "r27"]}, {"day": 2, "shift": "late", "rooms": ["r14", "r15"]}, {"day": 3, "shift": "late", "rooms": ["r11"]}, {"day": 4, "shift": "late", "rooms": ["r23", "r24", "r25", "r26", "r27"]}, {"day": 12, "shift": "night", "rooms": ["r15"]}, {"day": 13, "shift": "night", "rooms": ["r23"]}, {"day": 0, "shift": "late", "rooms": ["r24"]}]}, {"id": "n023", "assignments": [{"day": 1, "shift": "night", "rooms": ["r21", "r22", "r23", "r24", "r25", "r26", "r27"]}, {"day": 3, "shift": "night", "rooms": ["r17", "r18", "r19", "r20", "r21", "r22", "r23", "r24", "r25", "r26", "r27"]}, {"day": 4, "shift": "night", "rooms": ["r15", "r16", "r17", "r18", "r19", "r20", "r21"]}, {"day": 7, "shift": "early", "rooms": ["r23", "r24", "r25", "r26", "r27"]}, {"day": 9, "shift": "late", "rooms": ["r17", "r18", "r19", "r20", "r21", "r22", "r23", "r24", "r25", "r26", "r27"]}, {"day": 10, "shift": "late", "rooms": ["r19", "r10", "r26", "r15", "r24", "r23", "r12", "r27", "r22", "r21", "r17", "r20", "r09", "r16", "r13", "r14", "r08", "r18", "r25"]}, {"day": 5, "shift": "night", "rooms": ["r21"]}]}, {"id": "n024", "assignments": [{"day": 4, "shift": "night", "rooms": ["r22", "r23", "r24", "r25", "r26", "r27"]}]}, {"id": "n025", "assignments": [{"day": 2, "shift": "early", "rooms": ["r16", "r17", "r18", "r19"]}, {"day": 3, "shift": "early", "rooms": ["r12", "r13", "r14"]}, {"day": 0, "shift": "late", "rooms": ["r15"]}]}, {"id": "n026", "assignments": [{"day": 0, "shift": "early", "rooms": ["r11", "r12", "r13"]}, {"day": 1, "shift": "early", "rooms": ["r11", "r12", "r13"]}, {"day": 2, "shift": "late", "rooms": ["r16", "r17", "r18"]}, {"day": 3, "shift": "late", "rooms": ["r12", "r13", "r14"]}]}, {"id": "n027", "assignments": [{"day": 2, "shift": "late", "rooms": ["r19", "r20", "r21", "r22", "r23", "r24", "r25"]}, {"day": 9, "shift": "early", "rooms": ["r26", "r02"]}, {"day": 0, "shift": "late", "rooms": []}]}, {"id": "n028", "assignments": [{"day": 0, "shift": "early", "rooms": ["r14", "r15", "r16", "r17"]}, {"day": 3, "shift": "early", "rooms": ["r15", "r16"]}, {"day": 7, "shift": "early", "rooms": []}]}, {"id": "n029", "assignments": [{"day": 1, "shift": "early", "rooms": ["r14", "r15", "r16", "r17"]}, {"day": 2, "shift": "early", "rooms": ["r20", "r21", "r22", "r23", "r24", "r25", "r26", "r27"]}]}, {"id": "n034", "assignments": [{"day": 3, "shift": "early", "rooms": ["r17", "r18"]}]}, {"id": "n035", "assignments": [{"day": 3, "shift": "early", "rooms": ["r19", "r20", "r21", "r22"]}]}, {"id": "n036", "assignments": [{"day": 3, "shift": "early", "rooms": ["r23", "r24", "r27", "r26"]}, {"day": 6, "shift": "early", "rooms": ["r21"]}, {"day": 8, "shift": "early", "rooms": ["r25", "r17"]}]}, {"id": "n037", "assignments": [{"day": 1, "shift": "early", "rooms": ["r18", "r19", "r20"]}, {"day": 3, "shift": "late", "rooms": ["r15", "r16", "r17"]}]}, {"id": "n038", "assignments": [{"day": 0, "shift": "early", "rooms": ["r18", "r19"]}, {"day": 2, "shift": "late", "rooms": ["r26", "r27"]}, {"day": 3, "shift": "late", "rooms": ["r18", "r19", "r20"]}]}, {"id": "n039", "assignments": [{"day": 0, "shift": "early", "rooms": ["r20", "r21", "r22", "r23", "r24", "r25", "r26", "r27"]}, {"day": 1, "shift": "early", "rooms": ["r21", "r22", "r23", "r24", "r25", "r26", "r27"]}, {"day": 2, "shift": "early", "rooms": ["r00"]}]}, {"id": "n040", "assignments": [{"day": 3, "shift": "late", "rooms": ["r21", "r22", "r23", "r24", "r25", "r26", "r27"]}, {"day": 6, "shift": "late", "rooms": ["r24"]}]}], "room_allocation": {"(0, 'r00')": [["a07", "B", "adult"], ["a15", "B", "elderly"]], "(0, 'r01')": [["a02", "B", "adult"], ["a35", "B", "elderly"], ["p097", "B", "elderly"], ["p209", "B", "elderly"]], "(0, 'r02')": [["a00", "B", "elderly"], ["a31", "B", "elderly"], ["a43", "B", "elderly"]], "(0, 'r03')": [["a06", "B", "elderly"], ["a09", "B", "elderly"]], "(0, 'r04')": [["a04", "B", "elderly"], ["a29", "B", "infant"]], "(0, 'r05')": [["a19", "B", "elderly"], ["a24", "B", "elderly"]], "(0, 'r06')": [["a17", "B", "elderly"], ["p126", "B", "elderly"]], "(0, 'r07')": [["a36", "B", "elderly"], ["a39", "B", "adult"], ["p032", "B", "elderly"]], "(0, 'r08')": [["p006", "A", "elderly"], ["p155", "A", "elderly"], ["p236", "A", "elderly"]], "(0, 'r09')": [["a23", "A", "elderly"], ["p214", "A", "elderly"], ["p009", "A", "adult"], ["p196", "A", "elderly"]], "(0, 'r10')": [["a22", "A", "elderly"], ["a27", "A", "elderly"]], "(0, 'r11')": [["a16", "A", "elderly"], ["p200", "A", "elderly"]], "(0, 'r12')": [["a05", "B", "elderly"], ["p186", "B", "adult"]], "(0, 'r13')": [["a28", "A", "elderly"], ["a32", "A", "elderly"], ["a37", "A", "elderly"]], "(0, 'r14')": [["a11", "B", "elderly"]], "(0, 'r15')": [["a10", "A", "elderly"], ["a30", "A", "elderly"]], "(0, 'r16')": [["a03", "A", "elderly"], ["a25", "A", "adult"]], "(0, 'r17')": [["a13", "B", "adult"], ["a41", "B", "adult"]], "(0, 'r18')": [["a42", "A", "elderly"]], "(0, 'r19')": [["a08", "B", "elderly"], ["a21", "B", "elderly"], ["a38", "B", "elderly"], ["a40", "B", "elderly"]], "(0, 'r20')": [["a14", "B", "elderly"], ["a34", "B", "elderly"]], "(0, 'r21')": [], "(0, 'r22')": [], "(0, 'r23')": [["p112", "A", "elderly"], ["p203", "A", "elderly"]], "(0, 'r24')": [["a01", "B", "elderly"], ["a12", "B", "adult"], ["a33", "B", "elderly"]], "(0, 'r25')": [["a26", "A", "elderly"]], "(0, 'r26')": [["p210", "A", "elderly"], ["p257", "A", "elderly"]], "(0, 'r27')": [["a18", "A", "elderly"], ["a20", "A", "elderly"], ["p205", "A", "elderly"]], "(1, 'r00')": [["a07", "B", "adult"], ["a15", "B", "elderly"]], "(1, 'r01')": [["a02", "B", "adult"], ["a35", "B", "elderly"], ["p097", "B", "elderly"], ["p209", "B", "elderly"]], "(1, 'r02')": [["a00", "B", "elderly"], ["a31", "B", "elderly"], ["a43", "B", "elderly"]], "(1, 'r03')": [["a06", "B", "elderly"], ["p036", "B", "elderly"]], "(1, 'r04')": [["a04", "B", "elderly"], ["a29", "B", "infant"]], "(1, 'r05')": [["a19", "B", "elderly"], ["a24", "B", "elderly"]], "(1, 'r06')": [["a17", "B", "elderly"], ["p126", "B", "elderly"]], "(1, 'r07')": [["a39", "B", "adult"], ["p032", "B", "elderly"], ["p098", "B", "elderly"]], "(1, 'r08')": [["p006", "A", "elderly"], ["p155", "A", "elderly"], ["p236", "A", "elderly"]], "(1, 'r09')": [["a23", "A", "elderly"], ["p214", "A", "elderly"], ["p009", "A", "adult"], ["p196", "A", "elderly"]], "(1, 'r10')": [["a22", "A", "elderly"], ["p007", "A", "elderly"]], "(1, 'r11')": [["a16", "A", "elderly"], ["p200", "A", "elderly"]], "(1, 'r12')": [["a05", "B", "elderly"], ["p186", "B", "adult"]], "(1, 'r13')": [["a28", "A", "elderly"], ["a32", "A", "elderly"], ["p213", "A", "adult"]], "(1, 'r14')": [["a11", "B", "elderly"], ["p012", "B", "elderly"], ["p182", "B", "adult"]], "(1, 'r15')": [["a10", "A", "elderly"], ["p171", "A", "elderly"], ["p216", "A", "adult"]], "(1, 'r16')": [["p255", "A", "elderly"]], "(1, 'r17')": [["a13", "B", "adult"], ["a41", "B", "adult"]], "(1, 'r18')": [["a42", "A", "elderly"]], "(1, 'r19')": [["a08", "B", "elderly"], ["a21", "B", "elderly"], ["a38", "B", "elderly"], ["a40", "B", "elderly"]], "(1, 'r20')": [["a14", "B", "elderly"], ["a34", "B", "elderly"], ["p086", "B", "elderly"]], "(1, 'r21')": [], "(1, 'r22')": [], "(1, 'r23')": [["p169", "A", "elderly"], ["p112", "A", "elderly"], ["p203", "A", "elderly"]], "(1, 'r24')": [["a01", "B", "elderly"], ["a12", "B", "adult"], ["a33", "B", "elderly"], ["p102", "B", "elderly"]], "(1, 'r25')": [["a26", "A", "elderly"]], "(1, 'r26')": [["p210", "A", "elderly"], ["p257", "A", "elderly"], ["p001", "A", "elderly"], ["p096", "A", "elderly"]], "(1, 'r27')": [["a18", "A", "elderly"], ["a20", "A", "elderly"], ["p114", "A", "adult"], ["p205", "A", "elderly"]], "(2, 'r00')": [["a07", "B", "adult"], ["a15", "B", "elderly"]], "(2, 'r01')": [["a02", "B", "adult"], ["a35", "B", "elderly"], ["p097", "B", "elderly"], ["p209", "B", "elderly"]], "(2, 'r02')": [["a00", "B", "elderly"], ["a43", "B", "elderly"], ["p208", "B", "elderly"]], "(2, 'r03')": [["a06", "B", "elderly"], ["p036", "B", "elderly"]], "(2, 'r04')": [["a04", "B", "elderly"], ["a29", "B", "infant"]], "(2, 'r05')": [["p221", "A", "adult"], ["p123", "A", "elderly"]], "(2, 'r06')": [["a17", "B", "elderly"], ["p126", "B", "elderly"]], "(2, 'r07')": [["p032", "B", "elderly"], ["p098", "B", "elderly"], ["p107", "B", "adult"]], "(2, 'r08')": [["p006", "A", "elderly"], ["p155", "A", "elderly"], ["p236", "A", "elderly"]], "(2, 'r09')": [["a23", "A", "elderly"], ["p214", "A", "elderly"], ["p009", "A", "adult"], ["p196", "A", "elderly"]], "(2, 'r10')": [["a22", "A", "elderly"], ["p007", "A", "elderly"]], "(2, 'r11')": [["a16", "A", "elderly"], ["p138", "A", "elderly"], ["p200", "A", "elderly"]], "(2, 'r12')": [["p186", "B", "adult"], ["p013", "B", "elderly"]], "(2, 'r13')": [["a28", "A", "elderly"], ["a32", "A", "elderly"], ["p213", "A", "adult"]], "(2, 'r14')": [["a11", "B", "elderly"], ["p154", "B", "elderly"], ["p012", "B", "elderly"], ["p182", "B", "adult"]], "(2, 'r15')": [["p171", "A", "elderly"], ["p216", "A", "adult"], ["p160", "A", "elderly"], ["p181", "A", "adult"]], "(2, 'r16')": [["p255", "A", "elderly"], ["p117", "A", "elderly"]], "(2, 'r17')": [["a13", "B", "adult"], ["a41", "B", "adult"]], "(2, 'r18')": [["a42", "A", "elderly"]], "(2, 'r19')": [["a21", "B", "elderly"], ["a40", "B", "elderly"], ["p033", "B", "elderly"], ["p187", "B", "adult"]], "(2, 'r20')": [["a34", "B", "elderly"], ["p086", "B", "elderly"], ["p183", "B", "elderly"]], "(2, 'r21')": [["p250", "A", "adult"]], "(2, 'r22')": [["p188", "A", "adult"], ["p091", "A", "adult"]], "(2, 'r23')": [["p169", "A", "elderly"], ["p112", "A", "elderly"]], "(2, 'r24')": [["a12", "B", "adult"], ["a33", "B", "elderly"], ["p102", "B", "elderly"], ["p046", "B", "elderly"]], "(2, 'r25')": [["a26", "A", "elderly"]], "(2, 'r26')": [["p210", "A", "elderly"], ["p257", "A", "elderly"], ["p001", "A", "elderly"], ["p096", "A", "elderly"]], "(2, 'r27')": [["a18", "A", "elderly"], ["a20", "A", "elderly"], ["p114", "A", "adult"], ["p205", "A", "elderly"]], "(3, 'r00')": [["a15", "B", "elderly"], ["p027", "B", "elderly"]], "(3, 'r01')": [["a35", "B", "elderly"], ["p209", "B", "elderly"], ["p237", "B", "elderly"], ["p150", "B", "elderly"]], "(3, 'r02')": [["a00", "B", "elderly"], ["a43", "B", "elderly"], ["p208", "B", "elderly"]], "(3, 'r03')": [["a06", "B", "elderly"]], "(3, 'r04')": [["a04", "B", "elderly"]], "(3, 'r05')": [["p221", "A", "adult"], ["p123", "A", "elderly"]], "(3, 'r06')": [["p126", "B", "elderly"]], "(3, 'r07')": [["p032", "B", "elderly"], ["p098", "B", "elderly"], ["p107", "B", "adult"]], "(3, 'r08')": [["p006", "A", "elderly"], ["p155", "A", "elderly"], ["p236", "A", "elderly"]], "(3, 'r09')": [["a23", "A", "elderly"], ["p214", "A", "elderly"], ["p043", "A", "elderly"], ["p129", "A", "elderly"]], "(3, 'r10')": [["a22", "A", "elderly"], ["p007", "A", "elderly"]], "(3, 'r11')": [["a16", "A", "elderly"], ["p174", "A", "elderly"], ["p138", "A", "elderly"]], "(3, 'r12')": [["p013", "B", "elderly"]], "(3, 'r13')": [["a28", "A", "elderly"], ["a32", "A", "elderly"], ["p213", "A", "adult"]], "(3, 'r14')": [["a11", "B", "elderly"], ["p154", "B", "elderly"], ["p012", "B", "elderly"], ["p182", "B", "adult"]], "(3, 'r15')": [["p171", "A", "elderly"], ["p216", "A", "adult"], ["p160", "A", "elderly"], ["p181", "A", "adult"]], "(3, 'r16')": [["p117", "A", "elderly"], ["p040", "A", "elderly"]], "(3, 'r17')": [["a41", "B", "adult"]], "(3, 'r18')": [["a42", "A", "elderly"]], "(3, 'r19')": [["a21", "B", "elderly"], ["a40", "B", "elderly"], ["p033", "B", "elderly"], ["p187", "B", "adult"]], "(3, 'r20')": [["a34", "B", "elderly"], ["p086", "B", "elderly"], ["p183", "B", "elderly"]], "(3, 'r21')": [["p250", "A", "adult"]], "(3, 'r22')": [["p188", "A", "adult"], ["p091", "A", "adult"]], "(3, 'r23')": [["p169", "A", "elderly"], ["p112", "A", "elderly"], ["p151", "A", "adult"]], "(3, 'r24')": [["a33", "B", "elderly"], ["p102", "B", "elderly"], ["p046", "B", "elderly"], ["p159", "B", "elderly"]], "(3, 'r25')": [], "(3, 'r26')": [["p257", "A", "elderly"], ["p008", "A", "elderly"], ["p096", "A", "elderly"]], "(3, 'r27')": [["a18", "A", "elderly"], ["a20", "A", "elderly"], ["p226", "A", "elderly"]], "(4, 'r00')": [["p027", "B", "elderly"], ["p161", "B", "elderly"]], "(4, 'r01')": [["a35", "B", "elderly"], ["p237", "B", "elderly"], ["p150", "B", "elderly"], ["p258", "B", "elderly"]], "(4, 'r02')": [["a00", "B", "elderly"], ["p208", "B", "elderly"]], "(4, 'r03')": [["a06", "B", "elderly"]], "(4, 'r04')": [["a04", "B", "elderly"], ["p189", "B", "elderly"]], "(4, 'r05')": [["p221", "A", "adult"], ["p123", "A", "elderly"]], "(4, 'r06')": [["p101", "A", "elderly"], ["p246", "A", "elderly"]], "(4, 'r07')": [["p098", "B", "elderly"], ["p107", "B", "adult"]], "(4, 'r08')": [["p262", "A", "elderly"]], "(4, 'r09')": [["a23", "A", "elderly"], ["p214", "A", "elderly"], ["p043", "A", "elderly"], ["p129", "A", "elderly"]], "(4, 'r10')": [["a22", "A", "elderly"], ["p007", "A", "elderly"]], "(4, 'r11')": [["a16", "A", "elderly"], ["p174", "A", "elderly"], ["p138", "A", "elderly"]], "(4, 'r12')": [["p013", "B", "elderly"], ["p100", "B", "elderly"]], "(4, 'r13')": [["a28", "A", "elderly"], ["a32", "A", "elderly"], ["p213", "A", "adult"]], "(4, 'r14')": [["a11", "B", "elderly"], ["p154", "B", "elderly"], ["p012", "B", "elderly"], ["p108", "B", "elderly"]], "(4, 'r15')": [["p171", "A", "elderly"], ["p216", "A", "adult"], ["p160", "A", "elderly"], ["p003", "A", "elderly"]], "(4, 'r16')": [["p117", "A", "elderly"], ["p040", "A", "elderly"]], "(4, 'r17')": [["a41", "B", "adult"], ["p135", "B", "elderly"]], "(4, 'r18')": [["a42", "A", "elderly"], ["p134", "A", "elderly"]], "(4, 'r19')": [["a21", "B", "elderly"], ["p033", "B", "elderly"]], "(4, 'r20')": [["a34", "B", "elderly"], ["p086", "B", "elderly"], ["p183", "B", "elderly"]], "(4, 'r21')": [["p250", "A", "adult"], ["p081", "A", "elderly"]], "(4, 'r22')": [["p188", "A", "adult"], ["p091", "A", "adult"]], "(4, 'r23')": [["p169", "A", "elderly"], ["p078", "A", "adult"], ["p151", "A", "adult"]], "(4, 'r24')": [["a33", "B", "elderly"], ["p102", "B", "elderly"], ["p046", "B", "elderly"], ["p159", "B", "elderly"]], "(4, 'r25')": [["p053", "B", "elderly"], ["p017", "B", "adult"], ["p073", "B", "elderly"]], "(4, 'r26')": [["p008", "A", "elderly"]], "(4, 'r27')": [["a18", "A", "elderly"], ["a20", "A", "elderly"], ["p094", "A", "elderly"], ["p226", "A", "elderly"]], "(5, 'r00')": [["p027", "B", "elderly"], ["p161", "B", "elderly"]], "(5, 'r01')": [["a35", "B", "elderly"], ["p237", "B", "elderly"], ["p150", "B", "elderly"], ["p258", "B", "elderly"]], "(5, 'r02')": [["a00", "B", "elderly"], ["p030", "B", "adult"], ["p243", "B", "elderly"]], "(5, 'r03')": [["a06", "B", "elderly"], ["p133", "B", "elderly"]], "(5, 'r04')": [["p189", "B", "elderly"]], "(5, 'r05')": [["p221", "A", "adult"], ["p123", "A", "elderly"]], "(5, 'r06')": [["p101", "A", "elderly"], ["p246", "A", "elderly"]], "(5, 'r07')": [], "(5, 'r08')": [["p199", "A", "elderly"], ["p262", "A", "elderly"]], "(5, 'r09')": [["p043", "A", "elderly"], ["p129", "A", "elderly"], ["p110", "A", "elderly"]], "(5, 'r10')": [["p007", "A", "elderly"], ["p244", "A", "elderly"]], "(5, 'r11')": [["p174", "A", "elderly"], ["p138", "A", "elderly"]], "(5, 'r12')": [["p100", "B", "elderly"]], "(5, 'r13')": [["p213", "A", "adult"]], "(5, 'r14')": [["a11", "B", "elderly"], ["p108", "B", "elderly"]], "(5, 'r15')": [["p171", "A", "elderly"], ["p216", "A", "adult"], ["p160", "A", "elderly"], ["p003", "A", "elderly"]], "(5, 'r16')": [["p117", "A", "elderly"], ["p040", "A", "elderly"]], "(5, 'r17')": [["a41", "B", "adult"], ["p135", "B", "elderly"]], "(5, 'r18')": [["p134", "A", "elderly"]], "(5, 'r19')": [["p033", "B", "elderly"], ["p044", "B", "infant"]], "(5, 'r20')": [["p183", "B", "elderly"]], "(5, 'r21')": [["p250", "A", "adult"], ["p081", "A", "elderly"]], "(5, 'r22')": [["p188", "A", "adult"], ["p091", "A", "adult"]], "(5, 'r23')": [["p078", "A", "adult"], ["p151", "A", "adult"]], "(5, 'r24')": [["a33", "B", "elderly"], ["p102", "B", "elderly"], ["p046", "B", "elderly"], ["p159", "B", "elderly"]], "(5, 'r25')": [["p053", "B", "elderly"], ["p017", "B", "adult"], ["p073", "B", "elderly"]], "(5, 'r26')": [["p008", "A", "elderly"], ["p077", "A", "elderly"]], "(5, 'r27')": [["a18", "A", "elderly"], ["a20", "A", "elderly"], ["p094", "A", "elderly"], ["p226", "A", "elderly"]], "(6, 'r00')": [["p027", "B", "elderly"], ["p161", "B", "elderly"]], "(6, 'r01')": [["p237", "B", "elderly"], ["p150", "B", "elderly"], ["p258", "B", "elderly"]], "(6, 'r02')": [["a00", "B", "elderly"], ["p030", "B", "adult"], ["p243", "B", "elderly"]], "(6, 'r03')": [["a06", "B", "elderly"], ["p133", "B", "elderly"]], "(6, 'r04')": [], "(6, 'r05')": [], "(6, 'r06')": [["p101", "A", "elderly"], ["p246", "A", "elderly"]], "(6, 'r07')": [], "(6, 'r08')": [["p199", "A", "elderly"], ["p262", "A", "elderly"]], "(6, 'r09')": [["p129", "A", "elderly"], ["p110", "A", "elderly"]], "(6, 'r10')": [["p007", "A", "elderly"], ["p244", "A", "elderly"]], "(6, 'r11')": [["p174", "A", "elderly"], ["p138", "A", "elderly"]], "(6, 'r12')": [["p100", "B", "elderly"], ["p184", "B", "elderly"]], "(6, 'r13')": [["p213", "A", "adult"], ["p080", "A", "infant"]], "(6, 'r14')": [["a11", "B", "elderly"], ["p108", "B", "elderly"]], "(6, 'r15')": [["p216", "A", "adult"], ["p160", "A", "elderly"], ["p003", "A", "elderly"]], "(6, 'r16')": [["p117", "A", "elderly"], ["p040", "A", "elderly"]], "(6, 'r17')": [["a41", "B", "adult"], ["p135", "B", "elderly"]], "(6, 'r18')": [["p134", "A", "elderly"]], "(6, 'r19')": [["p033", "B", "elderly"], ["p044", "B", "infant"]], "(6, 'r20')": [["p183", "B", "elderly"]], "(6, 'r21')": [["p081", "A", "elderly"]], "(6, 'r22')": [["p188", "A", "adult"]], "(6, 'r23')": [["p078", "A", "adult"], ["p151", "A", "adult"]], "(6, 'r24')": [["a33", "B", "elderly"], ["p102", "B", "elderly"], ["p046", "B", "elderly"], ["p233", "B", "elderly"]], "(6, 'r25')": [["p053", "B", "elderly"], ["p017", "B", "adult"], ["p073", "B", "elderly"], ["p179", "B", "adult"]], "(6, 'r26')": [["p008", "A", "elderly"], ["p077", "A", "elderly"]], "(6, 'r27')": [["a18", "A", "elderly"], ["a20", "A", "elderly"], ["p226", "A", "elderly"]], "(7, 'r00')": [["p027", "B", "elderly"], ["p161", "B", "elderly"]], "(7, 'r01')": [["p237", "B", "elderly"], ["p150", "B", "elderly"], ["p092", "B", "elderly"], ["p156", "B", "elderly"]], "(7, 'r02')": [["p030", "B", "adult"], ["p243", "B", "elderly"]], "(7, 'r03')": [["a06", "B", "elderly"], ["p133", "B", "elderly"]], "(7, 'r04')": [["p038", "A", "elderly"], ["p223", "A", "elderly"]], "(7, 'r05')": [["p207", "A", "elderly"]], "(7, 'r06')": [["p101", "A", "elderly"], ["p246", "A", "elderly"]], "(7, 'r07')": [], "(7, 'r08')": [["p050", "A", "elderly"], ["p199", "A", "elderly"], ["p262", "A", "elderly"]], "(7, 'r09')": [["p129", "A", "elderly"], ["p005", "A", "elderly"], ["p110", "A", "elderly"]], "(7, 'r10')": [["p007", "A", "elderly"], ["p244", "A", "elderly"]], "(7, 'r11')": [["p174", "A", "elderly"]], "(7, 'r12')": [["p100", "B", "elderly"], ["p184", "B", "elderly"]], "(7, 'r13')": [["p080", "A", "infant"]], "(7, 'r14')": [["a11", "B", "elderly"], ["p229", "B", "elderly"]], "(7, 'r15')": [["p216", "A", "adult"], ["p160", "A", "elderly"], ["p003", "A", "elderly"], ["p088", "A", "elderly"]], "(7, 'r16')": [["p117", "A", "elderly"]], "(7, 'r17')": [["p135", "B", "elderly"]], "(7, 'r18')": [["p134", "A", "elderly"], ["p173", "A", "elderly"]], "(7, 'r19')": [["p022", "B", "elderly"], ["p033", "B", "elderly"], ["p044", "B", "infant"], ["p147", "B", "elderly"]], "(7, 'r20')": [["p183", "B", "elderly"]], "(7, 'r21')": [], "(7, 'r22')": [["p188", "A", "adult"]], "(7, 'r23')": [["p078", "A", "adult"], ["p151", "A", "adult"]], "(7, 'r24')": [["p046", "B", "elderly"], ["p233", "B", "elderly"]], "(7, 'r25')": [["p053", "B", "elderly"], ["p017", "B", "adult"], ["p073", "B", "elderly"], ["p179", "B", "adult"]], "(7, 'r26')": [["p008", "A", "elderly"], ["p077", "A", "elderly"]], "(7, 'r27')": [["a18", "A", "elderly"], ["a20", "A", "elderly"], ["p068", "A", "elderly"]], "(8, 'r00')": [["p027", "B", "elderly"], ["p161", "B", "elderly"]], "(8, 'r01')": [["p237", "B", "elderly"], ["p150", "B", "elderly"], ["p092", "B", "elderly"], ["p156", "B", "elderly"]], "(8, 'r02')": [["p030", "B", "adult"], ["p243", "B", "elderly"], ["p211", "B", "elderly"]], "(8, 'r03')": [["p133", "B", "elderly"], ["p119", "B", "adult"]], "(8, 'r04')": [["p038", "A", "elderly"], ["p223", "A", "elderly"]], "(8, 'r05')": [["p056", "A", "elderly"], ["p207", "A", "elderly"]], "(8, 'r06')": [["p101", "A", "elderly"], ["p037", "A", "elderly"]], "(8, 'r07')": [["p015", "A", "elderly"], ["p010", "A", "elderly"], ["p067", "A", "adult"]], "(8, 'r08')": [["p050", "A", "elderly"], ["p199", "A", "elderly"]], "(8, 'r09')": [["p129", "A", "elderly"], ["p005", "A", "elderly"], ["p110", "A", "elderly"], ["p144", "A", "elderly"]], "(8, 'r10')": [["p244", "A", "elderly"]], "(8, 'r11')": [["p083", "B", "adult"]], "(8, 'r12')": [["p184", "B", "elderly"], ["p219", "B", "elderly"]], "(8, 'r13')": [["p052", "A", "elderly"], ["p222", "A", "elderly"]], "(8, 'r14')": [["a11", "B", "elderly"], ["p229", "B", "elderly"]], "(8, 'r15')": [["p216", "A", "adult"], ["p160", "A", "elderly"], ["p003", "A", "elderly"], ["p088", "A", "elderly"]], "(8, 'r16')": [["p117", "A", "elderly"]], "(8, 'r17')": [["p132", "A", "adult"]], "(8, 'r18')": [["p134", "A", "elderly"], ["p173", "A", "elderly"]], "(8, 'r19')": [["p022", "B", "elderly"], ["p147", "B", "elderly"], ["p149", "B", "adult"]], "(8, 'r20')": [["p183", "B", "elderly"]], "(8, 'r21')": [], "(8, 'r22')": [], "(8, 'r23')": [["p078", "A", "adult"], ["p151", "A", "adult"], ["p263", "A", "elderly"]], "(8, 'r24')": [["p046", "B", "elderly"], ["p139", "B", "elderly"], ["p177", "B", "elderly"], ["p233", "B", "elderly"]], "(8, 'r25')": [["p053", "B", "elderly"], ["p073", "B", "elderly"], ["p179", "B", "adult"]], "(8, 'r26')": [["p008", "A", "elderly"], ["p047", "A", "elderly"], ["p077", "A", "elderly"]], "(8, 'r27')": [["a18", "A", "elderly"], ["a20", "A", "elderly"], ["p068", "A", "elderly"]], "(9, 'r00')": [["p027", "B", "elderly"], ["p161", "B", "elderly"]], "(9, 'r01')": [["p237", "B", "elderly"], ["p092", "B", "elderly"]], "(9, 'r02')": [["p030", "B", "adult"], ["p211", "B", "elderly"]], "(9, 'r03')": [["p133", "B", "elderly"], ["p119", "B", "adult"]], "(9, 'r04')": [["p038", "A", "elderly"], ["p223", "A", "elderly"]], "(9, 'r05')": [["p056", "A", "elderly"], ["p207", "A", "elderly"]], "(9, 'r06')": [["p101", "A", "elderly"], ["p037", "A", "elderly"]], "(9, 'r07')": [["p015", "A", "elderly"], ["p010", "A", "elderly"], ["p067", "A", "adult"]], "(9, 'r08')": [["p050", "A", "elderly"], ["p075", "A", "elderly"], ["p198", "A", "adult"]], "(9, 'r09')": [["p129", "A", "elderly"], ["p144", "A", "elderly"]], "(9, 'r10')": [["p163", "B", "elderly"]], "(9, 'r11')": [["p083", "B", "adult"]], "(9, 'r12')": [["p219", "B", "elderly"]], "(9, 'r13')": [["p052", "A", "elderly"], ["p222", "A", "elderly"], ["p253", "A", "elderly"]], "(9, 'r14')": [["a11", "B", "elderly"], ["p166", "B", "elderly"], ["p229", "B", "elderly"]], "(9, 'r15')": [["p160", "A", "elderly"], ["p003", "A", "elderly"], ["p049", "A", "elderly"], ["p088", "A", "elderly"]], "(9, 'r16')": [["p117", "A", "elderly"]], "(9, 'r17')": [["p132", "A", "adult"], ["p093", "A", "elderly"]], "(9, 'r18')": [["p134", "A", "elderly"], ["p173", "A", "elderly"]], "(9, 'r19')": [["p142", "B", "adult"], ["p147", "B", "elderly"], ["p149", "B", "adult"], ["p231", "B", "elderly"]], "(9, 'r20')": [["p029", "B", "elderly"], ["p170", "B", "elderly"], ["p215", "B", "elderly"]], "(9, 'r21')": [["p105", "B", "elderly"]], "(9, 'r22')": [["p136", "B", "elderly"], ["p249", "B", "elderly"]], "(9, 'r23')": [["p078", "A", "adult"], ["p151", "A", "adult"], ["p263", "A", "elderly"]], "(9, 'r24')": [["p046", "B", "elderly"], ["p139", "B", "elderly"], ["p177", "B", "elderly"], ["p233", "B", "elderly"]], "(9, 'r25')": [["p053", "B", "elderly"], ["p057", "B", "elderly"], ["p073", "B", "elderly"], ["p179", "B", "adult"]], "(9, 'r26')": [["p000", "A", "elderly"], ["p047", "A", "elderly"]], "(9, 'r27')": [["a18", "A", "elderly"], ["p141", "A", "elderly"], ["p191", "A", "elderly"]], "(10, 'r00')": [["p027", "B", "elderly"], ["p161", "B", "elderly"]], "(10, 'r01')": [["p070", "B", "adult"], ["p092", "B", "elderly"]], "(10, 'r02')": [["p071", "A", "adult"]], "(10, 'r03')": [["p133", "B", "elderly"], ["p119", "B", "adult"]], "(10, 'r04')": [["p038", "A", "elderly"], ["p223", "A", "elderly"]], "(10, 'r05')": [["p207", "A", "elderly"]], "(10, 'r06')": [["p101", "A", "elderly"]], "(10, 'r07')": [["p015", "A", "elderly"], ["p010", "A", "elderly"], ["p067", "A", "adult"]], "(10, 'r08')": [["p050", "A", "elderly"], ["p075", "A", "elderly"], ["p198", "A", "adult"]], "(10, 'r09')": [["p144", "A", "elderly"]], "(10, 'r10')": [["p004", "B", "elderly"], ["p163", "B", "elderly"]], "(10, 'r11')": [], "(10, 'r12')": [["p219", "B", "elderly"]], "(10, 'r13')": [["p052", "A", "elderly"], ["p222", "A", "elderly"], ["p253", "A", "elderly"]], "(10, 'r14')": [["p166", "B", "elderly"], ["p229", "B", "elderly"]], "(10, 'r15')": [["p160", "A", "elderly"], ["p003", "A", "elderly"], ["p049", "A", "elderly"], ["p088", "A", "elderly"]], "(10, 'r16')": [["p117", "A", "elderly"]], "(10, 'r17')": [["p132", "A", "adult"], ["p093", "A", "elderly"]], "(10, 'r18')": [["p134", "A", "elderly"], ["p173", "A", "elderly"]], "(10, 'r19')": [["p142", "B", "adult"], ["p149", "B", "adult"], ["p231", "B", "elderly"]], "(10, 'r20')": [["p029", "B", "elderly"], ["p170", "B", "elderly"], ["p215", "B", "elderly"]], "(10, 'r21')": [["p105", "B", "elderly"]], "(10, 'r22')": [["p136", "B", "elderly"], ["p249", "B", "elderly"]], "(10, 'r23')": [["p078", "A", "adult"], ["p151", "A", "adult"], ["p263", "A", "elderly"]], "(10, 'r24')": [["p139", "B", "elderly"], ["p157", "B", "elderly"], ["p177", "B", "elderly"], ["p233", "B", "elderly"]], "(10, 'r25')": [["p053", "B", "elderly"], ["p057", "B", "elderly"], ["p073", "B", "elderly"], ["p179", "B", "adult"]], "(10, 'r26')": [["p000", "A", "elderly"], ["p047", "A", "elderly"]], "(10, 'r27')": [["p031", "A", "elderly"], ["p069", "A", "adult"], ["p141", "A", "elderly"], ["p191", "A", "elderly"]], "(11, 'r00')": [["p161", "B", "elderly"]], "(11, 'r01')": [["p014", "B", "elderly"], ["p019", "B", "elderly"], ["p070", "B", "adult"], ["p092", "B", "elderly"]], "(11, 'r02')": [["p024", "A", "adult"], ["p071", "A", "adult"]], "(11, 'r03')": [["p119", "B", "adult"]], "(11, 'r04')": [["p038", "A", "elderly"], ["p206", "A", "elderly"]], "(11, 'r05')": [["p207", "A", "elderly"]], "(11, 'r06')": [["p101", "A", "elderly"], ["p025", "A", "elderly"]], "(11, 'r07')": [["p051", "A", "elderly"], ["p067", "A", "adult"]], "(11, 'r08')": [["p075", "A", "elderly"], ["p198", "A", "adult"]], "(11, 'r09')": [["p252", "B", "adult"]], "(11, 'r10')": [["p004", "B", "elderly"], ["p163", "B", "elderly"]], "(11, 'r11')": [], "(11, 'r12')": [["p260", "B", "elderly"]], "(11, 'r13')": [["p225", "A", "elderly"], ["p253", "A", "elderly"]], "(11, 'r14')": [["p011", "A", "elderly"], ["p204", "A", "elderly"]], "(11, 'r15')": [["p160", "A", "elderly"], ["p088", "A", "elderly"], ["p230", "A", "elderly"], ["p256", "A", "elderly"]], "(11, 'r16')": [["p127", "B", "elderly"]], "(11, 'r17')": [["p132", "A", "adult"], ["p093", "A", "elderly"]], "(11, 'r18')": [["p217", "B", "infant"]], "(11, 'r19')": [["p142", "B", "adult"], ["p149", "B", "adult"], ["p231", "B", "elderly"]], "(11, 'r20')": [["p029", "B", "elderly"], ["p170", "B", "elderly"], ["p215", "B", "elderly"]], "(11, 'r21')": [["p105", "B", "elderly"]], "(11, 'r22')": [["p136", "B", "elderly"], ["p249", "B", "elderly"]], "(11, 'r23')": [["p078", "A", "adult"]], "(11, 'r24')": [["p139", "B", "elderly"], ["p157", "B", "elderly"]], "(11, 'r25')": [["p057", "B", "elderly"], ["p073", "B", "elderly"]], "(11, 'r26')": [["p000", "A", "elderly"], ["p047", "A", "elderly"], ["p076", "A", "elderly"], ["p140", "A", "elderly"]], "(11, 'r27')": [["p031", "A", "elderly"], ["p069", "A", "adult"], ["p141", "A", "elderly"], ["p191", "A", "elderly"]], "(12, 'r00')": [["p161", "B", "elderly"]], "(12, 'r01')": [["p014", "B", "elderly"], ["p019", "B", "elderly"], ["p070", "B", "adult"], ["p092", "B", "elderly"]], "(12, 'r02')": [["p024", "A", "adult"], ["p071", "A", "adult"]], "(12, 'r03')": [], "(12, 'r04')": [["p038", "A", "elderly"], ["p206", "A", "elderly"]], "(12, 'r05')": [["p113", "A", "elderly"], ["p207", "A", "elderly"]], "(12, 'r06')": [["p101", "A", "elderly"], ["p025", "A", "elderly"]], "(12, 'r07')": [["p051", "A", "elderly"]], "(12, 'r08')": [["p075", "A", "elderly"], ["p198", "A", "adult"]], "(12, 'r09')": [["p252", "B", "adult"]], "(12, 'r10')": [["p004", "B", "elderly"]], "(12, 'r11')": [["p259", "A", "elderly"]], "(12, 'r12')": [["p124", "B", "adult"], ["p260", "B", "elderly"]], "(12, 'r13')": [["p225", "A", "elderly"], ["p253", "A", "elderly"]], "(12, 'r14')": [["p011", "A", "elderly"], ["p204", "A", "elderly"]], "(12, 'r15')": [["p160", "A", "elderly"], ["p088", "A", "elderly"], ["p230", "A", "elderly"], ["p256", "A", "elderly"]], "(12, 'r16')": [["p127", "B", "elderly"]], "(12, 'r17')": [], "(12, 'r18')": [["p217", "B", "infant"]], "(12, 'r19')": [["p142", "B", "adult"], ["p149", "B", "adult"], ["p192", "B", "elderly"]], "(12, 'r20')": [["p029", "B", "elderly"], ["p170", "B", "elderly"], ["p215", "B", "elderly"]], "(12, 'r21')": [["p238", "A", "elderly"]], "(12, 'r22')": [["p079", "B", "elderly"], ["p249", "B", "elderly"]], "(12, 'r23')": [], "(12, 'r24')": [["p103", "B", "elderly"], ["p152", "B", "infant"], ["p157", "B", "elderly"]], "(12, 'r25')": [["p228", "A", "infant"]], "(12, 'r26')": [["p047", "A", "elderly"], ["p076", "A", "elderly"], ["p140", "A", "elderly"]], "(12, 'r27')": [["p031", "A", "elderly"], ["p069", "A", "adult"], ["p104", "A", "elderly"], ["p191", "A", "elderly"]], "(13, 'r00')": [["p161", "B", "elderly"]], "(13, 'r01')": [["p014", "B", "elderly"], ["p019", "B", "elderly"], ["p070", "B", "adult"], ["p090", "B", "elderly"]], "(13, 'r02')": [["p024", "A", "adult"], ["p071", "A", "adult"]], "(13, 'r03')": [["p002", "A", "adult"], ["p018", "A", "adult"]], "(13, 'r04')": [["p038", "A", "elderly"], ["p206", "A", "elderly"]], "(13, 'r05')": [["p113", "A", "elderly"], ["p261", "A", "elderly"]], "(13, 'r06')": [["p025", "A", "elderly"]], "(13, 'r07')": [["p051", "A", "elderly"], ["p168", "A", "elderly"], ["p195", "A", "elderly"]], "(13, 'r08')": [["p034", "A", "elderly"], ["p075", "A", "elderly"], ["p198", "A", "adult"]], "(13, 'r09')": [["p095", "B", "adult"], ["p252", "B", "adult"]], "(13, 'r10')": [["p004", "B", "elderly"], ["p235", "B", "elderly"]], "(13, 'r11')": [["p202", "A", "elderly"], ["p259", "A", "elderly"]], "(13, 'r12')": [["p124", "B", "adult"], ["p260", "B", "elderly"]], "(13, 'r13')": [["p028", "A", "adult"], ["p058", "A", "adult"], ["p225", "A", "elderly"]], "(13, 'r14')": [["p011", "A", "elderly"], ["p204", "A", "elderly"]], "(13, 'r15')": [["p082", "A", "elderly"], ["p230", "A", "elderly"], ["p256", "A", "elderly"]], "(13, 'r16')": [["p127", "B", "elderly"]], "(13, 'r17')": [["p201", "B", "elderly"], ["p242", "B", "elderly"]], "(13, 'r18')": [["p121", "B", "elderly"], ["p217", "B", "infant"]], "(13, 'r19')": [["p125", "B", "adult"], ["p142", "B", "adult"], ["p192", "B", "elderly"]], "(13, 'r20')": [["p066", "A", "elderly"], ["p084", "A", "elderly"], ["p148", "A", "elderly"]], "(13, 'r21')": [["p193", "A", "elderly"], ["p238", "A", "elderly"]], "(13, 'r22')": [["p079", "B", "elderly"], ["p249", "B", "elderly"]], "(13, 'r23')": [["p021", "A", "adult"], ["p062", "A", "elderly"]], "(13, 'r24')": [["p103", "B", "elderly"], ["p152", "B", "infant"], ["p157", "B", "elderly"]], "(13, 'r25')": [["p143", "A", "elderly"], ["p178", "A", "adult"], ["p228", "A", "infant"]], "(13, 'r26')": [["p047", "A", "elderly"], ["p076", "A", "elderly"], ["p140", "A", "elderly"], ["p176", "A", "elderly"]], "(13, 'r27')": [["p020", "A", "elderly"], ["p031", "A", "elderly"], ["p069", "A", "adult"], ["p104", "A", "elderly"]]}, "theater_allocation": {"(0, 't0')": 480, "(0, 't1')": 720, "(0, 't2')": 720, "(0, 't3')": 720, "(0, 't4')": 600, "(0, 't5')": 600, "(0, 't6')": 480, "(0, 't7')": 480, "(0, 't8')": 720, "(0, 't9')": -1320, "(1, 't0')": 480, "(1, 't1')": 720, "(1, 't2')": 600, "(1, 't3')": 600, "(1, 't4')": 600, "(1, 't5')": 0, "(1, 't6')": 600, "(1, 't7')": 600, "(1, 't8')": 600, "(1, 't9')": -1500, "(2, 't0')": 600, "(2, 't1')": 720, "(2, 't2')": 600, "(2, 't3')": 0, "(2, 't4')": 720, "(2, 't5')": 600, "(2, 't6')": 720, "(2, 't7')": 720, "(2, 't8')": 600, "(2, 't9')": -2010, "(3, 't0')": 0, "(3, 't1')": 720, "(3, 't2')": 600, "(3, 't3')": 600, "(3, 't4')": 600, "(3, 't5')": 600, "(3, 't6')": 600, "(3, 't7')": 600, "(3, 't8')": 600, "(3, 't9')": -1470, "(4, 't0')": 600, "(4, 't1')": 600, "(4, 't2')": 600, "(4, 't3')": 600, "(4, 't4')": 720, "(4, 't5')": 600, "(4, 't6')": 600, "(4, 't7')": 720, "(4, 't8')": 720, "(4, 't9')": -1710, "(5, 't0')": 480, "(5, 't1')": 600, "(5, 't2')": 600, "(5, 't3')": 0, "(5, 't4')": 0, "(5, 't5')": 600, "(5, 't6')": 600, "(5, 't7')": 600, "(5, 't8')": 600, "(5, 't9')": -420, "(6, 't0')": 0, "(6, 't1')": 480, "(6, 't2')": 480, "(6, 't3')": 480, "(6, 't4')": 480, "(6, 't5')": 720, "(6, 't6')": 480, "(6, 't7')": 600, "(6, 't8')": 600, "(6, 't9')": -840, "(7, 't0')": 600, "(7, 't1')": 600, "(7, 't2')": 600, "(7, 't3')": 720, "(7, 't4')": 720, "(7, 't5')": 720, "(7, 't6')": 600, "(7, 't7')": 600, "(7, 't8')": 720, "(7, 't9')": -1350, "(8, 't0')": 600, "(8, 't1')": 720, "(8, 't2')": 480, "(8, 't3')": 600, "(8, 't4')": 480, "(8, 't5')": 600, "(8, 't6')": 600, "(8, 't7')": 720, "(8, 't8')": 600, "(8, 't9')": -1800, "(9, 't0')": 720, "(9, 't1')": 600, "(9, 't2')": 600, "(9, 't3')": 720, "(9, 't4')": 480, "(9, 't5')": 720, "(9, 't6')": 720, "(9, 't7')": 720, "(9, 't8')": 600, "(9, 't9')": -2220, "(10, 't0')": 480, "(10, 't1')": 480, "(10, 't2')": 720, "(10, 't3')": 720, "(10, 't4')": 600, "(10, 't5')": 480, "(10, 't6')": 600, "(10, 't7')": 480, "(10, 't8')": 720, "(10, 't9')": -720, "(11, 't0')": 600, "(11, 't1')": 720, "(11, 't2')": 600, "(11, 't3')": 720, "(11, 't4')": 720, "(11, 't5')": 720, "(11, 't6')": 720, "(11, 't7')": 720, "(11, 't8')": 480, "(11, 't9')": -2100, "(12, 't0')": 600, "(12, 't1')": 600, "(12, 't2')": 480, "(12, 't3')": 720, "(12, 't4')": 720, "(12, 't5')": 480, "(12, 't6')": 600, "(12, 't7')": 600, "(12, 't8')": 720, "(12, 't9')": -840, "(13, 't0')": 600, "(13, 't1')": 600, "(13, 't2')": 600, "(13, 't3')": 600, "(13, 't4')": 600, "(13, 't5')": 600, "(13, 't6')": 600, "(13, 't7')": 600, "(13, 't8')": 600, "(13, 't9')": -3720}, "surgeon_allocation": {"(0, 's0')": 150, "(0, 's1')": 0, "(0, 's2')": 0, "(0, 's3')": 0, "(0, 's4')": 0, "(0, 's5')": 120, "(0, 's6')": 60, "(0, 's7')": 30, "(0, 's8')": 0, "(0, 's9')": 0, "(1, 's0')": 60, "(1, 's1')": 150, "(1, 's2')": 0, "(1, 's3')": 270, "(1, 's4')": 240, "(1, 's5')": 150, "(1, 's6')": 300, "(1, 's7')": 60, "(1, 's8')": 360, "(1, 's9')": 390, "(2, 's0')": 360, "(2, 's1')": 120, "(2, 's2')": 180, "(2, 's3')": 0, "(2, 's4')": 0, "(2, 's5')": 480, "(2, 's6')": 270, "(2, 's7')": 90, "(2, 's8')": 90, "(2, 's9')": 240, "(3, 's0')": 0, "(3, 's1')": 360, "(3, 's2')": 0, "(3, 's3')": 0, "(3, 's4')": 120, "(3, 's5')": 480, "(3, 's6')": 480, "(3, 's7')": 90, "(3, 's8')": 0, "(3, 's9')": 600, "(4, 's0')": 420, "(4, 's1')": 0, "(4, 's2')": 240, "(4, 's3')": 60, "(4, 's4')": 480, "(4, 's5')": 60, "(4, 's6')": 90, "(4, 's7')": 90, "(4, 's8')": 90, "(4, 's9')": 0, "(5, 's0')": 0, "(5, 's1')": 60, "(5, 's2')": 360, "(5, 's3')": 90, "(5, 's4')": 300, "(5, 's5')": 0, "(5, 's6')": 0, "(5, 's7')": 0, "(5, 's8')": 0, "(5, 's9')": 90, "(6, 's0')": 0, "(6, 's1')": 60, "(6, 's2')": 0, "(6, 's3')": 60, "(6, 's4')": 0, "(6, 's5')": 0, "(6, 's6')": 0, "(6, 's7')": 0, "(6, 's8')": 0, "(6, 's9')": 0, "(7, 's0')": 0, "(7, 's1')": 270, "(7, 's2')": 0, "(7, 's3')": 0, "(7, 's4')": 0, "(7, 's5')": 240, "(7, 's6')": 210, "(7, 's7')": 180, "(7, 's8')": 60, "(7, 's9')": 210, "(8, 's0')": 60, "(8, 's1')": 90, "(8, 's2')": 240, "(8, 's3')": 180, "(8, 's4')": 360, "(8, 's5')": 30, "(8, 's6')": 0, "(8, 's7')": 240, "(8, 's8')": 480, "(8, 's9')": 360, "(9, 's0')": 120, "(9, 's1')": 60, "(9, 's2')": 90, "(9, 's3')": 0, "(9, 's4')": 480, "(9, 's5')": 360, "(9, 's6')": 60, "(9, 's7')": 240, "(9, 's8')": 60, "(9, 's9')": 510, "(10, 's0')": 0, "(10, 's1')": 0, "(10, 's2')": 0, "(10, 's3')": 0, "(10, 's4')": 480, "(10, 's5')": 0, "(10, 's6')": 0, "(10, 's7')": 0, "(10, 's8')": 0, "(10, 's9')": 0, "(11, 's0')": 60, "(11, 's1')": 30, "(11, 's2')": 0, "(11, 's3')": 30, "(11, 's4')": 180, "(11, 's5')": 180, "(11, 's6')": 180, "(11, 's7')": 0, "(11, 's8')": 0, "(11, 's9')": 0, "(12, 's0')": 0, "(12, 's1')": 0, "(12, 's2')": 0, "(12, 's3')": 0, "(12, 's4')": 0, "(12, 's5')": 60, "(12, 's6')": 0, "(12, 's7')": 0, "(12, 's8')": 60, "(12, 's9')": 120, "(13, 's0')": 0, "(13, 's1')": 0, "(13, 's2')": 120, "(13, 's3')": 30, "(13, 's4')": 0, "(13, 's5')": 0, "(13, 's6')": 0, "(13, 's7')": 60, "(13, 's8')": 0, "(13, 's9')": 30}, "operator": "['insert_patient_to_available_surgeon']"}