{"patients": [{"id": "p082", "admission_day": 0, "room": "r01", "operating_theater": "t1"}, {"id": "p041", "admission_day": 0, "room": "r03", "operating_theater": "t1"}, {"id": "p062", "admission_day": 0, "room": "r05", "operating_theater": "t1"}, {"id": "p063", "admission_day": 0, "room": "r05", "operating_theater": "t1"}, {"id": "p069", "admission_day": 0, "room": "r07", "operating_theater": "t1"}, {"id": "p029", "admission_day": 1, "room": "r07", "operating_theater": "t0"}, {"id": "p054", "admission_day": 1, "room": "r08", "operating_theater": "t0"}, {"id": "p048", "admission_day": 1, "room": "r08", "operating_theater": "t0"}, {"id": "p066", "admission_day": 1, "room": "r00", "operating_theater": "t0"}, {"id": "p003", "admission_day": 1, "room": "r08", "operating_theater": "t1"}, {"id": "p019", "admission_day": 1, "room": "r00", "operating_theater": "t0"}, {"id": "p020", "admission_day": 1, "room": "r02", "operating_theater": "t1"}, {"id": "p077", "admission_day": 1, "room": "r02", "operating_theater": "t1"}, {"id": "p022", "admission_day": 1, "room": "r06", "operating_theater": "t1"}, {"id": "p039", "admission_day": 1, "room": "r08", "operating_theater": "t1"}, {"id": "p075", "admission_day": 1, "room": "r06", "operating_theater": "t1"}, {"id": "p057", "admission_day": 2, "room": "r00", "operating_theater": "t1"}, {"id": "p064", "admission_day": 2, "room": "r04", "operating_theater": "t1"}, {"id": "p055", "admission_day": 2, "room": "r01", "operating_theater": "t1"}, {"id": "p026", "admission_day": 2, "room": "r06", "operating_theater": "t1"}, {"id": "p015", "admission_day": 2, "room": "r03", "operating_theater": "t1"}, {"id": "p024", "admission_day": 2, "room": "r05", "operating_theater": "t2"}, {"id": "p025", "admission_day": 2, "room": "r11", "operating_theater": "t2"}, {"id": "p049", "admission_day": 2, "room": "r07", "operating_theater": "t2"}, {"id": "p009", "admission_day": 2, "room": "r09", "operating_theater": "t2"}, {"id": "p059", "admission_day": 2, "room": "r10", "operating_theater": "t2"}, {"id": "p085", "admission_day": 3, "room": "r06", "operating_theater": "t0"}, {"id": "p094", "admission_day": 3, "room": "r03", "operating_theater": "t1"}, {"id": "p121", "admission_day": 3, "room": "r03", "operating_theater": "t0"}, {"id": "p115", "admission_day": 3, "room": "r03", "operating_theater": "t0"}, {"id": "p079", "admission_day": 3, "room": "r10", "operating_theater": "t1"}, {"id": "p018", "admission_day": 3, "room": "r11", "operating_theater": "t2"}, {"id": "p031", "admission_day": 3, "room": "r11", "operating_theater": "t1"}, {"id": "p046", "admission_day": 3, "room": "r12", "operating_theater": "t0"}, {"id": "p067", "admission_day": 3, "room": "r07", "operating_theater": "t2"}, {"id": "p027", "admission_day": 3, "room": "r09", "operating_theater": "t0"}, {"id": "p044", "admission_day": 3, "room": "r12", "operating_theater": "t2"}, {"id": "p065", "admission_day": 3, "room": "r12", "operating_theater": "t2"}, {"id": "p098", "admission_day": 4, "room": "r00", "operating_theater": "t0"}, {"id": "p130", "admission_day": 4, "room": "r05", "operating_theater": "t0"}, {"id": "p144", "admission_day": 4, "room": "r07", "operating_theater": "t0"}, {"id": "p008", "admission_day": 4, "room": "r04", "operating_theater": "t1"}, {"id": "p045", "admission_day": 4, "room": "r08", "operating_theater": "t1"}, {"id": "p122", "admission_day": 4, "room": "r10", "operating_theater": "t2"}, {"id": "p141", "admission_day": 4, "room": "r10", "operating_theater": "t1"}, {"id": "p034", "admission_day": 4, "room": "r13", "operating_theater": "t2"}, {"id": "p051", "admission_day": 4, "room": "r09", "operating_theater": "t1"}, {"id": "p118", "admission_day": 5, "room": "r02", "operating_theater": "t0"}, {"id": "p138", "admission_day": 5, "room": "r01", "operating_theater": "t0"}, {"id": "p047", "admission_day": 7, "room": "r11", "operating_theater": "t0"}, {"id": "p011", "admission_day": 7, "room": "r00", "operating_theater": "t2"}, {"id": "p137", "admission_day": 7, "room": "r01", "operating_theater": "t0"}, {"id": "p143", "admission_day": 7, "room": "r02", "operating_theater": "t0"}, {"id": "p157", "admission_day": 7, "room": "r04", "operating_theater": "t0"}, {"id": "p004", "admission_day": 7, "room": "r00", "operating_theater": "t1"}, {"id": "p028", "admission_day": 7, "room": "r01", "operating_theater": "t1"}, {"id": "p162", "admission_day": 7, "room": "r03", "operating_theater": "t1"}, {"id": "p060", "admission_day": 7, "room": "r06", "operating_theater": "t1"}, {"id": "p081", "admission_day": 7, "room": "r03", "operating_theater": "t1"}, {"id": "p127", "admission_day": 7, "room": "r05", "operating_theater": "t2"}, {"id": "p145", "admission_day": 7, "room": "r05", "operating_theater": "t1"}, {"id": "p086", "admission_day": 7, "room": "r07", "operating_theater": "t2"}, {"id": "p129", "admission_day": 7, "room": "r08", "operating_theater": "t2"}, {"id": "p158", "admission_day": 7, "room": "r06", "operating_theater": "t2"}, {"id": "p030", "admission_day": 8, "room": "r10", "operating_theater": "t0"}, {"id": "p101", "admission_day": 8, "room": "r01", "operating_theater": "t0"}, {"id": "p154", "admission_day": 8, "room": "r10", "operating_theater": "t1"}, {"id": "p007", "admission_day": 8, "room": "r03", "operating_theater": "t1"}, {"id": "p172", "admission_day": 8, "room": "r10", "operating_theater": "t1"}, {"id": "p116", "admission_day": 9, "room": "r00", "operating_theater": "t0"}, {"id": "p113", "admission_day": 9, "room": "r05", "operating_theater": "t0"}, {"id": "p061", "admission_day": 9, "room": "r00", "operating_theater": "t0"}, {"id": "p076", "admission_day": 9, "room": "r07", "operating_theater": "t0"}, {"id": "p136", "admission_day": 9, "room": "r08", "operating_theater": "t0"}, {"id": "p042", "admission_day": 9, "room": "r08", "operating_theater": "t1"}, {"id": "p037", "admission_day": 9, "room": "r07", "operating_theater": "t1"}, {"id": "p171", "admission_day": 9, "room": "r08", "operating_theater": "t1"}, {"id": "p016", "admission_day": 9, "room": "r09", "operating_theater": "t1"}, {"id": "p091", "admission_day": 9, "room": "r08", "operating_theater": "t2"}, {"id": "p097", "admission_day": 9, "room": "r09", "operating_theater": "t1"}, {"id": "p128", "admission_day": 9, "room": "r09", "operating_theater": "t2"}, {"id": "p032", "admission_day": 9, "room": "r11", "operating_theater": "t2"}, {"id": "p053", "admission_day": 10, "room": "r03", "operating_theater": "t2"}, {"id": "p119", "admission_day": 10, "room": "r13", "operating_theater": "t2"}, {"id": "p142", "admission_day": 11, "room": "r00", "operating_theater": "t0"}, {"id": "p164", "admission_day": 11, "room": "r05", "operating_theater": "t0"}, {"id": "p134", "admission_day": 11, "room": "r10", "operating_theater": "t0"}, {"id": "p152", "admission_day": 11, "room": "r02", "operating_theater": "t1"}, {"id": "p043", "admission_day": 11, "room": "r12", "operating_theater": "t0"}, {"id": "p124", "admission_day": 11, "room": "r07", "operating_theater": "t0"}, {"id": "p092", "admission_day": 11, "room": "r11", "operating_theater": "t0"}, {"id": "p068", "admission_day": 11, "room": "r07", "operating_theater": "t1"}, {"id": "p168", "admission_day": 11, "room": "r11", "operating_theater": "t1"}, {"id": "p139", "admission_day": 12, "room": "r01", "operating_theater": "t0"}, {"id": "p165", "admission_day": 12, "room": "r02", "operating_theater": "t0"}, {"id": "p080", "admission_day": 12, "room": "r04", "operating_theater": "t0"}, {"id": "p103", "admission_day": 12, "room": "r04", "operating_theater": "t1"}, {"id": "p038", "admission_day": 12, "room": "r13", "operating_theater": "t1"}, {"id": "p131", "admission_day": 12, "room": "r06", "operating_theater": "t1"}, {"id": "p106", "admission_day": 13, "room": "r03", "operating_theater": "t0"}, {"id": "p151", "admission_day": 15, "room": "r07", "operating_theater": "t0"}, {"id": "p133", "admission_day": 13, "room": "r09", "operating_theater": "t0"}, {"id": "p111", "admission_day": 13, "room": "r00", "operating_theater": "t0"}, {"id": "p167", "admission_day": 13, "room": "r08", "operating_theater": "t0"}, {"id": "p040", "admission_day": 23, "room": "r01", "operating_theater": "t1"}, {"id": "p132", "admission_day": 14, "room": "r06", "operating_theater": "t0"}, {"id": "p005", "admission_day": 14, "room": "r05", "operating_theater": "t0"}, {"id": "p052", "admission_day": 14, "room": "r06", "operating_theater": "t1"}, {"id": "p096", "admission_day": 14, "room": "r11", "operating_theater": "t1"}, {"id": "p100", "admission_day": 14, "room": "r06", "operating_theater": "t0"}, {"id": "p104", "admission_day": 14, "room": "r05", "operating_theater": "t0"}, {"id": "p159", "admission_day": 15, "room": "r11", "operating_theater": "t0"}, {"id": "p114", "admission_day": 18, "room": "r08", "operating_theater": "t2"}, {"id": "p140", "admission_day": 15, "room": "r03", "operating_theater": "t0"}, {"id": "p002", "admission_day": 16, "room": "r01", "operating_theater": "t0"}, {"id": "p148", "admission_day": 16, "room": "r03", "operating_theater": "t0"}, {"id": "p123", "admission_day": 16, "room": "r04", "operating_theater": "t1"}, {"id": "p102", "admission_day": 16, "room": "r00", "operating_theater": "t1"}, {"id": "p033", "admission_day": 17, "room": "r03", "operating_theater": "t0"}, {"id": "p160", "admission_day": 17, "room": "r11", "operating_theater": "t0"}, {"id": "p010", "admission_day": 17, "room": "r04", "operating_theater": "t0"}, {"id": "p112", "admission_day": 17, "room": "r06", "operating_theater": "t1"}, {"id": "p156", "admission_day": 17, "room": "r08", "operating_theater": "t1"}, {"id": "p161", "admission_day": 17, "room": "r12", "operating_theater": "t1"}, {"id": "p163", "admission_day": 17, "room": "r00", "operating_theater": "t0"}, {"id": "p014", "admission_day": 19, "room": "r05", "operating_theater": "t0"}, {"id": "p108", "admission_day": 19, "room": "r05", "operating_theater": "t0"}, {"id": "p153", "admission_day": 19, "room": "r07", "operating_theater": "t0"}, {"id": "p084", "admission_day": 21, "room": "r07", "operating_theater": "t0"}, {"id": "p088", "admission_day": 21, "room": "r00", "operating_theater": "t0"}, {"id": "p125", "admission_day": 21, "room": "r02", "operating_theater": "t0"}, {"id": "p135", "admission_day": 21, "room": "r00", "operating_theater": "t1"}, {"id": "p017", "admission_day": 22, "room": "r12", "operating_theater": "t0"}, {"id": "p073", "admission_day": 23, "room": "r02", "operating_theater": "t0"}, {"id": "p107", "admission_day": 23, "room": "r03", "operating_theater": "t0"}, {"id": "p035", "admission_day": 23, "room": "r04", "operating_theater": "t0"}, {"id": "p150", "admission_day": 23, "room": "r03", "operating_theater": "t0"}, {"id": "p078", "admission_day": 27, "room": "r00", "operating_theater": "t0"}, {"id": "p000", "admission_day": 12, "room": "r07", "operating_theater": "t1"}, {"id": "p001", "admission_day": "none"}, {"id": "p006", "admission_day": "none"}, {"id": "p012", "admission_day": "none"}, {"id": "p013", "admission_day": "none"}, {"id": "p021", "admission_day": "none"}, {"id": "p023", "admission_day": "none"}, {"id": "p036", "admission_day": 14, "room": "r06", "operating_theater": "t1"}, {"id": "p050", "admission_day": "none"}, {"id": "p056", "admission_day": 7, "room": "r12", "operating_theater": "t0"}, {"id": "p058", "admission_day": "none"}, {"id": "p070", "admission_day": 12, "room": "r12", "operating_theater": "t1"}, {"id": "p071", "admission_day": 8, "room": "r13", "operating_theater": "t1"}, {"id": "p072", "admission_day": "none"}, {"id": "p074", "admission_day": 15, "room": "r08", "operating_theater": "t0"}, {"id": "p083", "admission_day": "none"}, {"id": "p087", "admission_day": 14, "room": "r10", "operating_theater": "t1"}, {"id": "p089", "admission_day": "none"}, {"id": "p090", "admission_day": 26, "room": "r12", "operating_theater": "t0"}, {"id": "p093", "admission_day": "none"}, {"id": "p095", "admission_day": 14, "room": "r03", "operating_theater": "t1"}, {"id": "p099", "admission_day": "none"}, {"id": "p105", "admission_day": 10, "room": "r13", "operating_theater": "t2"}, {"id": "p109", "admission_day": 27, "room": "r07", "operating_theater": "t0"}, {"id": "p110", "admission_day": "none"}, {"id": "p120", "admission_day": 27, "room": "r02", "operating_theater": "t0"}, {"id": "p126", "admission_day": 14, "room": "r01", "operating_theater": "t0"}, {"id": "p146", "admission_day": 27, "room": "r09", "operating_theater": "t0"}, {"id": "p147", "admission_day": 19, "room": "r01", "operating_theater": "t0"}, {"id": "p149", "admission_day": 17, "room": "r09", "operating_theater": "t1"}, {"id": "p155", "admission_day": 13, "room": "r12", "operating_theater": "t0"}, {"id": "p166", "admission_day": "none"}, {"id": "p169", "admission_day": "none"}, {"id": "p170", "admission_day": "none"}, {"id": "p173", "admission_day": "none"}], "nurses": [{"id": "n000", "assignments": [{"day": 0, "shift": "night", "rooms": ["r00", "r01", "r02", "r03"]}, {"day": 1, "shift": "night", "rooms": ["r00", "r01", "r02", "r03"]}, {"day": 3, "shift": "late", "rooms": ["r00", "r01"]}, {"day": 4, "shift": "late", "rooms": ["r00", "r01"]}, {"day": 5, "shift": "late", "rooms": ["r00"]}, {"day": 6, "shift": "late", "rooms": ["r00", "r01", "r02"]}, {"day": 7, "shift": "late", "rooms": ["r00", "r01"]}, {"day": 8, "shift": "night", "rooms": ["r00", "r01", "r02"]}, {"day": 9, "shift": "night", "rooms": ["r00", "r01", "r02"]}, {"day": 11, "shift": "early", "rooms": ["r00", "r01"]}, {"day": 12, "shift": "early", "rooms": ["r00", "r01"]}, {"day": 13, "shift": "late", "rooms": ["r00", "r01"]}, {"day": 14, "shift": "late", "rooms": ["r00", "r01"]}, {"day": 15, "shift": "late", "rooms": ["r00", "r01"]}, {"day": 17, "shift": "night", "rooms": ["r00", "r01", "r02"]}, {"day": 18, "shift": "night", "rooms": ["r00", "r01"]}, {"day": 20, "shift": "late", "rooms": ["r00", "r01", "r02", "r03"]}, {"day": 21, "shift": "night", "rooms": ["r00", "r01", "r02"]}, {"day": 23, "shift": "early", "rooms": ["r00", "r01"]}, {"day": 24, "shift": "early", "rooms": ["r00", "r01", "r02"]}, {"day": 25, "shift": "late", "rooms": ["r00", "r01", "r02", "r03", "r04", "r05", "r06", "r07", "r08", "r09", "r10", "r11", "r12", "r13"]}, {"day": 26, "shift": "night", "rooms": ["r00", "r01", "r02", "r03", "r04", "r05", "r06", "r07", "r08", "r09", "r10", "r11", "r12", "r13"]}, {"day": 27, "shift": "night", "rooms": ["r00", "r01", "r02", "r03", "r04", "r05", "r06", "r07", "r08", "r09", "r10", "r11", "r12", "r13"]}]}, {"id": "n001", "assignments": [{"day": 0, "shift": "night", "rooms": ["r04", "r05", "r06", "r07", "r08", "r09", "r10", "r11", "r12", "r13"]}, {"day": 1, "shift": "night", "rooms": ["r03", "r02", "r04", "r05"]}, {"day": 3, "shift": "early", "rooms": ["r00", "r01", "r02"]}, {"day": 4, "shift": "early", "rooms": ["r00", "r01", "r02"]}, {"day": 5, "shift": "early", "rooms": ["r00", "r01", "r02"]}, {"day": 6, "shift": "early", "rooms": ["r00", "r01", "r02"]}, {"day": 8, "shift": "early", "rooms": ["r00", "r01", "r02"]}, {"day": 9, "shift": "late", "rooms": ["r00", "r01", "r02"]}, {"day": 10, "shift": "night", "rooms": ["r00", "r01"]}, {"day": 12, "shift": "early", "rooms": ["r02", "r03"]}, {"day": 13, "shift": "late", "rooms": ["r02"]}, {"day": 14, "shift": "late", "rooms": ["r02"]}, {"day": 15, "shift": "night", "rooms": ["r00", "r01", "r02", "r03"]}, {"day": 16, "shift": "night", "rooms": ["r00", "r01"]}, {"day": 17, "shift": "night", "rooms": ["r03", "r04", "r05", "r06"]}, {"day": 18, "shift": "night", "rooms": ["r02", "r03"]}, {"day": 20, "shift": "night", "rooms": ["r00", "r01", "r02", "r03", "r04", "r05"]}, {"day": 21, "shift": "night", "rooms": ["r03", "r04", "r05", "r06", "r07", "r08", "r09", "r10", "r11", "r12", "r13"]}, {"day": 23, "shift": "early", "rooms": ["r02", "r03", "r04", "r05", "r06"]}, {"day": 24, "shift": "night", "rooms": ["r00", "r01", "r02", "r03", "r04", "r05", "r06", "r07", "r08", "r09", "r10", "r11", "r12", "r13"]}, {"day": 25, "shift": "night", "rooms": ["r00", "r01", "r02", "r03", "r04", "r05", "r06", "r07", "r08", "r09", "r10", "r11", "r12", "r13"]}, {"day": 27, "shift": "early", "rooms": ["r00", "r01", "r02", "r03", "r04", "r05", "r06", "r07", "r08", "r09", "r10", "r11", "r12", "r13"]}]}, {"id": "n002", "assignments": [{"day": 2, "shift": "early", "rooms": ["r00", "r01", "r02"]}, {"day": 3, "shift": "early", "rooms": ["r03"]}, {"day": 4, "shift": "late", "rooms": ["r02", "r03", "r04"]}, {"day": 5, "shift": "night", "rooms": ["r00", "r01", "r02", "r03"]}, {"day": 6, "shift": "night", "rooms": ["r00", "r01", "r02", "r03"]}, {"day": 7, "shift": "night", "rooms": ["r00", "r01", "r02", "r03"]}, {"day": 9, "shift": "early", "rooms": ["r00", "r01", "r02"]}, {"day": 10, "shift": "early", "rooms": ["r00", "r01", "r02"]}, {"day": 11, "shift": "night", "rooms": ["r00", "r01", "r02", "r03"]}, {"day": 12, "shift": "night", "rooms": ["r00", "r01", "r02", "r03"]}, {"day": 13, "shift": "night", "rooms": ["r00", "r01", "r02", "r03"]}, {"day": 15, "shift": "early", "rooms": ["r00", "r01", "r02"]}, {"day": 16, "shift": "night", "rooms": ["r02", "r03", "r04", "r05", "r06", "r07"]}, {"day": 17, "shift": "night", "rooms": ["r07", "r08", "r09", "r10", "r11", "r12", "r13"]}, {"day": 18, "shift": "night", "rooms": ["r04", "r05", "r06", "r07", "r08"]}, {"day": 19, "shift": "night", "rooms": ["r00", "r01", "r02", "r03"]}, {"day": 21, "shift": "late", "rooms": ["r00", "r01", "r02"]}, {"day": 22, "shift": "late", "rooms": ["r00"]}, {"day": 23, "shift": "late", "rooms": ["r00", "r01", "r02"]}, {"day": 24, "shift": "late", "rooms": ["r00", "r01", "r02", "r03"]}, {"day": 26, "shift": "late", "rooms": ["r00", "r01", "r02", "r03", "r04", "r05", "r06", "r07", "r08", "r09", "r10", "r11", "r12", "r13"]}, {"day": 27, "shift": "late", "rooms": ["r00", "r01", "r02", "r03", "r04", "r05", "r06", "r07", "r08", "r09", "r10", "r11", "r12", "r13"]}, {"day": 0, "shift": "night", "rooms": ["r03"]}]}, {"id": "n003", "assignments": [{"day": 0, "shift": "late", "rooms": ["r00", "r01"]}, {"day": 1, "shift": "night", "rooms": ["r06", "r07", "r08", "r09", "r10", "r11", "r12", "r13"]}, {"day": 3, "shift": "night", "rooms": ["r00", "r01", "r02", "r03"]}, {"day": 4, "shift": "night", "rooms": ["r00", "r01", "r02", "r03"]}, {"day": 5, "shift": "night", "rooms": ["r04", "r05"]}, {"day": 6, "shift": "night", "rooms": ["r04", "r05", "r06"]}, {"day": 7, "shift": "night", "rooms": ["r04", "r05"]}, {"day": 8, "shift": "night", "rooms": ["r03"]}, {"day": 9, "shift": "night", "rooms": ["r03"]}, {"day": 10, "shift": "night", "rooms": ["r02", "r03", "r04", "r05", "r06"]}, {"day": 12, "shift": "early", "rooms": ["r04", "r05", "r06"]}, {"day": 13, "shift": "early", "rooms": ["r00", "r01", "r02"]}, {"day": 14, "shift": "early", "rooms": ["r00", "r01", "r02"]}, {"day": 15, "shift": "night", "rooms": ["r04", "r05"]}, {"day": 17, "shift": "early", "rooms": ["r00", "r01", "r02"]}, {"day": 18, "shift": "early", "rooms": ["r00", "r01", "r02"]}, {"day": 19, "shift": "late", "rooms": ["r00", "r01"]}, {"day": 20, "shift": "late", "rooms": ["r04", "r05"]}, {"day": 21, "shift": "late", "rooms": ["r03", "r04", "r05", "r06", "r07", "r08"]}, {"day": 22, "shift": "late", "rooms": ["r01"]}, {"day": 23, "shift": "late", "rooms": ["r03", "r04", "r05", "r06", "r07", "r08", "r09", "r10", "r11", "r12", "r13"]}]}, {"id": "n004", "assignments": [{"day": 0, "shift": "late", "rooms": ["r02", "r03", "r04"]}, {"day": 3, "shift": "late", "rooms": ["r02", "r03"]}, {"day": 4, "shift": "late", "rooms": ["r05", "r06"]}, {"day": 5, "shift": "late", "rooms": ["r03", "r02", "r01"]}, {"day": 6, "shift": "night", "rooms": ["r10", "r07", "r09"]}, {"day": 8, "shift": "early", "rooms": ["r03", "r04", "r05"]}, {"day": 9, "shift": "early", "rooms": ["r03", "r04"]}, {"day": 10, "shift": "early", "rooms": ["r03", "r04"]}, {"day": 11, "shift": "late", "rooms": ["r00", "r01"]}, {"day": 12, "shift": "late", "rooms": ["r00", "r01"]}, {"day": 13, "shift": "night", "rooms": ["r04", "r05", "r06", "r07", "r08"]}, {"day": 14, "shift": "night", "rooms": ["r00", "r01", "r02"]}, {"day": 15, "shift": "night", "rooms": ["r06", "r07", "r08"]}, {"day": 17, "shift": "late", "rooms": ["r00", "r01"]}, {"day": 18, "shift": "late", "rooms": ["r00", "r01"]}, {"day": 20, "shift": "late", "rooms": ["r06", "r07", "r08", "r09", "r10", "r11", "r12", "r13"]}, {"day": 22, "shift": "early", "rooms": ["r00", "r01"]}, {"day": 23, "shift": "early", "rooms": ["r10", "r12", "r13", "r09", "r07", "r11", "r00", "r08"]}, {"day": 24, "shift": "early", "rooms": ["r03", "r04", "r05", "r06", "r07", "r08", "r09", "r10", "r11", "r12", "r13"]}, {"day": 26, "shift": "early", "rooms": ["r08", "r04", "r02", "r05", "r01", "r03", "r09", "r07", "r13", "r11", "r00", "r12", "r06"]}, {"day": 1, "shift": "night", "rooms": ["r03"]}]}, {"id": "n005", "assignments": [{"day": 0, "shift": "late", "rooms": ["r10", "r09", "r07", "r11", "r05", "r06", "r08"]}, {"day": 1, "shift": "late", "rooms": ["r00"]}, {"day": 2, "shift": "late", "rooms": ["r00", "r01", "r02"]}, {"day": 3, "shift": "night", "rooms": ["r04", "r05", "r06", "r07"]}, {"day": 5, "shift": "early", "rooms": ["r03", "r04", "r05"]}, {"day": 6, "shift": "early", "rooms": ["r03", "r04"]}, {"day": 7, "shift": "early", "rooms": ["r00", "r01", "r02"]}, {"day": 8, "shift": "late", "rooms": ["r00", "r01", "r02"]}, {"day": 9, "shift": "late", "rooms": ["r03", "r04", "r05"]}, {"day": 10, "shift": "late", "rooms": ["r00"]}, {"day": 11, "shift": "night", "rooms": ["r04", "r05", "r06", "r07"]}, {"day": 12, "shift": "night", "rooms": ["r04", "r05", "r06", "r07", "r08"]}, {"day": 13, "shift": "night", "rooms": ["r09", "r10", "r11", "r12", "r13"]}, {"day": 14, "shift": "night", "rooms": ["r03", "r04", "r05", "r06"]}, {"day": 15, "shift": "night", "rooms": ["r09", "r10", "r11", "r12", "r13"]}, {"day": 17, "shift": "early", "rooms": ["r03", "r04", "r05"]}, {"day": 18, "shift": "early", "rooms": ["r03", "r04", "r05"]}, {"day": 19, "shift": "late", "rooms": ["r02", "r03"]}, {"day": 22, "shift": "night", "rooms": ["r00", "r01"]}, {"day": 25, "shift": "early", "rooms": ["r00", "r01", "r02", "r03"]}, {"day": 20, "shift": "late", "rooms": ["r08"]}]}, {"id": "n006", "assignments": [{"day": 2, "shift": "early", "rooms": ["r03", "r04"]}, {"day": 3, "shift": "early", "rooms": ["r04", "r05"]}, {"day": 4, "shift": "early", "rooms": ["r03", "r04"]}, {"day": 5, "shift": "early", "rooms": ["r06", "r07"]}, {"day": 6, "shift": "early", "rooms": ["r05", "r06", "r07"]}, {"day": 7, "shift": "early", "rooms": ["r03", "r04"]}, {"day": 8, "shift": "early", "rooms": ["r06", "r07"]}, {"day": 9, "shift": "late", "rooms": ["r06", "r07"]}, {"day": 11, "shift": "late", "rooms": ["r02", "r03"]}, {"day": 12, "shift": "night", "rooms": ["r09", "r10", "r11"]}, {"day": 14, "shift": "night", "rooms": ["r07", "r08", "r09"]}, {"day": 16, "shift": "night", "rooms": ["r08", "r09", "r10", "r11", "r12", "r13"]}, {"day": 18, "shift": "late", "rooms": ["r02"]}, {"day": 19, "shift": "late", "rooms": ["r04", "r05"]}, {"day": 20, "shift": "night", "rooms": ["r06", "r07", "r08", "r09", "r10", "r11", "r12", "r13"]}, {"day": 22, "shift": "night", "rooms": ["r02", "r03", "r04", "r05", "r06"]}, {"day": 24, "shift": "late", "rooms": ["r04", "r05", "r06", "r07", "r08", "r09", "r10", "r11", "r12", "r13"]}, {"day": 27, "shift": "night", "rooms": ["r06"]}]}, {"id": "n007", "assignments": [{"day": 0, "shift": "late", "rooms": ["r12", "r13"]}, {"day": 1, "shift": "late", "rooms": ["r01", "r02", "r03"]}, {"day": 3, "shift": "early", "rooms": ["r06", "r07"]}, {"day": 4, "shift": "early", "rooms": ["r05", "r06"]}, {"day": 5, "shift": "early", "rooms": ["r08", "r09", "r10"]}, {"day": 6, "shift": "early", "rooms": ["r08", "r09", "r10"]}, {"day": 7, "shift": "late", "rooms": ["r02", "r03"]}, {"day": 8, "shift": "night", "rooms": ["r04", "r05", "r06"]}, {"day": 9, "shift": "night", "rooms": ["r04", "r05", "r06"]}, {"day": 10, "shift": "night", "rooms": ["r07", "r08", "r09"]}, {"day": 11, "shift": "night", "rooms": ["r08", "r09", "r10"]}, {"day": 12, "shift": "night", "rooms": ["r12", "r13"]}, {"day": 14, "shift": "night", "rooms": ["r10", "r11", "r12", "r13"]}, {"day": 16, "shift": "early", "rooms": ["r00", "r01", "r02"]}, {"day": 17, "shift": "early", "rooms": ["r06"]}, {"day": 18, "shift": "early", "rooms": ["r06", "r07", "r08"]}, {"day": 19, "shift": "early", "rooms": ["r00", "r01"]}, {"day": 20, "shift": "early", "rooms": ["r00", "r01", "r02", "r03"]}, {"day": 21, "shift": "early", "rooms": ["r00", "r01"]}, {"day": 22, "shift": "early", "rooms": ["r13", "r02", "r07", "r04", "r05", "r06", "r03"]}]}, {"id": "n008", "assignments": [{"day": 2, "shift": "night", "rooms": ["r00", "r01"]}, {"day": 3, "shift": "night", "rooms": ["r08", "r09", "r10"]}, {"day": 5, "shift": "early", "rooms": ["r11", "r12"]}, {"day": 6, "shift": "early", "rooms": ["r11", "r12"]}, {"day": 8, "shift": "late", "rooms": ["r03", "r04"]}, {"day": 9, "shift": "night", "rooms": ["r07", "r08"]}, {"day": 11, "shift": "early", "rooms": ["r02", "r03"]}, {"day": 12, "shift": "late", "rooms": ["r02", "r03"]}, {"day": 13, "shift": "late", "rooms": ["r03", "r04", "r05", "r06"]}, {"day": 14, "shift": "late", "rooms": ["r03", "r04"]}, {"day": 17, "shift": "early", "rooms": ["r08", "r09", "r10"]}, {"day": 18, "shift": "early", "rooms": ["r09", "r10", "r11", "r12", "r13"]}, {"day": 19, "shift": "early", "rooms": ["r02", "r03"]}, {"day": 20, "shift": "early", "rooms": ["r04", "r05", "r06"]}, {"day": 21, "shift": "late", "rooms": ["r09", "r10", "r11", "r12", "r13"]}, {"day": 22, "shift": "late", "rooms": ["r02", "r03", "r04", "r05"]}, {"day": 25, "shift": "early", "rooms": ["r04", "r05", "r06", "r07", "r08", "r09", "r10", "r11", "r12", "r13"]}]}, {"id": "n009", "assignments": [{"day": 1, "shift": "late", "rooms": ["r04", "r05", "r06", "r07"]}, {"day": 2, "shift": "night", "rooms": ["r02", "r03", "r04", "r05"]}, {"day": 3, "shift": "night", "rooms": ["r11", "r12", "r13"]}, {"day": 4, "shift": "night", "rooms": ["r04", "r05"]}, {"day": 5, "shift": "night", "rooms": ["r06", "r07", "r08", "r09", "r10"]}, {"day": 7, "shift": "early", "rooms": ["r05", "r06"]}, {"day": 8, "shift": "early", "rooms": ["r08", "r09", "r10", "r11", "r12", "r13"]}, {"day": 9, "shift": "early", "rooms": ["r05", "r06", "r07"]}, {"day": 10, "shift": "late", "rooms": ["r01", "r02", "r03"]}, {"day": 11, "shift": "late", "rooms": ["r04", "r05", "r06"]}, {"day": 14, "shift": "late", "rooms": ["r05", "r06", "r07"]}, {"day": 15, "shift": "late", "rooms": ["r02", "r03", "r04", "r05"]}, {"day": 17, "shift": "early", "rooms": ["r11", "r12", "r13"]}, {"day": 18, "shift": "late", "rooms": ["r04", "r05", "r06", "r07", "r08"]}, {"day": 19, "shift": "late", "rooms": ["r06", "r07", "r08", "r09", "r10", "r11", "r12", "r13"]}, {"day": 22, "shift": "late", "rooms": ["r06", "r07", "r08", "r09", "r10", "r11", "r12", "r13"]}, {"day": 23, "shift": "night", "rooms": ["r00", "r01", "r02", "r03"]}]}, {"id": "n010", "assignments": [{"day": 2, "shift": "night", "rooms": ["r06", "r07", "r08"]}, {"day": 4, "shift": "early", "rooms": ["r07", "r08"]}, {"day": 5, "shift": "early", "rooms": ["r13"]}, {"day": 6, "shift": "late", "rooms": ["r03", "r04", "r05", "r06"]}, {"day": 7, "shift": "late", "rooms": ["r04", "r05"]}, {"day": 8, "shift": "late", "rooms": ["r06"]}, {"day": 9, "shift": "late", "rooms": ["r08", "r09"]}, {"day": 10, "shift": "late", "rooms": ["r06", "r04"]}, {"day": 11, "shift": "late", "rooms": ["r07", "r08"]}, {"day": 12, "shift": "late", "rooms": ["r04", "r05"]}, {"day": 13, "shift": "late", "rooms": ["r07", "r08"]}, {"day": 14, "shift": "late", "rooms": ["r08", "r09"]}, {"day": 16, "shift": "early", "rooms": ["r03", "r04", "r05", "r06"]}, {"day": 19, "shift": "early", "rooms": ["r04", "r05"]}, {"day": 20, "shift": "early", "rooms": ["r07", "r08", "r09", "r10", "r11", "r12", "r13"]}]}, {"id": "n011", "assignments": [{"day": 1, "shift": "late", "rooms": ["r08", "r09", "r10", "r11", "r12", "r13"]}, {"day": 3, "shift": "early", "rooms": ["r08", "r09", "r10"]}, {"day": 4, "shift": "early", "rooms": ["r09", "r10"]}, {"day": 5, "shift": "late", "rooms": ["r04", "r05", "r06", "r07"]}, {"day": 6, "shift": "night", "rooms": ["r11"]}, {"day": 7, "shift": "night", "rooms": ["r06", "r07", "r08", "r09", "r10", "r11"]}, {"day": 8, "shift": "night", "rooms": ["r07", "r08", "r09", "r10", "r11", "r12", "r13"]}, {"day": 9, "shift": "night", "rooms": ["r09", "r10", "r11", "r12", "r13"]}, {"day": 10, "shift": "night", "rooms": ["r10", "r11", "r12", "r13"]}, {"day": 11, "shift": "night", "rooms": ["r11", "r12"]}, {"day": 13, "shift": "early", "rooms": ["r03", "r04", "r05"]}, {"day": 16, "shift": "early", "rooms": ["r07", "r08", "r09", "r10"]}, {"day": 17, "shift": "late", "rooms": ["r02", "r03", "r04"]}, {"day": 18, "shift": "late", "rooms": ["r09", "r10", "r11", "r12", "r13"]}, {"day": 19, "shift": "night", "rooms": ["r04", "r05"]}, {"day": 22, "shift": "night", "rooms": ["r07", "r08", "r09", "r10", "r11", "r12", "r13"]}, {"day": 23, "shift": "night", "rooms": ["r04", "r05", "r06", "r07", "r08", "r09", "r10", "r11", "r12", "r13"]}, {"day": 14, "shift": "night", "rooms": ["r11"]}, {"day": 20, "shift": "night", "rooms": ["r07"]}, {"day": 0, "shift": "late", "rooms": ["r11"]}]}, {"id": "n012", "assignments": [{"day": 2, "shift": "late", "rooms": ["r03", "r04", "r05"]}, {"day": 3, "shift": "late", "rooms": ["r04", "r05", "r06"]}, {"day": 4, "shift": "night", "rooms": ["r06", "r07", "r08"]}, {"day": 5, "shift": "night", "rooms": ["r11", "r12", "r13"]}, {"day": 6, "shift": "night", "rooms": ["r12", "r08", "r13"]}, {"day": 7, "shift": "night", "rooms": ["r12", "r13"]}, {"day": 9, "shift": "early", "rooms": ["r08", "r09"]}, {"day": 10, "shift": "late", "rooms": ["r07", "r08"]}, {"day": 11, "shift": "night", "rooms": ["r13"]}, {"day": 13, "shift": "early", "rooms": ["r06", "r07"]}, {"day": 14, "shift": "early", "rooms": ["r03", "r04", "r05"]}, {"day": 15, "shift": "early", "rooms": ["r03", "r04"]}, {"day": 18, "shift": "night", "rooms": ["r09", "r10", "r11", "r12", "r13"]}, {"day": 19, "shift": "night", "rooms": ["r06", "r07", "r08", "r09", "r10", "r11", "r12", "r13"]}, {"day": 22, "shift": "early", "rooms": ["r08", "r09", "r10", "r11", "r12", "r13"]}, {"day": 17, "shift": "night", "rooms": ["r05", "r09"]}]}, {"id": "n013", "assignments": [{"day": 2, "shift": "late", "rooms": ["r06", "r07"]}, {"day": 3, "shift": "late", "rooms": ["r09", "r00", "r08", "r07"]}, {"day": 4, "shift": "late", "rooms": ["r07"]}, {"day": 5, "shift": "late", "rooms": ["r10", "r02", "r08", "r09"]}, {"day": 6, "shift": "late", "rooms": ["r07", "r08", "r09"]}, {"day": 9, "shift": "late", "rooms": ["r10", "r11", "r12", "r13"]}, {"day": 11, "shift": "late", "rooms": ["r09", "r10"]}, {"day": 13, "shift": "early", "rooms": ["r08", "r09", "r10"]}, {"day": 14, "shift": "late", "rooms": ["r10", "r11"]}]}, {"id": "n014", "assignments": [{"day": 0, "shift": "early", "rooms": ["r10", "r02", "r01", "r00"]}, {"day": 1, "shift": "early", "rooms": ["r00", "r01", "r02"]}, {"day": 2, "shift": "early", "rooms": ["r05", "r06"]}, {"day": 3, "shift": "early", "rooms": ["r11", "r05", "r12"]}, {"day": 4, "shift": "early", "rooms": ["r11", "r12"]}, {"day": 6, "shift": "early", "rooms": ["r13"]}, {"day": 7, "shift": "early", "rooms": ["r07", "r08", "r09", "r10"]}, {"day": 11, "shift": "early", "rooms": ["r05", "r02", "r04"]}, {"day": 12, "shift": "early", "rooms": ["r07", "r08", "r09"]}, {"day": 13, "shift": "late", "rooms": ["r09", "r10"]}, {"day": 15, "shift": "early", "rooms": ["r05", "r06", "r07"]}, {"day": 16, "shift": "late", "rooms": ["r00", "r01"]}, {"day": 17, "shift": "late", "rooms": ["r05", "r06"]}, {"day": 25, "shift": "late", "rooms": ["r03"]}, {"day": 5, "shift": "early", "rooms": ["r12"]}, {"day": 19, "shift": "late", "rooms": ["r05"]}, {"day": 22, "shift": "night", "rooms": ["r05"]}]}, {"id": "n015", "assignments": [{"day": 1, "shift": "early", "rooms": ["r03", "r04", "r05"]}, {"day": 2, "shift": "early", "rooms": ["r07"]}, {"day": 3, "shift": "late", "rooms": ["r10", "r11", "r12"]}, {"day": 5, "shift": "late", "rooms": ["r11", "r12", "r13"]}, {"day": 6, "shift": "late", "rooms": ["r10", "r12", "r13", "r01", "r11"]}, {"day": 7, "shift": "late", "rooms": ["r06"]}, {"day": 8, "shift": "late", "rooms": ["r10", "r09", "r07", "r11", "r06", "r08"]}, {"day": 13, "shift": "early", "rooms": ["r11"]}, {"day": 14, "shift": "early", "rooms": ["r06"]}, {"day": 15, "shift": "late", "rooms": ["r06", "r07", "r08"]}, {"day": 17, "shift": "early", "rooms": ["r07"]}, {"day": 18, "shift": "late", "rooms": ["r03"]}]}, {"id": "n016", "assignments": [{"day": 0, "shift": "early", "rooms": ["r03", "r04"]}, {"day": 1, "shift": "early", "rooms": ["r07", "r06"]}, {"day": 2, "shift": "early", "rooms": ["r09", "r10", "r03"]}, {"day": 3, "shift": "late", "rooms": ["r13"]}, {"day": 4, "shift": "night", "rooms": ["r09", "r10", "r11"]}, {"day": 7, "shift": "late", "rooms": ["r07", "r08", "r09", "r10"]}, {"day": 10, "shift": "early", "rooms": ["r05", "r06"]}, {"day": 11, "shift": "early", "rooms": ["r07", "r08"]}, {"day": 12, "shift": "early", "rooms": ["r10", "r11"]}, {"day": 13, "shift": "late", "rooms": ["r11", "r12", "r13"]}, {"day": 14, "shift": "late", "rooms": ["r12", "r13", "r09"]}, {"day": 15, "shift": "late", "rooms": ["r09", "r10", "r11", "r12", "r13"]}, {"day": 17, "shift": "late", "rooms": ["r07", "r08"]}, {"day": 19, "shift": "early", "rooms": ["r10", "r12", "r13", "r09", "r07", "r11", "r06", "r08"]}, {"day": 21, "shift": "early", "rooms": ["r02", "r03", "r04", "r05"]}, {"day": 20, "shift": "early", "rooms": ["r00"]}]}, {"id": "n017", "assignments": [{"day": 1, "shift": "early", "rooms": ["r09", "r10", "r11", "r12", "r13"]}, {"day": 2, "shift": "early", "rooms": ["r11", "r12", "r13"]}, {"day": 3, "shift": "early", "rooms": ["r13"]}, {"day": 4, "shift": "early", "rooms": ["r13"]}, {"day": 7, "shift": "late", "rooms": ["r11", "r12", "r13"]}, {"day": 8, "shift": "late", "rooms": ["r12", "r13"]}, {"day": 10, "shift": "early", "rooms": ["r07", "r08"]}, {"day": 11, "shift": "early", "rooms": ["r09"]}, {"day": 12, "shift": "early", "rooms": ["r12", "r13"]}, {"day": 17, "shift": "late", "rooms": ["r09", "r10", "r11", "r12", "r13"]}, {"day": 21, "shift": "early", "rooms": ["r06", "r07", "r08", "r09", "r10", "r11", "r12", "r13"]}, {"day": 15, "shift": "late", "rooms": []}]}, {"id": "n018", "assignments": [{"day": 0, "shift": "early", "rooms": ["r05", "r06", "r07"]}, {"day": 2, "shift": "late", "rooms": ["r08", "r09"]}, {"day": 4, "shift": "late", "rooms": ["r08"]}, {"day": 13, "shift": "early", "rooms": ["r12", "r13"]}, {"day": 14, "shift": "early", "rooms": ["r07", "r08"]}, {"day": 15, "shift": "early", "rooms": ["r10", "r08", "r09"]}, {"day": 16, "shift": "late", "rooms": ["r02", "r03", "r04", "r05"]}, {"day": 20, "shift": "early", "rooms": ["r09"]}]}, {"id": "n019", "assignments": [{"day": 0, "shift": "early", "rooms": ["r10", "r12", "r13", "r02", "r09", "r11", "r08"]}, {"day": 7, "shift": "early", "rooms": ["r12", "r11", "r03"]}, {"day": 10, "shift": "early", "rooms": ["r09", "r10", "r11"]}, {"day": 11, "shift": "early", "rooms": ["r10", "r11", "r06"]}, {"day": 12, "shift": "late", "rooms": ["r06", "r07", "r08"]}, {"day": 16, "shift": "late", "rooms": ["r06", "r07"]}, {"day": 1, "shift": "early", "rooms": ["r08"]}, {"day": 8, "shift": "late", "rooms": ["r05"]}, {"day": 26, "shift": "early", "rooms": []}, {"day": 14, "shift": "late", "rooms": ["r03"]}]}, {"id": "n020", "assignments": [{"day": 4, "shift": "late", "rooms": ["r10", "r11", "r12", "r09"]}, {"day": 10, "shift": "early", "rooms": ["r12", "r13"]}, {"day": 11, "shift": "late", "rooms": ["r12", "r13", "r07", "r01", "r11"]}, {"day": 12, "shift": "late", "rooms": ["r10", "r09", "r04", "r11", "r05"]}, {"day": 15, "shift": "early", "rooms": ["r11", "r12", "r13"]}, {"day": 16, "shift": "early", "rooms": ["r11", "r12", "r13"]}, {"day": 21, "shift": "early", "rooms": ["r02"]}, {"day": 24, "shift": "early", "rooms": ["r03"]}, {"day": 7, "shift": "early", "rooms": ["r07"]}, {"day": 2, "shift": "early", "rooms": ["r11", "r08"]}]}, {"id": "n021", "assignments": [{"day": 2, "shift": "late", "rooms": ["r10", "r11", "r12", "r13"]}, {"day": 12, "shift": "late", "rooms": ["r12", "r13"]}, {"day": 20, "shift": "early", "rooms": ["r03", "r04", "r08"]}, {"day": 19, "shift": "early", "rooms": ["r12"]}, {"day": 21, "shift": "early", "rooms": []}]}, {"id": "n022", "assignments": [{"day": 4, "shift": "night", "rooms": ["r12", "r13"]}, {"day": 11, "shift": "early", "rooms": ["r12", "r13"]}]}, {"id": "n023", "assignments": [{"day": 4, "shift": "late", "rooms": ["r13"]}, {"day": 9, "shift": "early", "rooms": ["r10"]}, {"day": 10, "shift": "late", "rooms": ["r09"]}, {"day": 14, "shift": "early", "rooms": ["r09", "r10", "r11", "r12", "r13"]}, {"day": 16, "shift": "late", "rooms": ["r08", "r09", "r10", "r11", "r12", "r13"]}, {"day": 22, "shift": "early", "rooms": ["r05"]}, {"day": 0, "shift": "early", "rooms": ["r03"]}]}, {"id": "n024", "assignments": [{"day": 2, "shift": "night", "rooms": ["r09", "r10", "r11", "r12", "r13"]}, {"day": 9, "shift": "early", "rooms": ["r11", "r12", "r13"]}, {"day": 10, "shift": "late", "rooms": ["r10", "r12", "r13", "r11", "r05"]}]}], "room_allocation": {"(0, 'r00')": [["a05", "A", "elderly"]], "(0, 'r01')": [["a00", "B", "elderly"], ["a19", "B", "elderly"], ["p082", "B", "adult"]], "(0, 'r02')": [["a16", "A", "elderly"], ["a20", "A", "elderly"]], "(0, 'r03')": [["a07", "B", "elderly"], ["a09", "B", "elderly"], ["a15", "B", "elderly"], ["p041", "B", "elderly"]], "(0, 'r04')": [["a01", "A", "elderly"], ["a11", "A", "adult"]], "(0, 'r05')": [["a08", "B", "elderly"], ["p062", "B", "elderly"], ["p063", "B", "elderly"]], "(0, 'r06')": [["a06", "A", "elderly"]], "(0, 'r07')": [["a03", "B", "elderly"], ["p069", "B", "adult"]], "(0, 'r08')": [], "(0, 'r09')": [["a10", "B", "elderly"]], "(0, 'r10')": [["a02", "A", "elderly"]], "(0, 'r11')": [["a04", "A", "adult"], ["a13", "A", "infant"]], "(0, 'r12')": [["a12", "B", "elderly"]], "(0, 'r13')": [["a14", "B", "elderly"], ["a17", "B", "elderly"], ["a18", "B", "elderly"]], "(1, 'r00')": [["a05", "A", "elderly"], ["p066", "A", "elderly"], ["p019", "A", "elderly"]], "(1, 'r01')": [["a00", "B", "elderly"], ["a19", "B", "elderly"], ["p082", "B", "adult"]], "(1, 'r02')": [["a16", "A", "elderly"], ["p020", "A", "elderly"], ["p077", "A", "elderly"]], "(1, 'r03')": [["a07", "B", "elderly"], ["a09", "B", "elderly"], ["a15", "B", "elderly"], ["p041", "B", "elderly"]], "(1, 'r04')": [["a01", "A", "elderly"], ["a11", "A", "adult"]], "(1, 'r05')": [["a08", "B", "elderly"], ["p062", "B", "elderly"], ["p063", "B", "elderly"]], "(1, 'r06')": [["a06", "A", "elderly"], ["p022", "A", "elderly"], ["p075", "A", "elderly"]], "(1, 'r07')": [["a03", "B", "elderly"], ["p069", "B", "adult"], ["p029", "B", "elderly"]], "(1, 'r08')": [["p054", "B", "elderly"], ["p048", "B", "elderly"], ["p003", "B", "elderly"], ["p039", "B", "elderly"]], "(1, 'r09')": [["a10", "B", "elderly"]], "(1, 'r10')": [["a02", "A", "elderly"]], "(1, 'r11')": [["a13", "A", "infant"]], "(1, 'r12')": [], "(1, 'r13')": [["a14", "B", "elderly"], ["a17", "B", "elderly"]], "(2, 'r00')": [["p066", "A", "elderly"], ["p019", "A", "elderly"], ["p057", "A", "elderly"]], "(2, 'r01')": [["a00", "B", "elderly"], ["p082", "B", "adult"], ["p055", "B", "elderly"]], "(2, 'r02')": [["a16", "A", "elderly"], ["p020", "A", "elderly"], ["p077", "A", "elderly"]], "(2, 'r03')": [["a09", "B", "elderly"], ["a15", "B", "elderly"], ["p041", "B", "elderly"], ["p015", "B", "elderly"]], "(2, 'r04')": [["a01", "A", "elderly"], ["p064", "A", "elderly"]], "(2, 'r05')": [["p062", "B", "elderly"], ["p063", "B", "elderly"], ["p024", "B", "elderly"]], "(2, 'r06')": [["a06", "A", "elderly"], ["p022", "A", "elderly"], ["p075", "A", "elderly"], ["p026", "A", "elderly"]], "(2, 'r07')": [["a03", "B", "elderly"], ["p029", "B", "elderly"], ["p049", "B", "elderly"]], "(2, 'r08')": [["p054", "B", "elderly"], ["p048", "B", "elderly"], ["p003", "B", "elderly"], ["p039", "B", "elderly"]], "(2, 'r09')": [["a10", "B", "elderly"], ["p009", "B", "elderly"]], "(2, 'r10')": [["a02", "A", "elderly"], ["p059", "A", "elderly"]], "(2, 'r11')": [["p025", "A", "elderly"]], "(2, 'r12')": [], "(2, 'r13')": [["a17", "B", "elderly"]], "(3, 'r00')": [["p066", "A", "elderly"], ["p019", "A", "elderly"], ["p057", "A", "elderly"]], "(3, 'r01')": [["a00", "B", "elderly"], ["p082", "B", "adult"], ["p055", "B", "elderly"]], "(3, 'r02')": [["a16", "A", "elderly"], ["p020", "A", "elderly"], ["p077", "A", "elderly"]], "(3, 'r03')": [["p015", "B", "elderly"], ["p094", "B", "elderly"], ["p121", "B", "elderly"], ["p115", "B", "elderly"]], "(3, 'r04')": [["a01", "A", "elderly"], ["p064", "A", "elderly"]], "(3, 'r05')": [["p062", "B", "elderly"], ["p063", "B", "elderly"], ["p024", "B", "elderly"]], "(3, 'r06')": [["p022", "A", "elderly"], ["p075", "A", "elderly"], ["p026", "A", "elderly"], ["p085", "A", "elderly"]], "(3, 'r07')": [["p029", "B", "elderly"], ["p049", "B", "elderly"], ["p067", "B", "elderly"]], "(3, 'r08')": [["p054", "B", "elderly"], ["p048", "B", "elderly"], ["p003", "B", "elderly"], ["p039", "B", "elderly"]], "(3, 'r09')": [["a10", "B", "elderly"], ["p009", "B", "elderly"], ["p027", "B", "adult"]], "(3, 'r10')": [["a02", "A", "elderly"], ["p059", "A", "elderly"], ["p079", "A", "adult"]], "(3, 'r11')": [["p025", "A", "elderly"], ["p018", "A", "elderly"], ["p031", "A", "elderly"]], "(3, 'r12')": [["p046", "A", "elderly"], ["p044", "A", "adult"], ["p065", "A", "elderly"]], "(3, 'r13')": [["a17", "B", "elderly"]], "(4, 'r00')": [["p066", "A", "elderly"], ["p019", "A", "elderly"], ["p098", "A", "elderly"]], "(4, 'r01')": [["a00", "B", "elderly"], ["p082", "B", "adult"], ["p055", "B", "elderly"]], "(4, 'r02')": [["a16", "A", "elderly"], ["p020", "A", "elderly"], ["p077", "A", "elderly"]], "(4, 'r03')": [["p015", "B", "elderly"], ["p094", "B", "elderly"], ["p121", "B", "elderly"], ["p115", "B", "elderly"]], "(4, 'r04')": [["p064", "A", "elderly"], ["p008", "A", "elderly"]], "(4, 'r05')": [["p063", "B", "elderly"], ["p024", "B", "elderly"], ["p130", "B", "elderly"]], "(4, 'r06')": [["p022", "A", "elderly"], ["p075", "A", "elderly"], ["p026", "A", "elderly"], ["p085", "A", "elderly"]], "(4, 'r07')": [["p049", "B", "elderly"], ["p067", "B", "elderly"], ["p144", "B", "adult"]], "(4, 'r08')": [["p054", "B", "elderly"], ["p048", "B", "elderly"], ["p003", "B", "elderly"], ["p045", "B", "elderly"]], "(4, 'r09')": [["a10", "B", "elderly"], ["p009", "B", "elderly"], ["p027", "B", "adult"], ["p051", "B", "elderly"]], "(4, 'r10')": [["p079", "A", "adult"], ["p122", "A", "adult"], ["p141", "A", "elderly"]], "(4, 'r11')": [["p025", "A", "elderly"], ["p018", "A", "elderly"], ["p031", "A", "elderly"]], "(4, 'r12')": [["p046", "A", "elderly"], ["p044", "A", "adult"], ["p065", "A", "elderly"]], "(4, 'r13')": [["p034", "A", "elderly"]], "(5, 'r00')": [["p066", "A", "elderly"], ["p019", "A", "elderly"], ["p098", "A", "elderly"]], "(5, 'r01')": [["p082", "B", "adult"], ["p138", "B", "elderly"]], "(5, 'r02')": [["p020", "A", "elderly"], ["p077", "A", "elderly"], ["p118", "A", "elderly"]], "(5, 'r03')": [["p015", "B", "elderly"], ["p094", "B", "elderly"], ["p121", "B", "elderly"], ["p115", "B", "elderly"]], "(5, 'r04')": [["p064", "A", "elderly"], ["p008", "A", "elderly"]], "(5, 'r05')": [["p063", "B", "elderly"], ["p130", "B", "elderly"]], "(5, 'r06')": [["p075", "A", "elderly"], ["p026", "A", "elderly"], ["p085", "A", "elderly"]], "(5, 'r07')": [["p049", "B", "elderly"], ["p067", "B", "elderly"], ["p144", "B", "adult"]], "(5, 'r08')": [["p045", "B", "elderly"]], "(5, 'r09')": [["a10", "B", "elderly"], ["p009", "B", "elderly"], ["p051", "B", "elderly"]], "(5, 'r10')": [["p079", "A", "adult"], ["p122", "A", "adult"], ["p141", "A", "elderly"]], "(5, 'r11')": [["p025", "A", "elderly"], ["p018", "A", "elderly"], ["p031", "A", "elderly"]], "(5, 'r12')": [["p046", "A", "elderly"], ["p044", "A", "adult"], ["p065", "A", "elderly"]], "(5, 'r13')": [["p034", "A", "elderly"]], "(6, 'r00')": [["p066", "A", "elderly"], ["p019", "A", "elderly"], ["p098", "A", "elderly"]], "(6, 'r01')": [["p082", "B", "adult"], ["p138", "B", "elderly"]], "(6, 'r02')": [["p020", "A", "elderly"], ["p077", "A", "elderly"], ["p118", "A", "elderly"]], "(6, 'r03')": [["p015", "B", "elderly"], ["p115", "B", "elderly"]], "(6, 'r04')": [["p008", "A", "elderly"]], "(6, 'r05')": [["p130", "B", "elderly"]], "(6, 'r06')": [["p075", "A", "elderly"], ["p085", "A", "elderly"]], "(6, 'r07')": [["p049", "B", "elderly"], ["p067", "B", "elderly"], ["p144", "B", "adult"]], "(6, 'r08')": [["p045", "B", "elderly"]], "(6, 'r09')": [["a10", "B", "elderly"], ["p009", "B", "elderly"], ["p051", "B", "elderly"]], "(6, 'r10')": [["p122", "A", "adult"], ["p141", "A", "elderly"]], "(6, 'r11')": [["p025", "A", "elderly"], ["p018", "A", "elderly"], ["p031", "A", "elderly"]], "(6, 'r12')": [["p044", "A", "adult"], ["p065", "A", "elderly"]], "(6, 'r13')": [["p034", "A", "elderly"]], "(7, 'r00')": [["p098", "A", "elderly"], ["p011", "A", "adult"], ["p004", "A", "adult"]], "(7, 'r01')": [["p138", "B", "elderly"], ["p137", "B", "adult"], ["p028", "B", "elderly"]], "(7, 'r02')": [["p020", "A", "elderly"], ["p118", "A", "elderly"], ["p143", "A", "elderly"]], "(7, 'r03')": [["p015", "B", "elderly"], ["p115", "B", "elderly"], ["p162", "B", "elderly"], ["p081", "B", "elderly"]], "(7, 'r04')": [["p157", "A", "adult"]], "(7, 'r05')": [["p130", "B", "elderly"], ["p127", "B", "adult"], ["p145", "B", "elderly"]], "(7, 'r06')": [["p075", "A", "elderly"], ["p085", "A", "elderly"], ["p060", "A", "elderly"], ["p158", "A", "elderly"]], "(7, 'r07')": [["p049", "B", "elderly"], ["p144", "B", "adult"], ["p086", "B", "elderly"]], "(7, 'r08')": [["p129", "B", "elderly"]], "(7, 'r09')": [["p009", "B", "elderly"]], "(7, 'r10')": [["p122", "A", "adult"]], "(7, 'r11')": [["p025", "A", "elderly"], ["p047", "A", "elderly"]], "(7, 'r12')": [["p065", "A", "elderly"], ["p056", "A", "adult"]], "(7, 'r13')": [], "(8, 'r00')": [["p098", "A", "elderly"], ["p011", "A", "adult"], ["p004", "A", "adult"]], "(8, 'r01')": [["p137", "B", "adult"], ["p028", "B", "elderly"], ["p101", "B", "elderly"]], "(8, 'r02')": [["p020", "A", "elderly"], ["p118", "A", "elderly"], ["p143", "A", "elderly"]], "(8, 'r03')": [["p115", "B", "elderly"], ["p162", "B", "elderly"], ["p081", "B", "elderly"], ["p007", "B", "elderly"]], "(8, 'r04')": [["p157", "A", "adult"]], "(8, 'r05')": [["p130", "B", "elderly"], ["p127", "B", "adult"], ["p145", "B", "elderly"]], "(8, 'r06')": [["p075", "A", "elderly"], ["p085", "A", "elderly"], ["p060", "A", "elderly"], ["p158", "A", "elderly"]], "(8, 'r07')": [["p049", "B", "elderly"], ["p086", "B", "elderly"]], "(8, 'r08')": [["p129", "B", "elderly"]], "(8, 'r09')": [["p009", "B", "elderly"]], "(8, 'r10')": [["p030", "A", "elderly"], ["p154", "A", "elderly"], ["p172", "A", "elderly"]], "(8, 'r11')": [["p025", "A", "elderly"], ["p047", "A", "elderly"]], "(8, 'r12')": [["p056", "A", "adult"]], "(8, 'r13')": [["p071", "B", "elderly"]], "(9, 'r00')": [["p011", "A", "adult"], ["p116", "A", "adult"], ["p061", "A", "elderly"]], "(9, 'r01')": [["p137", "B", "adult"], ["p028", "B", "elderly"], ["p101", "B", "elderly"]], "(9, 'r02')": [["p020", "A", "elderly"], ["p118", "A", "elderly"], ["p143", "A", "elderly"]], "(9, 'r03')": [["p115", "B", "elderly"], ["p162", "B", "elderly"], ["p081", "B", "elderly"], ["p007", "B", "elderly"]], "(9, 'r04')": [["p157", "A", "adult"]], "(9, 'r05')": [["p127", "B", "adult"], ["p145", "B", "elderly"], ["p113", "B", "elderly"]], "(9, 'r06')": [["p075", "A", "elderly"], ["p085", "A", "elderly"], ["p060", "A", "elderly"], ["p158", "A", "elderly"]], "(9, 'r07')": [["p086", "B", "elderly"], ["p076", "B", "elderly"], ["p037", "B", "elderly"]], "(9, 'r08')": [["p136", "A", "adult"], ["p042", "A", "elderly"], ["p171", "A", "elderly"], ["p091", "A", "adult"]], "(9, 'r09')": [["p009", "B", "elderly"], ["p016", "B", "adult"], ["p097", "B", "adult"], ["p128", "B", "elderly"]], "(9, 'r10')": [["p030", "A", "elderly"], ["p154", "A", "elderly"], ["p172", "A", "elderly"]], "(9, 'r11')": [["p025", "A", "elderly"], ["p047", "A", "elderly"], ["p032", "A", "elderly"]], "(9, 'r12')": [["p056", "A", "adult"]], "(9, 'r13')": [["p071", "B", "elderly"]], "(10, 'r00')": [["p116", "A", "adult"], ["p061", "A", "elderly"]], "(10, 'r01')": [["p137", "B", "adult"], ["p028", "B", "elderly"], ["p101", "B", "elderly"]], "(10, 'r02')": [["p020", "A", "elderly"], ["p118", "A", "elderly"]], "(10, 'r03')": [["p115", "B", "elderly"], ["p081", "B", "elderly"], ["p007", "B", "elderly"], ["p053", "B", "elderly"]], "(10, 'r04')": [["p157", "A", "adult"]], "(10, 'r05')": [["p145", "B", "elderly"], ["p113", "B", "elderly"]], "(10, 'r06')": [["p075", "A", "elderly"], ["p085", "A", "elderly"], ["p060", "A", "elderly"], ["p158", "A", "elderly"]], "(10, 'r07')": [["p076", "B", "elderly"], ["p037", "B", "elderly"]], "(10, 'r08')": [["p136", "A", "adult"], ["p042", "A", "elderly"], ["p171", "A", "elderly"], ["p091", "A", "adult"]], "(10, 'r09')": [["p009", "B", "elderly"], ["p016", "B", "adult"], ["p097", "B", "adult"], ["p128", "B", "elderly"]], "(10, 'r10')": [["p030", "A", "elderly"], ["p154", "A", "elderly"]], "(10, 'r11')": [["p032", "A", "elderly"]], "(10, 'r12')": [], "(10, 'r13')": [["p119", "A", "elderly"], ["p105", "A", "elderly"]], "(11, 'r00')": [["p116", "A", "adult"], ["p061", "A", "elderly"], ["p142", "A", "elderly"]], "(11, 'r01')": [["p137", "B", "adult"], ["p028", "B", "elderly"], ["p101", "B", "elderly"]], "(11, 'r02')": [["p020", "A", "elderly"], ["p118", "A", "elderly"], ["p152", "A", "elderly"]], "(11, 'r03')": [["p115", "B", "elderly"], ["p081", "B", "elderly"], ["p007", "B", "elderly"], ["p053", "B", "elderly"]], "(11, 'r04')": [["p157", "A", "adult"]], "(11, 'r05')": [["p145", "B", "elderly"], ["p113", "B", "elderly"], ["p164", "B", "elderly"]], "(11, 'r06')": [["p075", "A", "elderly"], ["p085", "A", "elderly"], ["p060", "A", "elderly"], ["p158", "A", "elderly"]], "(11, 'r07')": [["p037", "B", "elderly"], ["p124", "B", "elderly"], ["p068", "B", "elderly"]], "(11, 'r08')": [["p136", "A", "adult"], ["p042", "A", "elderly"], ["p171", "A", "elderly"], ["p091", "A", "adult"]], "(11, 'r09')": [["p009", "B", "elderly"], ["p016", "B", "adult"], ["p097", "B", "adult"], ["p128", "B", "elderly"]], "(11, 'r10')": [["p030", "A", "elderly"], ["p154", "A", "elderly"], ["p134", "A", "elderly"]], "(11, 'r11')": [["p032", "A", "elderly"], ["p092", "A", "elderly"], ["p168", "A", "elderly"]], "(11, 'r12')": [["p043", "B", "elderly"]], "(11, 'r13')": [["p119", "A", "elderly"], ["p105", "A", "elderly"]], "(12, 'r00')": [["p116", "A", "adult"], ["p142", "A", "elderly"]], "(12, 'r01')": [["p137", "B", "adult"], ["p028", "B", "elderly"], ["p139", "B", "elderly"]], "(12, 'r02')": [["p118", "A", "elderly"], ["p152", "A", "elderly"], ["p165", "A", "elderly"]], "(12, 'r03')": [["p115", "B", "elderly"], ["p081", "B", "elderly"], ["p007", "B", "elderly"], ["p053", "B", "elderly"]], "(12, 'r04')": [["p080", "B", "elderly"], ["p103", "B", "elderly"]], "(12, 'r05')": [["p145", "B", "elderly"], ["p113", "B", "elderly"], ["p164", "B", "elderly"]], "(12, 'r06')": [["p060", "A", "elderly"], ["p131", "A", "adult"]], "(12, 'r07')": [["p124", "B", "elderly"], ["p068", "B", "elderly"], ["p000", "B", "elderly"]], "(12, 'r08')": [["p136", "A", "adult"], ["p042", "A", "elderly"], ["p171", "A", "elderly"], ["p091", "A", "adult"]], "(12, 'r09')": [["p009", "B", "elderly"], ["p016", "B", "adult"], ["p097", "B", "adult"], ["p128", "B", "elderly"]], "(12, 'r10')": [["p030", "A", "elderly"], ["p154", "A", "elderly"], ["p134", "A", "elderly"]], "(12, 'r11')": [["p032", "A", "elderly"], ["p092", "A", "elderly"], ["p168", "A", "elderly"]], "(12, 'r12')": [["p043", "B", "elderly"], ["p070", "B", "elderly"]], "(12, 'r13')": [["p119", "A", "elderly"], ["p038", "A", "infant"], ["p105", "A", "elderly"]], "(13, 'r00')": [["p116", "A", "adult"], ["p142", "A", "elderly"], ["p111", "A", "elderly"]], "(13, 'r01')": [["p137", "B", "adult"], ["p139", "B", "elderly"]], "(13, 'r02')": [["p118", "A", "elderly"], ["p152", "A", "elderly"], ["p165", "A", "elderly"]], "(13, 'r03')": [["p007", "B", "elderly"], ["p053", "B", "elderly"], ["p106", "B", "elderly"]], "(13, 'r04')": [["p080", "B", "elderly"], ["p103", "B", "elderly"]], "(13, 'r05')": [["p164", "B", "elderly"]], "(13, 'r06')": [["p131", "A", "adult"]], "(13, 'r07')": [["p124", "B", "elderly"], ["p068", "B", "elderly"], ["p000", "B", "elderly"]], "(13, 'r08')": [["p136", "A", "adult"], ["p171", "A", "elderly"], ["p167", "A", "elderly"]], "(13, 'r09')": [["p016", "B", "adult"], ["p097", "B", "adult"], ["p128", "B", "elderly"], ["p133", "B", "elderly"]], "(13, 'r10')": [["p030", "A", "elderly"], ["p154", "A", "elderly"], ["p134", "A", "elderly"]], "(13, 'r11')": [["p032", "A", "elderly"], ["p092", "A", "elderly"]], "(13, 'r12')": [["p043", "B", "elderly"], ["p070", "B", "elderly"], ["p155", "B", "elderly"]], "(13, 'r13')": [["p038", "A", "infant"], ["p105", "A", "elderly"]], "(14, 'r00')": [["p116", "A", "adult"], ["p142", "A", "elderly"], ["p111", "A", "elderly"]], "(14, 'r01')": [["p139", "B", "elderly"], ["p126", "B", "adult"]], "(14, 'r02')": [["p118", "A", "elderly"], ["p152", "A", "elderly"], ["p165", "A", "elderly"]], "(14, 'r03')": [["p007", "B", "elderly"], ["p053", "B", "elderly"], ["p106", "B", "elderly"], ["p095", "B", "elderly"]], "(14, 'r04')": [["p080", "B", "elderly"], ["p103", "B", "elderly"]], "(14, 'r05')": [["p164", "B", "elderly"], ["p005", "B", "elderly"], ["p104", "B", "elderly"]], "(14, 'r06')": [["p132", "A", "adult"], ["p052", "A", "infant"], ["p100", "A", "elderly"], ["p036", "A", "elderly"]], "(14, 'r07')": [["p124", "B", "elderly"], ["p068", "B", "elderly"]], "(14, 'r08')": [["p136", "A", "adult"], ["p171", "A", "elderly"], ["p167", "A", "elderly"]], "(14, 'r09')": [["p016", "B", "adult"], ["p097", "B", "adult"], ["p128", "B", "elderly"], ["p133", "B", "elderly"]], "(14, 'r10')": [["p030", "A", "elderly"], ["p134", "A", "elderly"], ["p087", "A", "elderly"]], "(14, 'r11')": [["p032", "A", "elderly"], ["p092", "A", "elderly"], ["p096", "A", "elderly"]], "(14, 'r12')": [["p070", "B", "elderly"], ["p155", "B", "elderly"]], "(14, 'r13')": [["p038", "A", "infant"]], "(15, 'r00')": [["p116", "A", "adult"], ["p142", "A", "elderly"], ["p111", "A", "elderly"]], "(15, 'r01')": [["p139", "B", "elderly"], ["p126", "B", "adult"]], "(15, 'r02')": [["p152", "A", "elderly"], ["p165", "A", "elderly"]], "(15, 'r03')": [["p106", "B", "elderly"], ["p140", "B", "elderly"], ["p095", "B", "elderly"]], "(15, 'r04')": [["p080", "B", "elderly"]], "(15, 'r05')": [["p005", "B", "elderly"], ["p104", "B", "elderly"]], "(15, 'r06')": [["p132", "A", "adult"], ["p052", "A", "infant"], ["p100", "A", "elderly"], ["p036", "A", "elderly"]], "(15, 'r07')": [["p124", "B", "elderly"], ["p068", "B", "elderly"], ["p151", "B", "adult"]], "(15, 'r08')": [["p171", "A", "elderly"], ["p167", "A", "elderly"], ["p074", "A", "elderly"]], "(15, 'r09')": [["p128", "B", "elderly"]], "(15, 'r10')": [["p030", "A", "elderly"], ["p134", "A", "elderly"], ["p087", "A", "elderly"]], "(15, 'r11')": [["p032", "A", "elderly"], ["p096", "A", "elderly"], ["p159", "A", "elderly"]], "(15, 'r12')": [["p070", "B", "elderly"], ["p155", "B", "elderly"]], "(15, 'r13')": [["p038", "A", "infant"]], "(16, 'r00')": [["p111", "A", "elderly"], ["p102", "A", "elderly"]], "(16, 'r01')": [["p139", "B", "elderly"], ["p002", "B", "elderly"]], "(16, 'r02')": [["p152", "A", "elderly"], ["p165", "A", "elderly"]], "(16, 'r03')": [["p140", "B", "elderly"], ["p148", "B", "elderly"], ["p095", "B", "elderly"]], "(16, 'r04')": [["p123", "A", "adult"]], "(16, 'r05')": [["p104", "B", "elderly"]], "(16, 'r06')": [["p132", "A", "adult"], ["p052", "A", "infant"], ["p100", "A", "elderly"]], "(16, 'r07')": [["p124", "B", "elderly"], ["p068", "B", "elderly"], ["p151", "B", "adult"]], "(16, 'r08')": [["p171", "A", "elderly"], ["p074", "A", "elderly"]], "(16, 'r09')": [["p128", "B", "elderly"]], "(16, 'r10')": [["p134", "A", "elderly"], ["p087", "A", "elderly"]], "(16, 'r11')": [["p096", "A", "elderly"], ["p159", "A", "elderly"]], "(16, 'r12')": [["p070", "B", "elderly"]], "(16, 'r13')": [["p038", "A", "infant"]], "(17, 'r00')": [["p111", "A", "elderly"], ["p102", "A", "elderly"], ["p163", "A", "elderly"]], "(17, 'r01')": [["p139", "B", "elderly"], ["p002", "B", "elderly"]], "(17, 'r02')": [["p152", "A", "elderly"], ["p165", "A", "elderly"]], "(17, 'r03')": [["p148", "B", "elderly"], ["p033", "B", "elderly"], ["p095", "B", "elderly"]], "(17, 'r04')": [["p123", "A", "adult"], ["p010", "A", "elderly"]], "(17, 'r05')": [["p104", "B", "elderly"]], "(17, 'r06')": [["p132", "A", "adult"], ["p052", "A", "infant"], ["p100", "A", "elderly"], ["p112", "A", "adult"]], "(17, 'r07')": [["p124", "B", "elderly"], ["p068", "B", "elderly"], ["p151", "B", "adult"]], "(17, 'r08')": [["p171", "A", "elderly"], ["p156", "A", "elderly"], ["p074", "A", "elderly"]], "(17, 'r09')": [["p149", "A", "elderly"]], "(17, 'r10')": [["p134", "A", "elderly"], ["p087", "A", "elderly"]], "(17, 'r11')": [["p159", "A", "elderly"], ["p160", "A", "elderly"]], "(17, 'r12')": [["p161", "B", "elderly"], ["p070", "B", "elderly"]], "(17, 'r13')": [["p038", "A", "infant"]], "(18, 'r00')": [["p111", "A", "elderly"], ["p102", "A", "elderly"], ["p163", "A", "elderly"]], "(18, 'r01')": [["p139", "B", "elderly"], ["p002", "B", "elderly"]], "(18, 'r02')": [["p152", "A", "elderly"], ["p165", "A", "elderly"]], "(18, 'r03')": [["p148", "B", "elderly"], ["p033", "B", "elderly"], ["p095", "B", "elderly"]], "(18, 'r04')": [["p123", "A", "adult"], ["p010", "A", "elderly"]], "(18, 'r05')": [["p104", "B", "elderly"]], "(18, 'r06')": [["p132", "A", "adult"], ["p100", "A", "elderly"], ["p112", "A", "adult"]], "(18, 'r07')": [["p124", "B", "elderly"], ["p068", "B", "elderly"], ["p151", "B", "adult"]], "(18, 'r08')": [["p171", "A", "elderly"], ["p114", "A", "elderly"], ["p156", "A", "elderly"]], "(18, 'r09')": [["p149", "A", "elderly"]], "(18, 'r10')": [], "(18, 'r11')": [["p159", "A", "elderly"], ["p160", "A", "elderly"]], "(18, 'r12')": [["p161", "B", "elderly"], ["p070", "B", "elderly"]], "(18, 'r13')": [["p038", "A", "infant"]], "(19, 'r00')": [["p111", "A", "elderly"], ["p102", "A", "elderly"], ["p163", "A", "elderly"]], "(19, 'r01')": [["p139", "B", "elderly"], ["p002", "B", "elderly"], ["p147", "B", "elderly"]], "(19, 'r02')": [["p152", "A", "elderly"], ["p165", "A", "elderly"]], "(19, 'r03')": [["p148", "B", "elderly"], ["p033", "B", "elderly"], ["p095", "B", "elderly"]], "(19, 'r04')": [["p123", "A", "adult"], ["p010", "A", "elderly"]], "(19, 'r05')": [["p104", "B", "elderly"], ["p014", "B", "adult"], ["p108", "B", "elderly"]], "(19, 'r06')": [["p132", "A", "adult"], ["p100", "A", "elderly"], ["p112", "A", "adult"]], "(19, 'r07')": [["p151", "B", "adult"], ["p153", "B", "elderly"]], "(19, 'r08')": [["p114", "A", "elderly"], ["p156", "A", "elderly"]], "(19, 'r09')": [["p149", "A", "elderly"]], "(19, 'r10')": [], "(19, 'r11')": [["p159", "A", "elderly"], ["p160", "A", "elderly"]], "(19, 'r12')": [["p161", "B", "elderly"], ["p070", "B", "elderly"]], "(19, 'r13')": [], "(20, 'r00')": [["p111", "A", "elderly"]], "(20, 'r01')": [["p139", "B", "elderly"], ["p002", "B", "elderly"], ["p147", "B", "elderly"]], "(20, 'r02')": [], "(20, 'r03')": [["p148", "B", "elderly"], ["p033", "B", "elderly"]], "(20, 'r04')": [["p123", "A", "adult"], ["p010", "A", "elderly"]], "(20, 'r05')": [["p014", "B", "adult"], ["p108", "B", "elderly"]], "(20, 'r06')": [["p112", "A", "adult"]], "(20, 'r07')": [["p151", "B", "adult"], ["p153", "B", "elderly"]], "(20, 'r08')": [["p114", "A", "elderly"]], "(20, 'r09')": [["p149", "A", "elderly"]], "(20, 'r10')": [], "(20, 'r11')": [], "(20, 'r12')": [["p161", "B", "elderly"]], "(20, 'r13')": [], "(21, 'r00')": [["p111", "A", "elderly"], ["p088", "A", "elderly"], ["p135", "A", "adult"]], "(21, 'r01')": [["p139", "B", "elderly"], ["p002", "B", "elderly"]], "(21, 'r02')": [["p125", "B", "elderly"]], "(21, 'r03')": [["p033", "B", "elderly"]], "(21, 'r04')": [], "(21, 'r05')": [["p014", "B", "adult"], ["p108", "B", "elderly"]], "(21, 'r06')": [["p112", "A", "adult"]], "(21, 'r07')": [["p151", "B", "adult"], ["p153", "B", "elderly"], ["p084", "B", "elderly"]], "(21, 'r08')": [["p114", "A", "elderly"]], "(21, 'r09')": [], "(21, 'r10')": [], "(21, 'r11')": [], "(21, 'r12')": [], "(21, 'r13')": [], "(22, 'r00')": [["p111", "A", "elderly"], ["p088", "A", "elderly"], ["p135", "A", "adult"]], "(22, 'r01')": [["p002", "B", "elderly"]], "(22, 'r02')": [["p125", "B", "elderly"]], "(22, 'r03')": [["p033", "B", "elderly"]], "(22, 'r04')": [], "(22, 'r05')": [["p014", "B", "adult"], ["p108", "B", "elderly"]], "(22, 'r06')": [["p112", "A", "adult"]], "(22, 'r07')": [["p151", "B", "adult"], ["p153", "B", "elderly"], ["p084", "B", "elderly"]], "(22, 'r08')": [["p114", "A", "elderly"]], "(22, 'r09')": [], "(22, 'r10')": [], "(22, 'r11')": [], "(22, 'r12')": [["p017", "B", "infant"]], "(22, 'r13')": [], "(23, 'r00')": [["p111", "A", "elderly"], ["p088", "A", "elderly"], ["p135", "A", "adult"]], "(23, 'r01')": [["p040", "B", "adult"], ["p002", "B", "elderly"]], "(23, 'r02')": [["p125", "B", "elderly"], ["p073", "B", "elderly"]], "(23, 'r03')": [["p033", "B", "elderly"], ["p107", "B", "elderly"], ["p150", "B", "elderly"]], "(23, 'r04')": [["p035", "B", "adult"]], "(23, 'r05')": [], "(23, 'r06')": [["p112", "A", "adult"]], "(23, 'r07')": [["p151", "B", "adult"], ["p153", "B", "elderly"], ["p084", "B", "elderly"]], "(23, 'r08')": [["p114", "A", "elderly"]], "(23, 'r09')": [], "(23, 'r10')": [], "(23, 'r11')": [], "(23, 'r12')": [["p017", "B", "infant"]], "(23, 'r13')": [], "(24, 'r00')": [["p111", "A", "elderly"], ["p088", "A", "elderly"], ["p135", "A", "adult"]], "(24, 'r01')": [["p040", "B", "adult"]], "(24, 'r02')": [["p073", "B", "elderly"]], "(24, 'r03')": [["p107", "B", "elderly"], ["p150", "B", "elderly"]], "(24, 'r04')": [["p035", "B", "adult"]], "(24, 'r05')": [], "(24, 'r06')": [["p112", "A", "adult"]], "(24, 'r07')": [], "(24, 'r08')": [["p114", "A", "elderly"]], "(24, 'r09')": [], "(24, 'r10')": [], "(24, 'r11')": [], "(24, 'r12')": [["p017", "B", "infant"]], "(24, 'r13')": [], "(25, 'r00')": [["p135", "A", "adult"]], "(25, 'r01')": [["p040", "B", "adult"]], "(25, 'r02')": [], "(25, 'r03')": [["p107", "B", "elderly"], ["p150", "B", "elderly"]], "(25, 'r04')": [], "(25, 'r05')": [], "(25, 'r06')": [], "(25, 'r07')": [], "(25, 'r08')": [["p114", "A", "elderly"]], "(25, 'r09')": [], "(25, 'r10')": [], "(25, 'r11')": [], "(25, 'r12')": [], "(25, 'r13')": [], "(26, 'r00')": [["p135", "A", "adult"]], "(26, 'r01')": [["p040", "B", "adult"]], "(26, 'r02')": [], "(26, 'r03')": [["p150", "B", "elderly"]], "(26, 'r04')": [], "(26, 'r05')": [], "(26, 'r06')": [], "(26, 'r07')": [], "(26, 'r08')": [["p114", "A", "elderly"]], "(26, 'r09')": [], "(26, 'r10')": [], "(26, 'r11')": [], "(26, 'r12')": [["p090", "B", "elderly"]], "(26, 'r13')": [], "(27, 'r00')": [["p078", "B", "adult"]], "(27, 'r01')": [["p040", "B", "adult"]], "(27, 'r02')": [["p120", "B", "adult"]], "(27, 'r03')": [], "(27, 'r04')": [], "(27, 'r05')": [], "(27, 'r06')": [], "(27, 'r07')": [["p109", "A", "elderly"]], "(27, 'r08')": [["p114", "A", "elderly"]], "(27, 'r09')": [["p146", "B", "adult"]], "(27, 'r10')": [], "(27, 'r11')": [], "(27, 'r12')": [["p090", "B", "elderly"]], "(27, 'r13')": []}, "theater_allocation": {"(0, 't0')": 0, "(0, 't1')": 600, "(0, 't2')": 120, "(1, 't0')": 720, "(1, 't1')": 720, "(1, 't2')": -570, "(2, 't0')": 0, "(2, 't1')": 600, "(2, 't2')": -510, "(3, 't0')": 600, "(3, 't1')": 720, "(3, 't2')": -840, "(4, 't0')": 480, "(4, 't1')": 480, "(4, 't2')": -390, "(5, 't0')": 480, "(5, 't1')": 720, "(5, 't2')": 180, "(6, 't0')": 720, "(6, 't1')": 0, "(6, 't2')": 720, "(7, 't0')": 600, "(7, 't1')": 720, "(7, 't2')": -1080, "(8, 't0')": 480, "(8, 't1')": 600, "(8, 't2')": -240, "(9, 't0')": 720, "(9, 't1')": 720, "(9, 't2')": -1020, "(10, 't0')": 720, "(10, 't1')": 600, "(10, 't2')": 120, "(11, 't0')": 720, "(11, 't1')": 480, "(11, 't2')": -1170, "(12, 't0')": 600, "(12, 't1')": 600, "(12, 't2')": -330, "(13, 't0')": 720, "(13, 't1')": 600, "(13, 't2')": 150, "(14, 't0')": 720, "(14, 't1')": 600, "(14, 't2')": -570, "(15, 't0')": 600, "(15, 't1')": 0, "(15, 't2')": 450, "(16, 't0')": 600, "(16, 't1')": 480, "(16, 't2')": -360, "(17, 't0')": 720, "(17, 't1')": 600, "(17, 't2')": -570, "(18, 't0')": 600, "(18, 't1')": 0, "(18, 't2')": 600, "(19, 't0')": 720, "(19, 't1')": 480, "(19, 't2')": 0, "(20, 't0')": 600, "(20, 't1')": 480, "(20, 't2')": 600, "(21, 't0')": 600, "(21, 't1')": 720, "(21, 't2')": -240, "(22, 't0')": 720, "(22, 't1')": 600, "(22, 't2')": 510, "(23, 't0')": 480, "(23, 't1')": 600, "(23, 't2')": -60, "(24, 't0')": 480, "(24, 't1')": 0, "(24, 't2')": 0, "(25, 't0')": 600, "(25, 't1')": 720, "(25, 't2')": 720, "(26, 't0')": 480, "(26, 't1')": 600, "(26, 't2')": 420, "(27, 't0')": 600, "(27, 't1')": 480, "(27, 't2')": 120}, "surgeon_allocation": {"(0, 's0')": 0, "(0, 's1')": 0, "(0, 's2')": 0, "(0, 's3')": 0, "(1, 's0')": 0, "(1, 's1')": 0, "(1, 's2')": 0, "(1, 's3')": 30, "(2, 's0')": 30, "(2, 's1')": 0, "(2, 's2')": 180, "(2, 's3')": 0, "(3, 's0')": 60, "(3, 's1')": 60, "(3, 's2')": 240, "(3, 's3')": 120, "(4, 's0')": 120, "(4, 's1')": 180, "(4, 's2')": 0, "(4, 's3')": 30, "(5, 's0')": 0, "(5, 's1')": 0, "(5, 's2')": 60, "(5, 's3')": 0, "(6, 's0')": 0, "(6, 's1')": 0, "(6, 's2')": 0, "(6, 's3')": 0, "(7, 's0')": 0, "(7, 's1')": 60, "(7, 's2')": 30, "(7, 's3')": 30, "(8, 's0')": 60, "(8, 's1')": 0, "(8, 's2')": 90, "(8, 's3')": 450, "(9, 's0')": 60, "(9, 's1')": 150, "(9, 's2')": 60, "(9, 's3')": 30, "(10, 's0')": 0, "(10, 's1')": 180, "(10, 's2')": 60, "(10, 's3')": 0, "(11, 's0')": 150, "(11, 's1')": 180, "(11, 's2')": 60, "(11, 's3')": 120, "(12, 's0')": 150, "(12, 's1')": 0, "(12, 's2')": 0, "(12, 's3')": 0, "(13, 's0')": 0, "(13, 's1')": 0, "(13, 's2')": 0, "(13, 's3')": 30, "(14, 's0')": 30, "(14, 's1')": 360, "(14, 's2')": 0, "(14, 's3')": 120, "(15, 's0')": 0, "(15, 's1')": 0, "(15, 's2')": 0, "(15, 's3')": 90, "(16, 's0')": 360, "(16, 's1')": 0, "(16, 's2')": 0, "(16, 's3')": 0, "(17, 's0')": 0, "(17, 's1')": 90, "(17, 's2')": 240, "(17, 's3')": 300, "(18, 's0')": 0, "(18, 's1')": 0, "(18, 's2')": 0, "(18, 's3')": 480, "(19, 's0')": 0, "(19, 's1')": 120, "(19, 's2')": 0, "(19, 's3')": 360, "(20, 's0')": 480, "(20, 's1')": 0, "(20, 's2')": 360, "(20, 's3')": 0, "(21, 's0')": 360, "(21, 's1')": 180, "(21, 's2')": 60, "(21, 's3')": 0, "(22, 's0')": 600, "(22, 's1')": 390, "(22, 's2')": 0, "(22, 's3')": 360, "(23, 's0')": 600, "(23, 's1')": 180, "(23, 's2')": 120, "(23, 's3')": 240, "(24, 's0')": 0, "(24, 's1')": 480, "(24, 's2')": 0, "(24, 's3')": 0, "(25, 's0')": 0, "(25, 's1')": 0, "(25, 's2')": 0, "(25, 's3')": 0, "(26, 's0')": 600, "(26, 's1')": 180, "(26, 's2')": 480, "(26, 's3')": 600, "(27, 's0')": 600, "(27, 's1')": 240, "(27, 's2')": 60, "(27, 's3')": 420}, "operator": "['add_nurse_room']"}