{"patients": [{"id": "p000", "admission_day": 0, "room": "r04", "operating_theater": "t2"}, {"id": "p044", "admission_day": 0, "room": "r04", "operating_theater": "t2"}, {"id": "p012", "admission_day": 0, "room": "r00", "operating_theater": "t3"}, {"id": "p015", "admission_day": 0, "room": "r05", "operating_theater": "t3"}, {"id": "p048", "admission_day": 1, "room": "r11", "operating_theater": "t1"}, {"id": "p022", "admission_day": 1, "room": "r06", "operating_theater": "t1"}, {"id": "p003", "admission_day": 1, "room": "r00", "operating_theater": "t1"}, {"id": "p023", "admission_day": 2, "room": "r00", "operating_theater": "t0"}, {"id": "p006", "admission_day": 2, "room": "r02", "operating_theater": "t0"}, {"id": "p016", "admission_day": 2, "room": "r06", "operating_theater": "t0"}, {"id": "p047", "admission_day": 2, "room": "r02", "operating_theater": "t1"}, {"id": "p014", "admission_day": 2, "room": "r02", "operating_theater": "t1"}, {"id": "p027", "admission_day": 2, "room": "r01", "operating_theater": "t1"}, {"id": "p037", "admission_day": 2, "room": "r04", "operating_theater": "t2"}, {"id": "p053", "admission_day": 2, "room": "r01", "operating_theater": "t0"}, {"id": "p034", "admission_day": 7, "room": "r03", "operating_theater": "t1"}, {"id": "p040", "admission_day": 3, "room": "r07", "operating_theater": "t0"}, {"id": "p090", "admission_day": 3, "room": "r04", "operating_theater": "t0"}, {"id": "p013", "admission_day": 3, "room": "r03", "operating_theater": "t0"}, {"id": "p025", "admission_day": 8, "room": "r06", "operating_theater": "t1"}, {"id": "p007", "admission_day": 3, "room": "r10", "operating_theater": "t0"}, {"id": "p050", "admission_day": 3, "room": "r08", "operating_theater": "t0"}, {"id": "p026", "admission_day": 3, "room": "r08", "operating_theater": "t1"}, {"id": "p030", "admission_day": 4, "room": "r11", "operating_theater": "t2"}, {"id": "p056", "admission_day": 4, "room": "r03", "operating_theater": "t0"}, {"id": "p059", "admission_day": 4, "room": "r05", "operating_theater": "t0"}, {"id": "p091", "admission_day": 4, "room": "r10", "operating_theater": "t1"}, {"id": "p052", "admission_day": 4, "room": "r01", "operating_theater": "t1"}, {"id": "p065", "admission_day": 11, "room": "r04", "operating_theater": "t1"}, {"id": "p084", "admission_day": 4, "room": "r09", "operating_theater": "t1"}, {"id": "p058", "admission_day": 4, "room": "r09", "operating_theater": "t1"}, {"id": "p035", "admission_day": 4, "room": "r07", "operating_theater": "t2"}, {"id": "p094", "admission_day": 4, "room": "r07", "operating_theater": "t1"}, {"id": "p019", "admission_day": 5, "room": "r07", "operating_theater": "t0"}, {"id": "p036", "admission_day": 5, "room": "r10", "operating_theater": "t0"}, {"id": "p062", "admission_day": 5, "room": "r06", "operating_theater": "t4"}, {"id": "p096", "admission_day": 5, "room": "r02", "operating_theater": "t0"}, {"id": "p066", "admission_day": 5, "room": "r02", "operating_theater": "t0"}, {"id": "p051", "admission_day": 5, "room": "r11", "operating_theater": "t4"}, {"id": "p110", "admission_day": 6, "room": "r00", "operating_theater": "t2"}, {"id": "p032", "admission_day": 6, "room": "r02", "operating_theater": "t2"}, {"id": "p088", "admission_day": 6, "room": "r08", "operating_theater": "t2"}, {"id": "p097", "admission_day": 6, "room": "r00", "operating_theater": "t3"}, {"id": "p102", "admission_day": 6, "room": "r10", "operating_theater": "t3"}, {"id": "p041", "admission_day": 6, "room": "r04", "operating_theater": "t3"}, {"id": "p107", "admission_day": 6, "room": "r01", "operating_theater": "t3"}, {"id": "p011", "admission_day": 7, "room": "r02", "operating_theater": "t0"}, {"id": "p024", "admission_day": 7, "room": "r10", "operating_theater": "t0"}, {"id": "p038", "admission_day": 7, "room": "r05", "operating_theater": "t0"}, {"id": "p064", "admission_day": 7, "room": "r08", "operating_theater": "t1"}, {"id": "p104", "admission_day": 8, "room": "r10", "operating_theater": "t0"}, {"id": "p108", "admission_day": 7, "room": "r11", "operating_theater": "t0"}, {"id": "p075", "admission_day": 7, "room": "r02", "operating_theater": "t3"}, {"id": "p069", "admission_day": 8, "room": "r00", "operating_theater": "t0"}, {"id": "p029", "admission_day": 7, "room": "r00", "operating_theater": "t1"}, {"id": "p115", "admission_day": 8, "room": "r01", "operating_theater": "t0"}, {"id": "p087", "admission_day": 8, "room": "r10", "operating_theater": "t0"}, {"id": "p077", "admission_day": 8, "room": "r04", "operating_theater": "t1"}, {"id": "p072", "admission_day": 9, "room": "r07", "operating_theater": "t0"}, {"id": "p010", "admission_day": 9, "room": "r10", "operating_theater": "t0"}, {"id": "p043", "admission_day": 11, "room": "r09", "operating_theater": "t4"}, {"id": "p120", "admission_day": 9, "room": "r02", "operating_theater": "t0"}, {"id": "p092", "admission_day": 12, "room": "r11", "operating_theater": "t2"}, {"id": "p105", "admission_day": 9, "room": "r04", "operating_theater": "t1"}, {"id": "p045", "admission_day": 10, "room": "r00", "operating_theater": "t0"}, {"id": "p060", "admission_day": 10, "room": "r00", "operating_theater": "t0"}, {"id": "p119", "admission_day": 11, "room": "r01", "operating_theater": "t0"}, {"id": "p106", "admission_day": 11, "room": "r09", "operating_theater": "t4"}, {"id": "p057", "admission_day": 11, "room": "r04", "operating_theater": "t1"}, {"id": "p071", "admission_day": 11, "room": "r02", "operating_theater": "t1"}, {"id": "p100", "admission_day": 11, "room": "r07", "operating_theater": "t4"}, {"id": "p005", "admission_day": 13, "room": "r00", "operating_theater": "t0"}, {"id": "p067", "admission_day": 13, "room": "r01", "operating_theater": "t1"}, {"id": "p082", "admission_day": 13, "room": "r02", "operating_theater": "t1"}, {"id": "p001", "admission_day": "none"}, {"id": "p002", "admission_day": "none"}, {"id": "p004", "admission_day": 3, "room": "r02", "operating_theater": "t1"}, {"id": "p008", "admission_day": 7, "room": "r11", "operating_theater": "t3"}, {"id": "p009", "admission_day": "none"}, {"id": "p017", "admission_day": 3, "room": "r00", "operating_theater": "t0"}, {"id": "p018", "admission_day": "none"}, {"id": "p020", "admission_day": "none"}, {"id": "p021", "admission_day": "none"}, {"id": "p031", "admission_day": "none"}, {"id": "p033", "admission_day": "none"}, {"id": "p039", "admission_day": "none"}, {"id": "p042", "admission_day": "none"}, {"id": "p046", "admission_day": 12, "room": "r01", "operating_theater": "t2"}, {"id": "p049", "admission_day": "none"}, {"id": "p054", "admission_day": 8, "room": "r04", "operating_theater": "t1"}, {"id": "p055", "admission_day": "none"}, {"id": "p061", "admission_day": 7, "room": "r08", "operating_theater": "t1"}, {"id": "p063", "admission_day": "none"}, {"id": "p068", "admission_day": "none"}, {"id": "p070", "admission_day": 13, "room": "r00", "operating_theater": "t0"}, {"id": "p073", "admission_day": "none"}, {"id": "p074", "admission_day": "none"}, {"id": "p076", "admission_day": "none"}, {"id": "p078", "admission_day": "none"}, {"id": "p079", "admission_day": "none"}, {"id": "p080", "admission_day": "none"}, {"id": "p081", "admission_day": 9, "room": "r11", "operating_theater": "t1"}, {"id": "p083", "admission_day": 9, "room": "r09", "operating_theater": "t0"}, {"id": "p085", "admission_day": "none"}, {"id": "p086", "admission_day": "none"}, {"id": "p089", "admission_day": "none"}, {"id": "p093", "admission_day": "none"}, {"id": "p095", "admission_day": 12, "room": "r08", "operating_theater": "t2"}, {"id": "p101", "admission_day": "none"}, {"id": "p103", "admission_day": "none"}, {"id": "p109", "admission_day": 10, "room": "r02", "operating_theater": "t0"}, {"id": "p111", "admission_day": 4, "room": "r08", "operating_theater": "t0"}, {"id": "p112", "admission_day": "none"}, {"id": "p113", "admission_day": "none"}, {"id": "p114", "admission_day": "none"}, {"id": "p116", "admission_day": "none"}, {"id": "p117", "admission_day": "none"}, {"id": "p118", "admission_day": 11, "room": "r07", "operating_theater": "t1"}], "nurses": [{"id": "n000", "assignments": [{"day": 0, "shift": "late", "rooms": ["r00", "r01", "r02"]}, {"day": 1, "shift": "night", "rooms": ["r00", "r01", "r02", "r04", "r03"]}, {"day": 3, "shift": "early", "rooms": ["r00"]}, {"day": 4, "shift": "late", "rooms": ["r00", "r01"]}, {"day": 5, "shift": "late", "rooms": ["r00", "r01"]}, {"day": 7, "shift": "early", "rooms": ["r00", "r01"]}, {"day": 8, "shift": "late", "rooms": ["r00", "r01"]}, {"day": 9, "shift": "night", "rooms": ["r00", "r01", "r02"]}, {"day": 10, "shift": "night", "rooms": ["r00", "r01", "r02"]}, {"day": 11, "shift": "night", "rooms": ["r00", "r01", "r02"]}, {"day": 13, "shift": "early", "rooms": ["r00"]}]}, {"id": "n001", "assignments": [{"day": 0, "shift": "late", "rooms": ["r03"]}, {"day": 1, "shift": "late", "rooms": ["r00", "r01"]}, {"day": 2, "shift": "late", "rooms": ["r00", "r01", "r02"]}, {"day": 3, "shift": "late", "rooms": ["r00", "r01"]}, {"day": 5, "shift": "early", "rooms": ["r00", "r01"]}, {"day": 6, "shift": "night", "rooms": ["r00", "r01", "r02"]}, {"day": 8, "shift": "early", "rooms": ["r00", "r01"]}, {"day": 9, "shift": "early", "rooms": ["r00", "r01"]}, {"day": 10, "shift": "early", "rooms": ["r00", "r01"]}, {"day": 12, "shift": "late", "rooms": ["r00", "r01", "r02"]}, {"day": 13, "shift": "night", "rooms": ["r00", "r01", "r02"]}]}, {"id": "n002", "assignments": [{"day": 0, "shift": "night", "rooms": ["r00", "r01"]}, {"day": 1, "shift": "night", "rooms": ["r05", "r06", "r07", "r08", "r09", "r10", "r11"]}, {"day": 2, "shift": "night", "rooms": ["r00", "r01", "r02", "r03"]}, {"day": 3, "shift": "night", "rooms": ["r00", "r01", "r02", "r03"]}, {"day": 5, "shift": "early", "rooms": ["r02", "r03", "r04"]}, {"day": 6, "shift": "early", "rooms": ["r00", "r01"]}, {"day": 7, "shift": "early", "rooms": ["r02", "r03", "r04"]}, {"day": 8, "shift": "early", "rooms": ["r02"]}, {"day": 9, "shift": "early", "rooms": ["r02"]}, {"day": 10, "shift": "late", "rooms": ["r00", "r01", "r02"]}, {"day": 11, "shift": "late", "rooms": ["r00"]}, {"day": 12, "shift": "late", "rooms": ["r03", "r04", "r05", "r06", "r07", "r08", "r09"]}, {"day": 13, "shift": "late", "rooms": ["r00"]}]}, {"id": "n003", "assignments": [{"day": 0, "shift": "night", "rooms": ["r02", "r03", "r04", "r05", "r06", "r07"]}, {"day": 2, "shift": "night", "rooms": ["r04", "r05", "r06", "r07", "r08", "r09", "r10", "r11"]}, {"day": 4, "shift": "early", "rooms": ["r00", "r01"]}, {"day": 5, "shift": "early", "rooms": ["r05", "r06", "r07"]}, {"day": 6, "shift": "early", "rooms": ["r02", "r03", "r04"]}, {"day": 7, "shift": "early", "rooms": ["r05", "r06"]}, {"day": 8, "shift": "early", "rooms": ["r03", "r04", "r05", "r06"]}, {"day": 9, "shift": "early", "rooms": ["r03", "r04", "r05"]}, {"day": 10, "shift": "early", "rooms": ["r02"]}, {"day": 11, "shift": "early", "rooms": ["r00", "r01", "r02"]}, {"day": 12, "shift": "early", "rooms": ["r00", "r01", "r02"]}, {"day": 13, "shift": "early", "rooms": ["r02"]}]}, {"id": "n004", "assignments": [{"day": 0, "shift": "late", "rooms": ["r05", "r06", "r07", "r08", "r09"]}, {"day": 1, "shift": "late", "rooms": ["r02", "r03", "r04"]}, {"day": 3, "shift": "night", "rooms": ["r04", "r05", "r06"]}, {"day": 4, "shift": "night", "rooms": ["r00", "r01", "r02"]}, {"day": 6, "shift": "early", "rooms": ["r05", "r06", "r07"]}, {"day": 7, "shift": "early", "rooms": ["r07", "r08"]}, {"day": 8, "shift": "night", "rooms": ["r00", "r01", "r02"]}, {"day": 9, "shift": "night", "rooms": ["r03", "r04", "r05", "r06", "r07"]}, {"day": 10, "shift": "night", "rooms": ["r03", "r04", "r05", "r06", "r07"]}, {"day": 12, "shift": "early", "rooms": ["r03", "r04", "r05", "r06", "r07", "r08", "r09"]}, {"day": 13, "shift": "early", "rooms": ["r03", "r04", "r05", "r06", "r07", "r08", "r09"]}]}, {"id": "n005", "assignments": [{"day": 0, "shift": "night", "rooms": ["r08", "r09", "r10", "r11"]}, {"day": 2, "shift": "late", "rooms": ["r03"]}, {"day": 4, "shift": "early", "rooms": ["r02", "r03"]}, {"day": 6, "shift": "early", "rooms": ["r08", "r09"]}, {"day": 7, "shift": "early", "rooms": ["r09"]}, {"day": 8, "shift": "early", "rooms": ["r07", "r08"]}, {"day": 9, "shift": "night", "rooms": ["r08", "r10", "r09"]}, {"day": 10, "shift": "night", "rooms": ["r08", "r09", "r10", "r11"]}, {"day": 12, "shift": "early", "rooms": ["r10", "r11"]}]}, {"id": "n006", "assignments": [{"day": 0, "shift": "late", "rooms": ["r02", "r10", "r11"]}, {"day": 1, "shift": "late", "rooms": ["r05", "r06", "r07"]}, {"day": 2, "shift": "late", "rooms": ["r05", "r06", "r07", "r08", "r09", "r10", "r11"]}, {"day": 3, "shift": "night", "rooms": ["r07", "r08", "r09", "r10", "r11"]}, {"day": 5, "shift": "early", "rooms": ["r08", "r09"]}, {"day": 6, "shift": "early", "rooms": ["r10", "r11"]}, {"day": 7, "shift": "late", "rooms": ["r00"]}, {"day": 8, "shift": "night", "rooms": ["r05", "r04", "r06"]}, {"day": 9, "shift": "night", "rooms": ["r11"]}, {"day": 11, "shift": "early", "rooms": ["r03", "r04", "r05"]}, {"day": 12, "shift": "late", "rooms": ["r10", "r11"]}, {"day": 13, "shift": "late", "rooms": ["r01", "r02"]}]}, {"id": "n007", "assignments": [{"day": 1, "shift": "early", "rooms": ["r00", "r01"]}, {"day": 2, "shift": "early", "rooms": ["r00", "r01"]}, {"day": 3, "shift": "late", "rooms": ["r02", "r03"]}, {"day": 4, "shift": "late", "rooms": ["r02", "r03"]}, {"day": 5, "shift": "late", "rooms": ["r02"]}, {"day": 6, "shift": "night", "rooms": ["r03", "r04"]}, {"day": 8, "shift": "early", "rooms": ["r09", "r10"]}, {"day": 9, "shift": "early", "rooms": ["r06", "r07"]}, {"day": 11, "shift": "early", "rooms": ["r06", "r07", "r08", "r09"]}, {"day": 13, "shift": "late", "rooms": ["r03", "r04", "r05", "r06", "r07", "r08", "r09", "r10", "r11"]}]}, {"id": "n008", "assignments": [{"day": 3, "shift": "early", "rooms": ["r02", "r03"]}, {"day": 4, "shift": "early", "rooms": ["r04", "r05"]}, {"day": 5, "shift": "late", "rooms": ["r03", "r04", "r05"]}, {"day": 6, "shift": "late", "rooms": ["r00", "r01"]}, {"day": 7, "shift": "late", "rooms": ["r01", "r02"]}, {"day": 8, "shift": "late", "rooms": ["r02", "r03", "r04"]}, {"day": 9, "shift": "late", "rooms": ["r00", "r01"]}, {"day": 11, "shift": "early", "rooms": ["r05", "r10", "r11"]}, {"day": 13, "shift": "late", "rooms": ["r07"]}]}, {"id": "n009", "assignments": [{"day": 2, "shift": "early", "rooms": ["r02", "r03", "r04"]}, {"day": 3, "shift": "early", "rooms": ["r04"]}, {"day": 5, "shift": "early", "rooms": ["r10", "r11"]}, {"day": 7, "shift": "early", "rooms": ["r11"]}, {"day": 8, "shift": "night", "rooms": ["r07", "r09", "r08"]}, {"day": 10, "shift": "late", "rooms": ["r03", "r04"]}, {"day": 11, "shift": "late", "rooms": ["r01", "r02", "r03"]}, {"day": 0, "shift": "late", "rooms": ["r04", "r00"]}, {"day": 13, "shift": "late", "rooms": ["r10", "r07"]}]}, {"id": "n010", "assignments": [{"day": 2, "shift": "early", "rooms": ["r05", "r06", "r07", "r08", "r09", "r10", "r11"]}, {"day": 3, "shift": "late", "rooms": ["r05"]}, {"day": 4, "shift": "late", "rooms": ["r04", "r05"]}, {"day": 5, "shift": "late", "rooms": ["r06", "r07"]}, {"day": 6, "shift": "late", "rooms": ["r02"]}, {"day": 7, "shift": "late", "rooms": ["r03", "r04"]}, {"day": 8, "shift": "late", "rooms": ["r05", "r06", "r07"]}, {"day": 13, "shift": "early", "rooms": ["r10", "r11"]}]}, {"id": "n011", "assignments": [{"day": 1, "shift": "late", "rooms": ["r08", "r09", "r10", "r11"]}, {"day": 3, "shift": "late", "rooms": ["r06", "r07", "r08"]}, {"day": 6, "shift": "late", "rooms": ["r03", "r04", "r05"]}, {"day": 7, "shift": "night", "rooms": ["r00", "r01", "r02"]}, {"day": 9, "shift": "early", "rooms": ["r08", "r09", "r10"]}, {"day": 10, "shift": "late", "rooms": ["r05", "r06", "r07", "r08"]}, {"day": 11, "shift": "late", "rooms": ["r04", "r05", "r06", "r07"]}, {"day": 12, "shift": "night", "rooms": ["r00", "r01", "r02", "r03"]}, {"day": 0, "shift": "late", "rooms": ["r01"]}]}, {"id": "n012", "assignments": [{"day": 0, "shift": "early", "rooms": ["r00"]}, {"day": 3, "shift": "late", "rooms": ["r09", "r10", "r11"]}, {"day": 4, "shift": "late", "rooms": ["r06", "r07"]}, {"day": 5, "shift": "late", "rooms": ["r08", "r09"]}, {"day": 6, "shift": "night", "rooms": ["r05", "r06"]}, {"day": 7, "shift": "night", "rooms": ["r03", "r04"]}, {"day": 9, "shift": "early", "rooms": ["r11"]}, {"day": 10, "shift": "late", "rooms": ["r09", "r10"]}, {"day": 11, "shift": "late", "rooms": ["r08", "r09", "r10", "r11"]}]}, {"id": "n013", "assignments": [{"day": 4, "shift": "late", "rooms": ["r08", "r09"]}, {"day": 5, "shift": "night", "rooms": ["r00", "r01"]}, {"day": 6, "shift": "night", "rooms": ["r08", "r09", "r10", "r11"]}, {"day": 8, "shift": "early", "rooms": ["r11"]}, {"day": 10, "shift": "late", "rooms": ["r11"]}, {"day": 13, "shift": "night", "rooms": ["r08", "r06", "r11", "r05", "r03", "r04", "r09", "r10"]}, {"day": 2, "shift": "early", "rooms": ["r01"]}, {"day": 0, "shift": "night", "rooms": ["r11"]}]}, {"id": "n014", "assignments": [{"day": 5, "shift": "late", "rooms": ["r10", "r11"]}, {"day": 6, "shift": "late", "rooms": ["r06", "r07"]}, {"day": 7, "shift": "late", "rooms": ["r05", "r06", "r07"]}, {"day": 8, "shift": "late", "rooms": ["r08", "r09"]}, {"day": 9, "shift": "late", "rooms": ["r02", "r03", "r04"]}, {"day": 11, "shift": "night", "rooms": ["r03", "r04", "r05", "r06", "r07"]}, {"day": 12, "shift": "night", "rooms": ["r04", "r05", "r06", "r07", "r08", "r09", "r10", "r11"]}, {"day": 10, "shift": "night", "rooms": ["r11"]}]}, {"id": "n015", "assignments": [{"day": 1, "shift": "early", "rooms": ["r02", "r03", "r04"]}, {"day": 3, "shift": "early", "rooms": ["r06"]}, {"day": 4, "shift": "night", "rooms": ["r04", "r03"]}, {"day": 5, "shift": "night", "rooms": ["r02", "r03", "r04"]}, {"day": 11, "shift": "night", "rooms": ["r08", "r09", "r10", "r11"]}, {"day": 6, "shift": "night", "rooms": ["r08"]}]}, {"id": "n016", "assignments": [{"day": 1, "shift": "early", "rooms": ["r05", "r06", "r07"]}, {"day": 3, "shift": "early", "rooms": ["r11", "r09", "r10", "r08", "r07"]}, {"day": 4, "shift": "early", "rooms": ["r06", "r07"]}, {"day": 7, "shift": "late", "rooms": ["r08"]}, {"day": 8, "shift": "late", "rooms": ["r11"]}, {"day": 9, "shift": "late", "rooms": ["r07", "r05"]}, {"day": 5, "shift": "late", "rooms": []}]}, {"id": "n017", "assignments": [{"day": 1, "shift": "early", "rooms": ["r11", "r09", "r10", "r08", "r07"]}, {"day": 4, "shift": "early", "rooms": ["r08", "r09", "r10", "r11"]}, {"day": 5, "shift": "night", "rooms": ["r05", "r06", "r07"]}, {"day": 7, "shift": "late", "rooms": ["r10", "r11"]}, {"day": 8, "shift": "night", "rooms": ["r11"]}, {"day": 2, "shift": "late", "rooms": ["r04"]}]}, {"id": "n018", "assignments": [{"day": 0, "shift": "early", "rooms": ["r02", "r03", "r04"]}, {"day": 4, "shift": "late", "rooms": ["r10", "r11"]}, {"day": 5, "shift": "night", "rooms": ["r08", "r09", "r10", "r11"]}, {"day": 9, "shift": "late", "rooms": ["r08", "r09", "r10", "r11"]}, {"day": 2, "shift": "late", "rooms": ["r05"]}, {"day": 7, "shift": "early", "rooms": ["r10"]}]}, {"id": "n019", "assignments": [{"day": 0, "shift": "early", "rooms": ["r05", "r06", "r07", "r08", "r09"]}, {"day": 4, "shift": "night", "rooms": ["r06", "r07", "r08"]}, {"day": 13, "shift": "early", "rooms": ["r01"]}, {"day": 9, "shift": "late", "rooms": ["r06"]}, {"day": 6, "shift": "night", "rooms": ["r07"]}, {"day": 5, "shift": "night", "rooms": ["r05"]}, {"day": 1, "shift": "early", "rooms": ["r04"]}, {"day": 8, "shift": "late", "rooms": ["r10", "r07"]}]}, {"id": "n020", "assignments": [{"day": 0, "shift": "early", "rooms": ["r10", "r11"]}, {"day": 6, "shift": "late", "rooms": ["r09", "r08", "r10"]}, {"day": 9, "shift": "night", "rooms": []}, {"day": 8, "shift": "night", "rooms": ["r10", "r03"]}, {"day": 3, "shift": "early", "rooms": ["r05", "r01"]}, {"day": 7, "shift": "late", "rooms": ["r09"]}]}, {"id": "n021", "assignments": [{"day": 4, "shift": "night", "rooms": ["r09", "r10", "r11"]}, {"day": 7, "shift": "night", "rooms": ["r05", "r06", "r07"]}]}, {"id": "n022", "assignments": [{"day": 7, "shift": "night", "rooms": ["r11", "r09", "r10", "r08", "r07"]}, {"day": 4, "shift": "late", "rooms": ["r07"]}, {"day": 6, "shift": "late", "rooms": ["r07", "r11"]}, {"day": 3, "shift": "late", "rooms": ["r04"]}]}, {"id": "n023", "assignments": [{"day": 10, "shift": "early", "rooms": ["r03", "r04", "r05"]}, {"day": 0, "shift": "early", "rooms": ["r00", "r01"]}, {"day": 4, "shift": "night", "rooms": ["r05", "r11", "r10", "r03"]}, {"day": 3, "shift": "night", "rooms": []}, {"day": 7, "shift": "night", "rooms": ["r03", "r06"]}]}, {"id": "n024", "assignments": [{"day": 10, "shift": "early", "rooms": ["r06", "r07", "r08"]}, {"day": 13, "shift": "night", "rooms": ["r07"]}]}, {"id": "n025", "assignments": [{"day": 10, "shift": "early", "rooms": ["r10", "r11", "r09"]}]}], "room_allocation": {"(0, 'r00')": [["a03", "A", "elderly"], ["a10", "A", "elderly"], ["p012", "A", "elderly"]], "(0, 'r01')": [["a07", "A", "adult"], ["a11", "A", "elderly"], ["a17", "A", "adult"]], "(0, 'r02')": [["a08", "A", "elderly"]], "(0, 'r03')": [["a06", "B", "elderly"], ["a12", "B", "elderly"]], "(0, 'r04')": [["a09", "B", "elderly"], ["a15", "B", "elderly"], ["p000", "B", "elderly"], ["p044", "B", "elderly"]], "(0, 'r05')": [["a14", "B", "adult"], ["p015", "B", "elderly"]], "(0, 'r06')": [["a00", "B", "elderly"]], "(0, 'r07')": [["a01", "B", "elderly"], ["a05", "B", "adult"], ["a13", "B", "adult"]], "(0, 'r08')": [], "(0, 'r09')": [["a18", "A", "elderly"], ["a19", "A", "elderly"]], "(0, 'r10')": [["a04", "B", "elderly"]], "(0, 'r11')": [["a02", "B", "elderly"], ["a16", "B", "elderly"], ["a20", "B", "elderly"]], "(1, 'r00')": [["a10", "A", "elderly"], ["p012", "A", "elderly"], ["p003", "A", "elderly"]], "(1, 'r01')": [["a07", "A", "adult"], ["a11", "A", "elderly"]], "(1, 'r02')": [["a08", "A", "elderly"]], "(1, 'r03')": [["a06", "B", "elderly"]], "(1, 'r04')": [["a09", "B", "elderly"], ["a15", "B", "elderly"], ["p000", "B", "elderly"], ["p044", "B", "elderly"]], "(1, 'r05')": [["a14", "B", "adult"], ["p015", "B", "elderly"]], "(1, 'r06')": [["p022", "B", "elderly"]], "(1, 'r07')": [["a05", "B", "adult"], ["a13", "B", "adult"]], "(1, 'r08')": [], "(1, 'r09')": [["a18", "A", "elderly"], ["a19", "A", "elderly"]], "(1, 'r10')": [], "(1, 'r11')": [["a02", "B", "elderly"], ["a16", "B", "elderly"], ["a20", "B", "elderly"], ["p048", "B", "elderly"]], "(2, 'r00')": [["a10", "A", "elderly"], ["p012", "A", "elderly"], ["p003", "A", "elderly"], ["p023", "A", "adult"]], "(2, 'r01')": [["a11", "A", "elderly"], ["p027", "A", "adult"], ["p053", "A", "elderly"]], "(2, 'r02')": [["p006", "B", "adult"], ["p047", "B", "elderly"], ["p014", "B", "adult"]], "(2, 'r03')": [["a06", "B", "elderly"]], "(2, 'r04')": [["a15", "B", "elderly"], ["p000", "B", "elderly"], ["p044", "B", "elderly"], ["p037", "B", "elderly"]], "(2, 'r05')": [["a14", "B", "adult"], ["p015", "B", "elderly"]], "(2, 'r06')": [["p022", "B", "elderly"], ["p016", "B", "elderly"]], "(2, 'r07')": [["a13", "B", "adult"]], "(2, 'r08')": [], "(2, 'r09')": [], "(2, 'r10')": [], "(2, 'r11')": [["a02", "B", "elderly"], ["a20", "B", "elderly"], ["p048", "B", "elderly"]], "(3, 'r00')": [["p003", "A", "elderly"], ["p023", "A", "adult"], ["p017", "A", "elderly"]], "(3, 'r01')": [["a11", "A", "elderly"], ["p027", "A", "adult"], ["p053", "A", "elderly"]], "(3, 'r02')": [["p006", "B", "adult"], ["p047", "B", "elderly"], ["p014", "B", "adult"], ["p004", "B", "elderly"]], "(3, 'r03')": [["p013", "B", "adult"]], "(3, 'r04')": [["p000", "B", "elderly"], ["p044", "B", "elderly"], ["p037", "B", "elderly"], ["p090", "B", "elderly"]], "(3, 'r05')": [["a14", "B", "adult"], ["p015", "B", "elderly"]], "(3, 'r06')": [["p022", "B", "elderly"], ["p016", "B", "elderly"]], "(3, 'r07')": [["p040", "A", "elderly"]], "(3, 'r08')": [["p050", "B", "elderly"], ["p026", "B", "elderly"]], "(3, 'r09')": [], "(3, 'r10')": [["p007", "A", "adult"]], "(3, 'r11')": [["a02", "B", "elderly"], ["p048", "B", "elderly"]], "(4, 'r00')": [["p003", "A", "elderly"], ["p023", "A", "adult"], ["p017", "A", "elderly"]], "(4, 'r01')": [["p027", "A", "adult"], ["p053", "A", "elderly"], ["p052", "A", "elderly"]], "(4, 'r02')": [["p006", "B", "adult"], ["p047", "B", "elderly"], ["p014", "B", "adult"], ["p004", "B", "elderly"]], "(4, 'r03')": [["p013", "B", "adult"], ["p056", "B", "adult"]], "(4, 'r04')": [["p000", "B", "elderly"], ["p044", "B", "elderly"], ["p037", "B", "elderly"], ["p090", "B", "elderly"]], "(4, 'r05')": [["p015", "B", "elderly"], ["p059", "B", "elderly"]], "(4, 'r06')": [["p022", "B", "elderly"]], "(4, 'r07')": [["p040", "A", "elderly"], ["p035", "A", "adult"], ["p094", "A", "elderly"]], "(4, 'r08')": [["p050", "B", "elderly"], ["p026", "B", "elderly"], ["p111", "B", "elderly"]], "(4, 'r09')": [["p084", "B", "elderly"], ["p058", "B", "elderly"]], "(4, 'r10')": [["p007", "A", "adult"], ["p091", "A", "elderly"]], "(4, 'r11')": [["p030", "B", "elderly"]], "(5, 'r00')": [["p003", "A", "elderly"], ["p023", "A", "adult"], ["p017", "A", "elderly"]], "(5, 'r01')": [["p027", "A", "adult"], ["p053", "A", "elderly"], ["p052", "A", "elderly"]], "(5, 'r02')": [["p014", "B", "adult"], ["p096", "B", "elderly"], ["p066", "B", "elderly"], ["p004", "B", "elderly"]], "(5, 'r03')": [["p056", "B", "adult"]], "(5, 'r04')": [["p000", "B", "elderly"], ["p044", "B", "elderly"], ["p037", "B", "elderly"], ["p090", "B", "elderly"]], "(5, 'r05')": [["p015", "B", "elderly"], ["p059", "B", "elderly"]], "(5, 'r06')": [["p022", "B", "elderly"], ["p062", "B", "adult"]], "(5, 'r07')": [["p040", "A", "elderly"], ["p035", "A", "adult"], ["p094", "A", "elderly"], ["p019", "A", "elderly"]], "(5, 'r08')": [["p050", "B", "elderly"], ["p026", "B", "elderly"], ["p111", "B", "elderly"]], "(5, 'r09')": [["p084", "B", "elderly"], ["p058", "B", "elderly"]], "(5, 'r10')": [["p007", "A", "adult"], ["p091", "A", "elderly"], ["p036", "A", "elderly"]], "(5, 'r11')": [["p030", "B", "elderly"], ["p051", "B", "elderly"]], "(6, 'r00')": [["p023", "A", "adult"], ["p110", "A", "adult"], ["p097", "A", "adult"], ["p017", "A", "elderly"]], "(6, 'r01')": [["p053", "A", "elderly"], ["p052", "A", "elderly"], ["p107", "A", "elderly"]], "(6, 'r02')": [["p096", "B", "elderly"], ["p066", "B", "elderly"], ["p032", "B", "elderly"], ["p004", "B", "elderly"]], "(6, 'r03')": [["p056", "B", "adult"]], "(6, 'r04')": [["p044", "B", "elderly"], ["p037", "B", "elderly"], ["p090", "B", "elderly"], ["p041", "B", "elderly"]], "(6, 'r05')": [["p015", "B", "elderly"], ["p059", "B", "elderly"]], "(6, 'r06')": [["p022", "B", "elderly"], ["p062", "B", "adult"]], "(6, 'r07')": [["p040", "A", "elderly"], ["p035", "A", "adult"], ["p094", "A", "elderly"], ["p019", "A", "elderly"]], "(6, 'r08')": [["p088", "B", "elderly"]], "(6, 'r09')": [["p084", "B", "elderly"], ["p058", "B", "elderly"]], "(6, 'r10')": [["p091", "A", "elderly"], ["p036", "A", "elderly"], ["p102", "A", "adult"]], "(6, 'r11')": [["p030", "B", "elderly"], ["p051", "B", "elderly"]], "(7, 'r00')": [["p023", "A", "adult"], ["p110", "A", "adult"], ["p097", "A", "adult"], ["p029", "A", "elderly"]], "(7, 'r01')": [["p053", "A", "elderly"], ["p052", "A", "elderly"], ["p107", "A", "elderly"]], "(7, 'r02')": [["p066", "B", "elderly"], ["p032", "B", "elderly"], ["p011", "B", "infant"], ["p075", "B", "elderly"]], "(7, 'r03')": [["p034", "B", "elderly"], ["p056", "B", "adult"]], "(7, 'r04')": [["p044", "B", "elderly"], ["p037", "B", "elderly"], ["p090", "B", "elderly"], ["p041", "B", "elderly"]], "(7, 'r05')": [["p059", "B", "elderly"], ["p038", "B", "infant"]], "(7, 'r06')": [["p022", "B", "elderly"], ["p062", "B", "adult"]], "(7, 'r07')": [["p040", "A", "elderly"], ["p035", "A", "adult"], ["p094", "A", "elderly"], ["p019", "A", "elderly"]], "(7, 'r08')": [["p088", "B", "elderly"], ["p064", "B", "elderly"], ["p061", "B", "elderly"]], "(7, 'r09')": [["p084", "B", "elderly"], ["p058", "B", "elderly"]], "(7, 'r10')": [["p091", "A", "elderly"], ["p036", "A", "elderly"], ["p102", "A", "adult"], ["p024", "A", "elderly"]], "(7, 'r11')": [["p030", "B", "elderly"], ["p051", "B", "elderly"], ["p108", "B", "elderly"], ["p008", "B", "elderly"]], "(8, 'r00')": [["p110", "A", "adult"], ["p097", "A", "adult"], ["p069", "A", "adult"], ["p029", "A", "elderly"]], "(8, 'r01')": [["p052", "A", "elderly"], ["p107", "A", "elderly"], ["p115", "A", "adult"]], "(8, 'r02')": [["p032", "B", "elderly"], ["p011", "B", "infant"], ["p075", "B", "elderly"]], "(8, 'r03')": [["p034", "B", "elderly"], ["p056", "B", "adult"]], "(8, 'r04')": [["p090", "B", "elderly"], ["p041", "B", "elderly"], ["p077", "B", "elderly"], ["p054", "B", "elderly"]], "(8, 'r05')": [["p038", "B", "infant"]], "(8, 'r06')": [["p022", "B", "elderly"], ["p025", "B", "elderly"], ["p062", "B", "adult"]], "(8, 'r07')": [["p040", "A", "elderly"], ["p035", "A", "adult"], ["p094", "A", "elderly"], ["p019", "A", "elderly"]], "(8, 'r08')": [["p088", "B", "elderly"], ["p064", "B", "elderly"], ["p061", "B", "elderly"]], "(8, 'r09')": [["p084", "B", "elderly"], ["p058", "B", "elderly"]], "(8, 'r10')": [["p102", "A", "adult"], ["p024", "A", "elderly"], ["p104", "A", "elderly"], ["p087", "A", "adult"]], "(8, 'r11')": [["p030", "B", "elderly"], ["p051", "B", "elderly"], ["p108", "B", "elderly"], ["p008", "B", "elderly"]], "(9, 'r00')": [["p110", "A", "adult"], ["p097", "A", "adult"], ["p069", "A", "adult"]], "(9, 'r01')": [["p052", "A", "elderly"], ["p107", "A", "elderly"], ["p115", "A", "adult"]], "(9, 'r02')": [["p032", "B", "elderly"], ["p011", "B", "infant"], ["p075", "B", "elderly"], ["p120", "B", "elderly"]], "(9, 'r03')": [["p034", "B", "elderly"], ["p056", "B", "adult"]], "(9, 'r04')": [["p041", "B", "elderly"], ["p077", "B", "elderly"], ["p105", "B", "elderly"], ["p054", "B", "elderly"]], "(9, 'r05')": [["p038", "B", "infant"]], "(9, 'r06')": [["p025", "B", "elderly"], ["p062", "B", "adult"]], "(9, 'r07')": [["p040", "A", "elderly"], ["p094", "A", "elderly"], ["p019", "A", "elderly"], ["p072", "A", "elderly"]], "(9, 'r08')": [["p064", "B", "elderly"], ["p061", "B", "elderly"]], "(9, 'r09')": [["p083", "A", "adult"]], "(9, 'r10')": [["p024", "A", "elderly"], ["p104", "A", "elderly"], ["p087", "A", "adult"], ["p010", "A", "elderly"]], "(9, 'r11')": [["p051", "B", "elderly"], ["p081", "B", "adult"]], "(10, 'r00')": [["p110", "A", "adult"], ["p069", "A", "adult"], ["p045", "A", "elderly"], ["p060", "A", "elderly"]], "(10, 'r01')": [["p107", "A", "elderly"], ["p115", "A", "adult"]], "(10, 'r02')": [["p011", "B", "infant"], ["p120", "B", "elderly"], ["p109", "B", "elderly"]], "(10, 'r03')": [["p034", "B", "elderly"], ["p056", "B", "adult"]], "(10, 'r04')": [["p077", "B", "elderly"], ["p105", "B", "elderly"], ["p054", "B", "elderly"]], "(10, 'r05')": [["p038", "B", "infant"]], "(10, 'r06')": [["p025", "B", "elderly"], ["p062", "B", "adult"]], "(10, 'r07')": [["p040", "A", "elderly"], ["p072", "A", "elderly"]], "(10, 'r08')": [["p064", "B", "elderly"]], "(10, 'r09')": [["p083", "A", "adult"]], "(10, 'r10')": [["p024", "A", "elderly"], ["p104", "A", "elderly"], ["p010", "A", "elderly"]], "(10, 'r11')": [["p051", "B", "elderly"], ["p081", "B", "adult"]], "(11, 'r00')": [["p110", "A", "adult"], ["p069", "A", "adult"], ["p045", "A", "elderly"], ["p060", "A", "elderly"]], "(11, 'r01')": [["p107", "A", "elderly"], ["p119", "A", "elderly"]], "(11, 'r02')": [["p011", "B", "infant"], ["p120", "B", "elderly"], ["p071", "B", "elderly"], ["p109", "B", "elderly"]], "(11, 'r03')": [["p034", "B", "elderly"], ["p056", "B", "adult"]], "(11, 'r04')": [["p065", "B", "elderly"], ["p105", "B", "elderly"], ["p057", "B", "elderly"]], "(11, 'r05')": [["p038", "B", "infant"]], "(11, 'r06')": [["p025", "B", "elderly"]], "(11, 'r07')": [["p072", "A", "elderly"], ["p100", "A", "adult"], ["p118", "A", "elderly"]], "(11, 'r08')": [], "(11, 'r09')": [["p043", "A", "adult"], ["p106", "A", "elderly"]], "(11, 'r10')": [["p104", "A", "elderly"], ["p010", "A", "elderly"]], "(11, 'r11')": [["p051", "B", "elderly"], ["p081", "B", "adult"]], "(12, 'r00')": [["p045", "A", "elderly"], ["p060", "A", "elderly"]], "(12, 'r01')": [["p107", "A", "elderly"], ["p119", "A", "elderly"], ["p046", "A", "elderly"]], "(12, 'r02')": [["p011", "B", "infant"], ["p120", "B", "elderly"], ["p071", "B", "elderly"]], "(12, 'r03')": [["p034", "B", "elderly"], ["p056", "B", "adult"]], "(12, 'r04')": [["p065", "B", "elderly"], ["p057", "B", "elderly"]], "(12, 'r05')": [], "(12, 'r06')": [["p025", "B", "elderly"]], "(12, 'r07')": [["p072", "A", "elderly"], ["p100", "A", "adult"], ["p118", "A", "elderly"]], "(12, 'r08')": [["p095", "A", "elderly"]], "(12, 'r09')": [["p043", "A", "adult"], ["p106", "A", "elderly"]], "(12, 'r10')": [["p010", "A", "elderly"]], "(12, 'r11')": [["p051", "B", "elderly"], ["p092", "B", "adult"], ["p081", "B", "adult"]], "(13, 'r00')": [["p045", "A", "elderly"], ["p060", "A", "elderly"], ["p005", "A", "elderly"], ["p070", "A", "elderly"]], "(13, 'r01')": [["p119", "A", "elderly"], ["p067", "A", "elderly"], ["p046", "A", "elderly"]], "(13, 'r02')": [["p011", "B", "infant"], ["p120", "B", "elderly"], ["p071", "B", "elderly"], ["p082", "B", "elderly"]], "(13, 'r03')": [["p034", "B", "elderly"]], "(13, 'r04')": [["p065", "B", "elderly"], ["p057", "B", "elderly"]], "(13, 'r05')": [], "(13, 'r06')": [["p025", "B", "elderly"]], "(13, 'r07')": [["p072", "A", "elderly"], ["p100", "A", "adult"]], "(13, 'r08')": [["p095", "A", "elderly"]], "(13, 'r09')": [["p043", "A", "adult"], ["p106", "A", "elderly"]], "(13, 'r10')": [["p010", "A", "elderly"]], "(13, 'r11')": [["p051", "B", "elderly"], ["p092", "B", "adult"]]}, "theater_allocation": {"(0, 't0')": 0, "(0, 't1')": 0, "(0, 't2')": 600, "(0, 't3')": 600, "(0, 't4')": -840, "(1, 't0')": 0, "(1, 't1')": 720, "(1, 't2')": 720, "(1, 't3')": 600, "(1, 't4')": 240, "(2, 't0')": 600, "(2, 't1')": 600, "(2, 't2')": 720, "(2, 't3')": 600, "(2, 't4')": -750, "(3, 't0')": 720, "(3, 't1')": 600, "(3, 't2')": 600, "(3, 't3')": 720, "(3, 't4')": -360, "(4, 't0')": 600, "(4, 't1')": 720, "(4, 't2')": 600, "(4, 't3')": 720, "(4, 't4')": -930, "(5, 't0')": 600, "(5, 't1')": 0, "(5, 't2')": 0, "(5, 't3')": 0, "(5, 't4')": -330, "(6, 't0')": 0, "(6, 't1')": 0, "(6, 't2')": 600, "(6, 't3')": 720, "(6, 't4')": -1230, "(7, 't0')": 720, "(7, 't1')": 600, "(7, 't2')": 720, "(7, 't3')": 600, "(7, 't4')": -750, "(8, 't0')": 600, "(8, 't1')": 600, "(8, 't2')": 0, "(8, 't3')": 600, "(8, 't4')": -270, "(9, 't0')": 720, "(9, 't1')": 720, "(9, 't2')": 720, "(9, 't3')": 600, "(9, 't4')": -180, "(10, 't0')": 720, "(10, 't1')": 0, "(10, 't2')": 480, "(10, 't3')": 480, "(10, 't4')": 420, "(11, 't0')": 720, "(11, 't1')": 720, "(11, 't2')": 720, "(11, 't3')": 720, "(11, 't4')": -690, "(12, 't0')": 600, "(12, 't1')": 480, "(12, 't2')": 720, "(12, 't3')": 600, "(12, 't4')": 390, "(13, 't0')": 720, "(13, 't1')": 720, "(13, 't2')": 600, "(13, 't3')": 600, "(13, 't4')": -420}, "surgeon_allocation": {"(0, 's0')": 0, "(0, 's1')": 0, "(0, 's2')": 0, "(1, 's0')": 0, "(1, 's1')": 0, "(1, 's2')": 0, "(2, 's0')": 0, "(2, 's1')": 0, "(2, 's2')": 90, "(3, 's0')": 240, "(3, 's1')": 0, "(3, 's2')": 0, "(4, 's0')": 30, "(4, 's1')": 0, "(4, 's2')": 0, "(5, 's0')": 30, "(5, 's1')": 0, "(5, 's2')": 0, "(6, 's0')": 0, "(6, 's1')": 30, "(6, 's2')": 60, "(7, 's0')": 0, "(7, 's1')": 30, "(7, 's2')": 60, "(8, 's0')": 150, "(8, 's1')": 0, "(8, 's2')": 180, "(9, 's0')": 0, "(9, 's1')": 180, "(9, 's2')": 0, "(10, 's0')": 0, "(10, 's1')": 60, "(10, 's2')": 0, "(11, 's0')": 0, "(11, 's1')": 30, "(11, 's2')": 0, "(12, 's0')": 0, "(12, 's1')": 30, "(12, 's2')": 0, "(13, 's0')": 60, "(13, 's1')": 0, "(13, 's2')": 0}, "operator": "['remove_nurse_room']"}