{"patients": [{"id": "p24", "admission_day": 0, "room": "r4", "operating_theater": "t0"}, {"id": "p06", "admission_day": 0, "room": "r4", "operating_theater": "t0"}, {"id": "p07", "admission_day": 0, "room": "r0", "operating_theater": "t0"}, {"id": "p04", "admission_day": 1, "room": "r8", "operating_theater": "t0"}, {"id": "p20", "admission_day": 1, "room": "r4", "operating_theater": "t0"}, {"id": "p10", "admission_day": 1, "room": "r0", "operating_theater": "t1"}, {"id": "p25", "admission_day": 1, "room": "r5", "operating_theater": "t0"}, {"id": "p28", "admission_day": 1, "room": "r8", "operating_theater": "t0"}, {"id": "p03", "admission_day": 1, "room": "r0", "operating_theater": "t0"}, {"id": "p13", "admission_day": 1, "room": "r0", "operating_theater": "t1"}, {"id": "p45", "admission_day": 1, "room": "r1", "operating_theater": "t1"}, {"id": "p15", "admission_day": 1, "room": "r1", "operating_theater": "t1"}, {"id": "p26", "admission_day": 1, "room": "r7", "operating_theater": "t1"}, {"id": "p34", "admission_day": 1, "room": "r7", "operating_theater": "t1"}, {"id": "p14", "admission_day": 2, "room": "r3", "operating_theater": "t0"}, {"id": "p00", "admission_day": 2, "room": "r3", "operating_theater": "t0"}, {"id": "p17", "admission_day": 2, "room": "r3", "operating_theater": "t0"}, {"id": "p36", "admission_day": 3, "room": "r1", "operating_theater": "t0"}, {"id": "p41", "admission_day": 3, "room": "r3", "operating_theater": "t0"}, {"id": "p21", "admission_day": 3, "room": "r6", "operating_theater": "t0"}, {"id": "p18", "admission_day": 3, "room": "r4", "operating_theater": "t0"}, {"id": "p32", "admission_day": 3, "room": "r7", "operating_theater": "t0"}, {"id": "p49", "admission_day": 3, "room": "r7", "operating_theater": "t0"}, {"id": "p01", "admission_day": 4, "room": "r1", "operating_theater": "t0"}, {"id": "p52", "admission_day": 4, "room": "r0", "operating_theater": "t0"}, {"id": "p31", "admission_day": 4, "room": "r3", "operating_theater": "t0"}, {"id": "p50", "admission_day": 4, "room": "r2", "operating_theater": "t0"}, {"id": "p35", "admission_day": 6, "room": "r0", "operating_theater": "t0"}, {"id": "p40", "admission_day": 7, "room": "r7", "operating_theater": "t1"}, {"id": "p30", "admission_day": 7, "room": "r2", "operating_theater": "t1"}, {"id": "p48", "admission_day": 9, "room": "r2", "operating_theater": "t0"}, {"id": "p42", "admission_day": 9, "room": "r3", "operating_theater": "t0"}, {"id": "p53", "admission_day": 9, "room": "r5", "operating_theater": "t0"}, {"id": "p33", "admission_day": 11, "room": "r4", "operating_theater": "t1"}, {"id": "p23", "admission_day": 10, "room": "r0", "operating_theater": "t1"}, {"id": "p47", "admission_day": 13, "room": "r1", "operating_theater": "t1"}, {"id": "p02", "admission_day": 11, "room": "r0", "operating_theater": "t1"}, {"id": "p08", "admission_day": 4, "room": "r4", "operating_theater": "t1"}, {"id": "p09", "admission_day": 7, "room": "r7", "operating_theater": "t0"}, {"id": "p11", "admission_day": 4, "room": "r8", "operating_theater": "t1"}, {"id": "p12", "admission_day": 13, "room": "r6", "operating_theater": "t1"}, {"id": "p19", "admission_day": 2, "room": "r4", "operating_theater": "t0"}, {"id": "p22", "admission_day": 7, "room": "r1", "operating_theater": "t0"}, {"id": "p27", "admission_day": 6, "room": "r4", "operating_theater": "t0"}, {"id": "p29", "admission_day": 4, "room": "r8", "operating_theater": "t0"}, {"id": "p37", "admission_day": 7, "room": "r4", "operating_theater": "t0"}, {"id": "p38", "admission_day": 13, "room": "r7", "operating_theater": "t1"}, {"id": "p39", "admission_day": 6, "room": "r0", "operating_theater": "t0"}, {"id": "p43", "admission_day": 13, "room": "r3", "operating_theater": "t1"}, {"id": "p44", "admission_day": 10, "room": "r8", "operating_theater": "t1"}, {"id": "p46", "admission_day": 11, "room": "r4", "operating_theater": "t1"}, {"id": "p51", "admission_day": 13, "room": "r3", "operating_theater": "t1"}], "nurses": [{"id": "n00", "assignments": [{"day": 0, "shift": "late", "rooms": ["r0", "r1"]}, {"day": 1, "shift": "night", "rooms": ["r0", "r1", "r2", "r3", "r4"]}, {"day": 2, "shift": "night", "rooms": ["r0", "r1", "r2", "r3"]}, {"day": 3, "shift": "night", "rooms": ["r0", "r1", "r2", "r3"]}, {"day": 4, "shift": "night", "rooms": ["r0", "r1", "r2", "r3"]}, {"day": 5, "shift": "night", "rooms": ["r0", "r1", "r2", "r3"]}, {"day": 7, "shift": "late", "rooms": ["r0", "r1", "r2", "r3", "r4"]}, {"day": 8, "shift": "night", "rooms": ["r0", "r1", "r2", "r3", "r4", "r5", "r6", "r7", "r8"]}, {"day": 9, "shift": "night", "rooms": ["r0", "r1", "r2"]}, {"day": 11, "shift": "early", "rooms": ["r0", "r1", "r2", "r3", "r4", "r5", "r6", "r7", "r8"]}, {"day": 12, "shift": "early", "rooms": ["r0", "r1", "r2", "r3", "r4", "r5", "r6", "r7", "r8"]}, {"day": 13, "shift": "night", "rooms": ["r0", "r1", "r2", "r3", "r4", "r5", "r6", "r7", "r8"]}]}, {"id": "n01", "assignments": [{"day": 0, "shift": "night", "rooms": ["r0", "r1", "r2", "r3", "r4"]}, {"day": 2, "shift": "early", "rooms": ["r0"]}, {"day": 3, "shift": "late", "rooms": ["r0", "r1"]}, {"day": 4, "shift": "night", "rooms": ["r4", "r6", "r5", "r7"]}, {"day": 5, "shift": "night", "rooms": ["r4", "r5", "r6", "r7", "r8"]}, {"day": 6, "shift": "night", "rooms": ["r0", "r1", "r2"]}, {"day": 7, "shift": "night", "rooms": ["r0", "r1", "r2", "r3"]}, {"day": 10, "shift": "late", "rooms": ["r0", "r1", "r2", "r3"]}, {"day": 11, "shift": "late", "rooms": ["r0", "r1", "r2", "r3"]}, {"day": 13, "shift": "early", "rooms": ["r8", "r7", "r6", "r1", "r5", "r4", "r2", "r0"]}]}, {"id": "n02", "assignments": [{"day": 0, "shift": "night", "rooms": ["r5", "r6", "r7", "r8"]}, {"day": 2, "shift": "early", "rooms": ["r4", "r2"]}, {"day": 3, "shift": "early", "rooms": ["r0", "r1"]}, {"day": 4, "shift": "early", "rooms": ["r0", "r1"]}, {"day": 5, "shift": "early", "rooms": ["r0"]}, {"day": 6, "shift": "early", "rooms": ["r0", "r1", "r2"]}, {"day": 7, "shift": "night", "rooms": ["r5", "r6", "r7", "r4"]}, {"day": 9, "shift": "night", "rooms": ["r3", "r4", "r5", "r6", "r7", "r8"]}, {"day": 10, "shift": "night", "rooms": ["r0", "r1", "r5", "r7", "r3", "r8", "r4", "r2"]}, {"day": 11, "shift": "night", "rooms": ["r0", "r1", "r2", "r3", "r4", "r5", "r6", "r7", "r8"]}, {"day": 13, "shift": "late", "rooms": ["r0", "r1", "r2", "r3", "r4", "r5", "r6", "r7", "r8"]}, {"day": 8, "shift": "night", "rooms": ["r7"]}]}, {"id": "n03", "assignments": [{"day": 0, "shift": "late", "rooms": ["r4", "r3"]}, {"day": 1, "shift": "night", "rooms": ["r5", "r6", "r7", "r8"]}, {"day": 2, "shift": "night", "rooms": ["r4", "r5", "r6", "r7"]}, {"day": 3, "shift": "night", "rooms": ["r4", "r5", "r6"]}, {"day": 4, "shift": "night", "rooms": ["r8"]}, {"day": 6, "shift": "early", "rooms": ["r3", "r4", "r5", "r6"]}, {"day": 7, "shift": "early", "rooms": ["r0", "r1", "r2"]}, {"day": 8, "shift": "early", "rooms": ["r0", "r1", "r2"]}, {"day": 9, "shift": "early", "rooms": ["r0", "r1", "r2"]}, {"day": 10, "shift": "early", "rooms": ["r0", "r1", "r2"]}, {"day": 11, "shift": "late", "rooms": ["r4", "r5", "r6", "r7", "r8"]}, {"day": 12, "shift": "night", "rooms": ["r0", "r1", "r2", "r3", "r4", "r5", "r6", "r7", "r8"]}]}, {"id": "n04", "assignments": [{"day": 0, "shift": "late", "rooms": ["r5", "r6", "r7", "r8"]}, {"day": 2, "shift": "early", "rooms": ["r5", "r6", "r7", "r8"]}, {"day": 3, "shift": "early", "rooms": ["r2", "r3"]}, {"day": 4, "shift": "late", "rooms": ["r0", "r1"]}, {"day": 6, "shift": "night", "rooms": ["r8", "r5", "r3", "r4", "r7"]}, {"day": 9, "shift": "early", "rooms": ["r3", "r4", "r5", "r6", "r7", "r8"]}, {"day": 10, "shift": "early", "rooms": ["r3", "r4", "r5", "r6", "r7", "r8"]}, {"day": 13, "shift": "early", "rooms": ["r3"]}, {"day": 7, "shift": "night", "rooms": ["r4", "r8"]}, {"day": 11, "shift": "early", "rooms": []}, {"day": 5, "shift": "night", "rooms": ["r4", "r8"]}]}, {"id": "n05", "assignments": [{"day": 2, "shift": "night", "rooms": ["r8"]}, {"day": 3, "shift": "night", "rooms": ["r7", "r8"]}, {"day": 5, "shift": "late", "rooms": ["r0", "r1"]}, {"day": 6, "shift": "late", "rooms": ["r0"]}, {"day": 7, "shift": "late", "rooms": ["r7", "r6", "r5"]}, {"day": 8, "shift": "late", "rooms": ["r0", "r6", "r1", "r2"]}, {"day": 10, "shift": "late", "rooms": ["r4", "r5", "r6", "r7", "r8"]}, {"day": 12, "shift": "late", "rooms": ["r2", "r1", "r3"]}, {"day": 13, "shift": "late", "rooms": []}]}, {"id": "n06", "assignments": [{"day": 2, "shift": "late", "rooms": ["r0"]}, {"day": 3, "shift": "late", "rooms": ["r2"]}, {"day": 6, "shift": "early", "rooms": ["r7", "r8"]}, {"day": 8, "shift": "late", "rooms": ["r3", "r5", "r8", "r7"]}, {"day": 4, "shift": "night", "rooms": ["r8"]}, {"day": 7, "shift": "late", "rooms": ["r8"]}, {"day": 0, "shift": "night", "rooms": ["r8"]}]}, {"id": "n07", "assignments": [{"day": 3, "shift": "late", "rooms": ["r4", "r5"]}, {"day": 4, "shift": "late", "rooms": ["r2", "r3"]}, {"day": 5, "shift": "late", "rooms": ["r4", "r2"]}, {"day": 8, "shift": "night", "rooms": ["r5"]}]}, {"id": "n08", "assignments": [{"day": 5, "shift": "early", "rooms": ["r1"]}, {"day": 12, "shift": "late", "rooms": ["r4", "r5", "r6", "r7", "r8"]}, {"day": 10, "shift": "early", "rooms": []}]}, {"id": "n09", "assignments": [{"day": 1, "shift": "early", "rooms": ["r0", "r1"]}, {"day": 3, "shift": "late", "rooms": ["r6", "r7", "r8"]}, {"day": 5, "shift": "early", "rooms": ["r3", "r4", "r5", "r6", "r7"]}, {"day": 2, "shift": "early", "rooms": ["r3", "r1"]}, {"day": 6, "shift": "early", "rooms": ["r7"]}, {"day": 7, "shift": "late", "rooms": ["r8"]}]}, {"id": "n10", "assignments": [{"day": 1, "shift": "late", "rooms": ["r0", "r1"]}, {"day": 3, "shift": "early", "rooms": ["r4", "r5", "r6"]}, {"day": 4, "shift": "early", "rooms": ["r2", "r3"]}, {"day": 5, "shift": "early", "rooms": []}, {"day": 8, "shift": "early", "rooms": ["r5", "r4", "r8", "r7"]}, {"day": 6, "shift": "night", "rooms": ["r6"]}, {"day": 10, "shift": "late", "rooms": ["r4"]}, {"day": 0, "shift": "late", "rooms": ["r3"]}, {"day": 12, "shift": "late", "rooms": ["r4"]}, {"day": 9, "shift": "early", "rooms": ["r0"]}, {"day": 11, "shift": "late", "rooms": ["r4"]}]}, {"id": "n11", "assignments": [{"day": 2, "shift": "late", "rooms": ["r2", "r3"]}, {"day": 4, "shift": "early", "rooms": ["r4", "r5", "r6", "r7"]}, {"day": 5, "shift": "late", "rooms": ["r6", "r7"]}, {"day": 9, "shift": "late", "rooms": ["r1", "r2"]}]}, {"id": "n12", "assignments": [{"day": 1, "shift": "late", "rooms": ["r2", "r3", "r4", "r5"]}, {"day": 2, "shift": "late", "rooms": ["r4", "r6", "r5", "r7"]}, {"day": 4, "shift": "early", "rooms": ["r8"]}, {"day": 5, "shift": "late", "rooms": ["r5", "r8", "r3"]}, {"day": 7, "shift": "early", "rooms": ["r3", "r4", "r5", "r6", "r7", "r8"]}, {"day": 0, "shift": "late", "rooms": ["r2"]}, {"day": 13, "shift": "early", "rooms": ["r1"]}]}, {"id": "n13", "assignments": [{"day": 0, "shift": "early", "rooms": ["r1", "r0"]}, {"day": 1, "shift": "late", "rooms": ["r6", "r7", "r8"]}, {"day": 2, "shift": "late", "rooms": ["r8", "r7"]}, {"day": 4, "shift": "late", "rooms": ["r6", "r4", "r7"]}, {"day": 6, "shift": "late", "rooms": ["r4", "r3"]}, {"day": 9, "shift": "late", "rooms": ["r3", "r4", "r5", "r6", "r7", "r8"]}, {"day": 3, "shift": "late", "rooms": ["r3"]}, {"day": 5, "shift": "late", "rooms": ["r3"]}]}, {"id": "n14", "assignments": [{"day": 0, "shift": "early", "rooms": ["r7", "r8", "r3", "r6", "r4"]}, {"day": 6, "shift": "late", "rooms": ["r5", "r6", "r7", "r8"]}, {"day": 5, "shift": "early", "rooms": ["r8"]}]}, {"id": "n15", "assignments": [{"day": 1, "shift": "early", "rooms": ["r2", "r3", "r4"]}, {"day": 4, "shift": "late", "rooms": ["r8"]}, {"day": 2, "shift": "late", "rooms": ["r1"]}, {"day": 9, "shift": "late", "rooms": ["r4", "r0", "r3"]}, {"day": 8, "shift": "late", "rooms": ["r4", "r5", "r8"]}, {"day": 6, "shift": "late", "rooms": ["r1", "r2"]}]}, {"id": "n16", "assignments": [{"day": 1, "shift": "early", "rooms": ["r5", "r6", "r7"]}, {"day": 3, "shift": "early", "rooms": ["r7", "r8"]}, {"day": 4, "shift": "late", "rooms": ["r5"]}]}, {"id": "n17", "assignments": [{"day": 1, "shift": "early", "rooms": ["r8"]}, {"day": 12, "shift": "late", "rooms": ["r0"]}, {"day": 0, "shift": "early", "rooms": ["r2"]}, {"day": 9, "shift": "late", "rooms": ["r1"]}, {"day": 2, "shift": "night", "rooms": ["r8"]}, {"day": 5, "shift": "early", "rooms": ["r2"]}]}], "room_allocation": {"(0, 'r0')": [["a2", "A", "elderly"], ["p07", "A", "elderly"]], "(0, 'r1')": [["a1", "A", "elderly"], ["a3", "A", "elderly"]], "(0, 'r2')": [["a4", "B", "adult"], ["a8", "B", "elderly"]], "(0, 'r3')": [["a5", "A", "elderly"]], "(0, 'r4')": [["a0", "B", "elderly"], ["p24", "B", "elderly"], ["p06", "B", "elderly"]], "(0, 'r5')": [], "(0, 'r6')": [["a7", "A", "adult"]], "(0, 'r7')": [], "(0, 'r8')": [["a6", "B", "infant"]], "(1, 'r0')": [["p07", "A", "elderly"], ["p10", "A", "elderly"], ["p03", "A", "elderly"], ["p13", "A", "elderly"]], "(1, 'r1')": [["a1", "A", "elderly"], ["a3", "A", "elderly"], ["p45", "A", "elderly"], ["p15", "A", "adult"]], "(1, 'r2')": [["a4", "B", "adult"], ["a8", "B", "elderly"]], "(1, 'r3')": [["a5", "A", "elderly"]], "(1, 'r4')": [["p24", "B", "elderly"], ["p06", "B", "elderly"], ["p20", "B", "elderly"]], "(1, 'r5')": [["p25", "B", "infant"]], "(1, 'r6')": [["a7", "A", "adult"]], "(1, 'r7')": [["p26", "B", "elderly"], ["p34", "B", "adult"]], "(1, 'r8')": [["a6", "B", "infant"], ["p04", "B", "elderly"], ["p28", "B", "adult"]], "(2, 'r0')": [["p07", "A", "elderly"], ["p10", "A", "elderly"], ["p03", "A", "elderly"], ["p13", "A", "elderly"]], "(2, 'r1')": [["a1", "A", "elderly"], ["a3", "A", "elderly"], ["p45", "A", "elderly"], ["p15", "A", "adult"]], "(2, 'r2')": [["a4", "B", "adult"], ["a8", "B", "elderly"]], "(2, 'r3')": [["p14", "B", "elderly"], ["p00", "B", "adult"], ["p17", "B", "elderly"]], "(2, 'r4')": [["p24", "B", "elderly"], ["p06", "B", "elderly"], ["p20", "B", "elderly"], ["p19", "B", "elderly"]], "(2, 'r5')": [["p25", "B", "infant"]], "(2, 'r6')": [["a7", "A", "adult"]], "(2, 'r7')": [["p26", "B", "elderly"], ["p34", "B", "adult"]], "(2, 'r8')": [["a6", "B", "infant"], ["p04", "B", "elderly"], ["p28", "B", "adult"]], "(3, 'r0')": [["p07", "A", "elderly"], ["p10", "A", "elderly"], ["p03", "A", "elderly"], ["p13", "A", "elderly"]], "(3, 'r1')": [["a1", "A", "elderly"], ["a3", "A", "elderly"], ["p45", "A", "elderly"], ["p36", "A", "infant"]], "(3, 'r2')": [["a4", "B", "adult"], ["a8", "B", "elderly"]], "(3, 'r3')": [["p14", "B", "elderly"], ["p00", "B", "adult"], ["p17", "B", "elderly"], ["p41", "B", "adult"]], "(3, 'r4')": [["p24", "B", "elderly"], ["p20", "B", "elderly"], ["p18", "B", "elderly"], ["p19", "B", "elderly"]], "(3, 'r5')": [["p25", "B", "infant"]], "(3, 'r6')": [["a7", "A", "adult"], ["p21", "A", "elderly"]], "(3, 'r7')": [["p26", "B", "elderly"], ["p34", "B", "adult"], ["p32", "B", "elderly"], ["p49", "B", "adult"]], "(3, 'r8')": [["a6", "B", "infant"], ["p04", "B", "elderly"], ["p28", "B", "adult"]], "(4, 'r0')": [["p10", "A", "elderly"], ["p03", "A", "elderly"], ["p13", "A", "elderly"], ["p52", "A", "elderly"]], "(4, 'r1')": [["a3", "A", "elderly"], ["p45", "A", "elderly"], ["p36", "A", "infant"], ["p01", "A", "adult"]], "(4, 'r2')": [["a8", "B", "elderly"], ["p50", "B", "elderly"]], "(4, 'r3')": [["p00", "B", "adult"], ["p17", "B", "elderly"], ["p41", "B", "adult"], ["p31", "B", "elderly"]], "(4, 'r4')": [["p18", "B", "elderly"], ["p08", "B", "elderly"], ["p19", "B", "elderly"]], "(4, 'r5')": [["p25", "B", "infant"]], "(4, 'r6')": [["a7", "A", "adult"], ["p21", "A", "elderly"]], "(4, 'r7')": [["p26", "B", "elderly"], ["p34", "B", "adult"], ["p32", "B", "elderly"], ["p49", "B", "adult"]], "(4, 'r8')": [["a6", "B", "infant"], ["p11", "B", "elderly"], ["p29", "B", "elderly"]], "(5, 'r0')": [["p10", "A", "elderly"], ["p13", "A", "elderly"], ["p52", "A", "elderly"]], "(5, 'r1')": [["a3", "A", "elderly"], ["p45", "A", "elderly"], ["p36", "A", "infant"], ["p01", "A", "adult"]], "(5, 'r2')": [["a8", "B", "elderly"], ["p50", "B", "elderly"]], "(5, 'r3')": [["p00", "B", "adult"], ["p41", "B", "adult"], ["p31", "B", "elderly"]], "(5, 'r4')": [["p18", "B", "elderly"], ["p08", "B", "elderly"], ["p19", "B", "elderly"]], "(5, 'r5')": [["p25", "B", "infant"]], "(5, 'r6')": [["a7", "A", "adult"], ["p21", "A", "elderly"]], "(5, 'r7')": [["p26", "B", "elderly"], ["p32", "B", "elderly"]], "(5, 'r8')": [["a6", "B", "infant"], ["p11", "B", "elderly"], ["p29", "B", "elderly"]], "(6, 'r0')": [["p13", "A", "elderly"], ["p52", "A", "elderly"], ["p35", "A", "elderly"], ["p39", "A", "elderly"]], "(6, 'r1')": [["a3", "A", "elderly"], ["p45", "A", "elderly"], ["p01", "A", "adult"]], "(6, 'r2')": [["a8", "B", "elderly"], ["p50", "B", "elderly"]], "(6, 'r3')": [["p00", "B", "adult"], ["p31", "B", "elderly"]], "(6, 'r4')": [["p18", "B", "elderly"], ["p08", "B", "elderly"], ["p19", "B", "elderly"], ["p27", "B", "elderly"]], "(6, 'r5')": [["p25", "B", "infant"]], "(6, 'r6')": [["a7", "A", "adult"], ["p21", "A", "elderly"]], "(6, 'r7')": [["p26", "B", "elderly"], ["p32", "B", "elderly"]], "(6, 'r8')": [["a6", "B", "infant"], ["p11", "B", "elderly"], ["p29", "B", "elderly"]], "(7, 'r0')": [["p52", "A", "elderly"], ["p35", "A", "elderly"], ["p39", "A", "elderly"]], "(7, 'r1')": [["a3", "A", "elderly"], ["p22", "A", "elderly"]], "(7, 'r2')": [["p50", "B", "elderly"], ["p30", "B", "adult"]], "(7, 'r3')": [["p00", "B", "adult"]], "(7, 'r4')": [["p18", "B", "elderly"], ["p19", "B", "elderly"], ["p27", "B", "elderly"], ["p37", "B", "elderly"]], "(7, 'r5')": [["p25", "B", "infant"]], "(7, 'r6')": [["a7", "A", "adult"]], "(7, 'r7')": [["p40", "A", "elderly"], ["p09", "A", "elderly"]], "(7, 'r8')": [["p29", "B", "elderly"]], "(8, 'r0')": [["p52", "A", "elderly"], ["p35", "A", "elderly"], ["p39", "A", "elderly"]], "(8, 'r1')": [["a3", "A", "elderly"], ["p22", "A", "elderly"]], "(8, 'r2')": [["p30", "B", "adult"]], "(8, 'r3')": [], "(8, 'r4')": [["p19", "B", "elderly"], ["p27", "B", "elderly"], ["p37", "B", "elderly"]], "(8, 'r5')": [["p25", "B", "infant"]], "(8, 'r6')": [], "(8, 'r7')": [["p40", "A", "elderly"], ["p09", "A", "elderly"]], "(8, 'r8')": [["p29", "B", "elderly"]], "(9, 'r0')": [["p35", "A", "elderly"], ["p39", "A", "elderly"]], "(9, 'r1')": [["a3", "A", "elderly"]], "(9, 'r2')": [["p30", "B", "adult"], ["p48", "B", "infant"]], "(9, 'r3')": [["p42", "B", "elderly"]], "(9, 'r4')": [["p37", "B", "elderly"]], "(9, 'r5')": [["p53", "B", "elderly"]], "(9, 'r6')": [], "(9, 'r7')": [["p40", "A", "elderly"], ["p09", "A", "elderly"]], "(9, 'r8')": [], "(10, 'r0')": [["p35", "A", "elderly"], ["p23", "A", "elderly"]], "(10, 'r1')": [], "(10, 'r2')": [["p30", "B", "adult"], ["p48", "B", "infant"]], "(10, 'r3')": [["p42", "B", "elderly"]], "(10, 'r4')": [["p37", "B", "elderly"]], "(10, 'r5')": [["p53", "B", "elderly"]], "(10, 'r6')": [], "(10, 'r7')": [["p40", "A", "elderly"]], "(10, 'r8')": [["p44", "B", "adult"]], "(11, 'r0')": [["p23", "A", "elderly"], ["p02", "A", "elderly"]], "(11, 'r1')": [], "(11, 'r2')": [["p30", "B", "adult"], ["p48", "B", "infant"]], "(11, 'r3')": [["p42", "B", "elderly"]], "(11, 'r4')": [["p33", "A", "elderly"], ["p46", "A", "elderly"]], "(11, 'r5')": [["p53", "B", "elderly"]], "(11, 'r6')": [], "(11, 'r7')": [], "(11, 'r8')": [["p44", "B", "adult"]], "(12, 'r0')": [["p02", "A", "elderly"]], "(12, 'r1')": [], "(12, 'r2')": [["p30", "B", "adult"], ["p48", "B", "infant"]], "(12, 'r3')": [["p42", "B", "elderly"]], "(12, 'r4')": [["p33", "A", "elderly"], ["p46", "A", "elderly"]], "(12, 'r5')": [["p53", "B", "elderly"]], "(12, 'r6')": [], "(12, 'r7')": [], "(12, 'r8')": [["p44", "B", "adult"]], "(13, 'r0')": [["p02", "A", "elderly"]], "(13, 'r1')": [["p47", "B", "adult"]], "(13, 'r2')": [["p48", "B", "infant"]], "(13, 'r3')": [["p43", "A", "elderly"], ["p51", "A", "infant"]], "(13, 'r4')": [["p33", "A", "elderly"]], "(13, 'r5')": [], "(13, 'r6')": [["p12", "A", "elderly"]], "(13, 'r7')": [["p38", "A", "adult"]], "(13, 'r8')": [["p44", "B", "adult"]]}, "theater_allocation": {"(0, 't0')": 720, "(0, 't1')": 180, "(1, 't0')": 600, "(1, 't1')": -360, "(2, 't0')": 720, "(2, 't1')": 90, "(3, 't0')": 720, "(3, 't1')": 30, "(4, 't0')": 720, "(4, 't1')": -150, "(5, 't0')": 480, "(5, 't1')": 0, "(6, 't0')": 600, "(6, 't1')": 240, "(7, 't0')": 600, "(7, 't1')": 30, "(8, 't0')": 600, "(8, 't1')": 600, "(9, 't0')": 720, "(9, 't1')": 270, "(10, 't0')": 0, "(10, 't1')": 360, "(11, 't0')": 0, "(11, 't1')": 330, "(12, 't0')": 480, "(12, 't1')": 480, "(13, 't0')": 720, "(13, 't1')": 0}, "surgeon_allocation": {"(0, 's0')": 0, "(0, 's1')": 60, "(1, 's0')": 0, "(1, 's1')": 0, "(2, 's0')": 0, "(2, 's1')": 90, "(3, 's0')": 270, "(3, 's1')": 120, "(4, 's0')": 180, "(4, 's1')": 30, "(5, 's0')": 0, "(5, 's1')": 0, "(6, 's0')": 0, "(6, 's1')": 0, "(7, 's0')": 120, "(7, 's1')": 150, "(8, 's0')": 0, "(8, 's1')": 480, "(9, 's0')": 0, "(9, 's1')": 150, "(10, 's0')": 120, "(10, 's1')": 0, "(11, 's0')": 210, "(11, 's1')": 360, "(12, 's0')": 360, "(12, 's1')": 480, "(13, 's0')": 0, "(13, 's1')": 240}, "operator": "['remove_nurse_room']"}