{"patients": [{"id": "p117", "admission_day": 0, "room": "r03", "operating_theater": "t0"}, {"id": "p144", "admission_day": 0, "room": "r03", "operating_theater": "t2"}, {"id": "p033", "admission_day": 0, "room": "r01", "operating_theater": "t0"}, {"id": "p034", "admission_day": 0, "room": "r00", "operating_theater": "t0"}, {"id": "p122", "admission_day": 0, "room": "r00", "operating_theater": "t1"}, {"id": "p070", "admission_day": 0, "room": "r01", "operating_theater": "t1"}, {"id": "p037", "admission_day": 0, "room": "r05", "operating_theater": "t0"}, {"id": "p047", "admission_day": 0, "room": "r12", "operating_theater": "t0"}, {"id": "p090", "admission_day": 0, "room": "r04", "operating_theater": "t2"}, {"id": "p138", "admission_day": 0, "room": "r03", "operating_theater": "t2"}, {"id": "p025", "admission_day": 1, "room": "r02", "operating_theater": "t0"}, {"id": "p119", "admission_day": 1, "room": "r09", "operating_theater": "t2"}, {"id": "p100", "admission_day": 1, "room": "r01", "operating_theater": "t0"}, {"id": "p000", "admission_day": 1, "room": "r07", "operating_theater": "t0"}, {"id": "p003", "admission_day": 9, "room": "r07", "operating_theater": "t6"}, {"id": "p005", "admission_day": 13, "room": "r08", "operating_theater": "t5"}, {"id": "p032", "admission_day": 1, "room": "r15", "operating_theater": "t1"}, {"id": "p066", "admission_day": 1, "room": "r06", "operating_theater": "t1"}, {"id": "p102", "admission_day": 13, "room": "r03", "operating_theater": "t4"}, {"id": "p105", "admission_day": 11, "room": "r10", "operating_theater": "t3"}, {"id": "p078", "admission_day": 2, "room": "r03", "operating_theater": "t0"}, {"id": "p027", "admission_day": 2, "room": "r08", "operating_theater": "t0"}, {"id": "p050", "admission_day": 2, "room": "r01", "operating_theater": "t0"}, {"id": "p130", "admission_day": 2, "room": "r08", "operating_theater": "t0"}, {"id": "p056", "admission_day": 2, "room": "r08", "operating_theater": "t0"}, {"id": "p072", "admission_day": 13, "room": "r08", "operating_theater": "t6"}, {"id": "p096", "admission_day": 2, "room": "r08", "operating_theater": "t1"}, {"id": "p098", "admission_day": 2, "room": "r11", "operating_theater": "t1"}, {"id": "p135", "admission_day": 11, "room": "r08", "operating_theater": "t2"}, {"id": "p016", "admission_day": 3, "room": "r00", "operating_theater": "t0"}, {"id": "p031", "admission_day": 3, "room": "r01", "operating_theater": "t1"}, {"id": "p126", "admission_day": 9, "room": "r02", "operating_theater": "t4"}, {"id": "p074", "admission_day": 3, "room": "r02", "operating_theater": "t0"}, {"id": "p091", "admission_day": 3, "room": "r05", "operating_theater": "t0"}, {"id": "p057", "admission_day": 3, "room": "r12", "operating_theater": "t1"}, {"id": "p109", "admission_day": 3, "room": "r10", "operating_theater": "t0"}, {"id": "p046", "admission_day": 7, "room": "r13", "operating_theater": "t3"}, {"id": "p049", "admission_day": 4, "room": "r09", "operating_theater": "t0"}, {"id": "p061", "admission_day": 4, "room": "r06", "operating_theater": "t4"}, {"id": "p035", "admission_day": 7, "room": "r13", "operating_theater": "t0"}, {"id": "p142", "admission_day": 11, "room": "r01", "operating_theater": "t2"}, {"id": "p093", "admission_day": 10, "room": "r00", "operating_theater": "t1"}, {"id": "p121", "admission_day": 11, "room": "r00", "operating_theater": "t0"}, {"id": "p028", "admission_day": 13, "room": "r00", "operating_theater": "t5"}, {"id": "p001", "admission_day": 5, "room": "r03", "operating_theater": "t5"}, {"id": "p004", "admission_day": 11, "room": "r01", "operating_theater": "t2"}, {"id": "p006", "admission_day": "none"}, {"id": "p007", "admission_day": 10, "room": "r06", "operating_theater": "t1"}, {"id": "p008", "admission_day": 13, "room": "r10", "operating_theater": "t4"}, {"id": "p009", "admission_day": 2, "room": "r01", "operating_theater": "t0"}, {"id": "p010", "admission_day": 2, "room": "r09", "operating_theater": "t5"}, {"id": "p011", "admission_day": 8, "room": "r14", "operating_theater": "t4"}, {"id": "p012", "admission_day": "none"}, {"id": "p013", "admission_day": 2, "room": "r11", "operating_theater": "t0"}, {"id": "p014", "admission_day": "none"}, {"id": "p015", "admission_day": 13, "room": "r02", "operating_theater": "t4"}, {"id": "p017", "admission_day": 11, "room": "r05", "operating_theater": "t1"}, {"id": "p018", "admission_day": 11, "room": "r04", "operating_theater": "t1"}, {"id": "p019", "admission_day": "none"}, {"id": "p020", "admission_day": 13, "room": "r15", "operating_theater": "t2"}, {"id": "p021", "admission_day": 4, "room": "r10", "operating_theater": "t3"}, {"id": "p022", "admission_day": "none"}, {"id": "p023", "admission_day": 10, "room": "r07", "operating_theater": "t1"}, {"id": "p024", "admission_day": "none"}, {"id": "p029", "admission_day": 13, "room": "r10", "operating_theater": "t4"}, {"id": "p030", "admission_day": 4, "room": "r07", "operating_theater": "t3"}, {"id": "p036", "admission_day": "none"}, {"id": "p038", "admission_day": "none"}, {"id": "p039", "admission_day": 2, "room": "r04", "operating_theater": "t1"}, {"id": "p040", "admission_day": 4, "room": "r13", "operating_theater": "t4"}, {"id": "p041", "admission_day": 13, "room": "r13", "operating_theater": "t1"}, {"id": "p042", "admission_day": 7, "room": "r12", "operating_theater": "t3"}, {"id": "p043", "admission_day": 11, "room": "r14", "operating_theater": "t3"}, {"id": "p044", "admission_day": 4, "room": "r02", "operating_theater": "t5"}, {"id": "p045", "admission_day": 9, "room": "r02", "operating_theater": "t4"}, {"id": "p048", "admission_day": 11, "room": "r00", "operating_theater": "t3"}, {"id": "p052", "admission_day": 7, "room": "r15", "operating_theater": "t1"}, {"id": "p053", "admission_day": "none"}, {"id": "p054", "admission_day": 4, "room": "r10", "operating_theater": "t0"}, {"id": "p055", "admission_day": "none"}, {"id": "p058", "admission_day": 6, "room": "r07", "operating_theater": "t5"}, {"id": "p059", "admission_day": "none"}, {"id": "p060", "admission_day": "none"}, {"id": "p062", "admission_day": 13, "room": "r11", "operating_theater": "t1"}, {"id": "p064", "admission_day": 13, "room": "r08", "operating_theater": "t4"}, {"id": "p067", "admission_day": "none"}, {"id": "p068", "admission_day": 13, "room": "r13", "operating_theater": "t5"}, {"id": "p069", "admission_day": "none"}, {"id": "p071", "admission_day": 0, "room": "r04", "operating_theater": "t5"}, {"id": "p073", "admission_day": "none"}, {"id": "p075", "admission_day": 8, "room": "r00", "operating_theater": "t4"}, {"id": "p076", "admission_day": 2, "room": "r12", "operating_theater": "t5"}, {"id": "p077", "admission_day": 7, "room": "r11", "operating_theater": "t2"}, {"id": "p079", "admission_day": 2, "room": "r03", "operating_theater": "t5"}, {"id": "p080", "admission_day": 7, "room": "r02", "operating_theater": "t3"}, {"id": "p081", "admission_day": "none"}, {"id": "p082", "admission_day": "none"}, {"id": "p083", "admission_day": 9, "room": "r01", "operating_theater": "t4"}, {"id": "p084", "admission_day": 0, "room": "r10", "operating_theater": "t5"}, {"id": "p085", "admission_day": "none"}, {"id": "p086", "admission_day": 2, "room": "r14", "operating_theater": "t5"}, {"id": "p087", "admission_day": 4, "room": "r02", "operating_theater": "t5"}, {"id": "p088", "admission_day": "none"}, {"id": "p089", "admission_day": 4, "room": "r01", "operating_theater": "t5"}, {"id": "p092", "admission_day": 1, "room": "r14", "operating_theater": "t2"}, {"id": "p094", "admission_day": 4, "room": "r00", "operating_theater": "t0"}, {"id": "p095", "admission_day": 1, "room": "r10", "operating_theater": "t2"}, {"id": "p097", "admission_day": 5, "room": "r12", "operating_theater": "t5"}, {"id": "p099", "admission_day": "none"}, {"id": "p101", "admission_day": 9, "room": "r05", "operating_theater": "t3"}, {"id": "p103", "admission_day": 13, "room": "r03", "operating_theater": "t2"}, {"id": "p104", "admission_day": 0, "room": "r12", "operating_theater": "t0"}, {"id": "p106", "admission_day": 13, "room": "r12", "operating_theater": "t1"}, {"id": "p108", "admission_day": "none"}, {"id": "p110", "admission_day": "none"}, {"id": "p111", "admission_day": 11, "room": "r01", "operating_theater": "t0"}, {"id": "p112", "admission_day": "none"}, {"id": "p114", "admission_day": "none"}, {"id": "p116", "admission_day": 11, "room": "r03", "operating_theater": "t2"}, {"id": "p118", "admission_day": 5, "room": "r12", "operating_theater": "t5"}, {"id": "p120", "admission_day": 4, "room": "r05", "operating_theater": "t5"}, {"id": "p123", "admission_day": 8, "room": "r12", "operating_theater": "t4"}, {"id": "p124", "admission_day": 7, "room": "r07", "operating_theater": "t0"}, {"id": "p125", "admission_day": 2, "room": "r15", "operating_theater": "t5"}, {"id": "p127", "admission_day": 9, "room": "r09", "operating_theater": "t3"}, {"id": "p128", "admission_day": 13, "room": "r12", "operating_theater": "t5"}, {"id": "p129", "admission_day": 8, "room": "r15", "operating_theater": "t5"}, {"id": "p131", "admission_day": 6, "room": "r01", "operating_theater": "t5"}, {"id": "p132", "admission_day": "none"}, {"id": "p133", "admission_day": "none"}, {"id": "p134", "admission_day": "none"}, {"id": "p136", "admission_day": 7, "room": "r10", "operating_theater": "t1"}, {"id": "p137", "admission_day": 8, "room": "r11", "operating_theater": "t5"}, {"id": "p139", "admission_day": 13, "room": "r06", "operating_theater": "t2"}, {"id": "p140", "admission_day": 7, "room": "r12", "operating_theater": "t3"}, {"id": "p141", "admission_day": 1, "room": "r04", "operating_theater": "t2"}, {"id": "p143", "admission_day": "none"}, {"id": "p145", "admission_day": "none"}], "nurses": [{"id": "n000", "assignments": [{"day": 0, "shift": "night", "rooms": ["r00", "r01"]}, {"day": 2, "shift": "early", "rooms": ["r00"]}, {"day": 3, "shift": "late", "rooms": ["r00", "r01"]}, {"day": 4, "shift": "late", "rooms": ["r00"]}, {"day": 5, "shift": "late", "rooms": ["r00", "r01", "r02", "r03"]}, {"day": 6, "shift": "late", "rooms": ["r00", "r01", "r02", "r03"]}, {"day": 7, "shift": "late", "rooms": ["r00", "r01", "r02", "r03"]}, {"day": 8, "shift": "late", "rooms": ["r15", "r05", "r08", "r01", "r10", "r13", "r09", "r14", "r07", "r04", "r00", "r06", "r03", "r12", "r02"]}, {"day": 9, "shift": "late", "rooms": ["r00", "r01", "r02", "r03", "r04", "r05", "r06", "r07", "r08", "r09", "r10", "r11", "r12", "r13", "r14", "r15"]}, {"day": 11, "shift": "early", "rooms": ["r00", "r01", "r02", "r03", "r04", "r05", "r06", "r07", "r08", "r09", "r10", "r11", "r12", "r13", "r14", "r15"]}, {"day": 12, "shift": "early", "rooms": ["r00", "r01", "r02", "r03", "r04", "r05", "r06", "r07", "r08", "r09", "r10", "r11", "r12", "r13", "r14", "r15"]}]}, {"id": "n001", "assignments": [{"day": 0, "shift": "late", "rooms": ["r00", "r01"]}, {"day": 2, "shift": "late", "rooms": ["r00", "r01"]}, {"day": 3, "shift": "night", "rooms": ["r00", "r01", "r02", "r03"]}, {"day": 4, "shift": "night", "rooms": ["r00", "r01", "r02", "r03"]}, {"day": 6, "shift": "night", "rooms": ["r00", "r01", "r02", "r03", "r04", "r05"]}, {"day": 10, "shift": "night", "rooms": ["r00", "r01", "r02", "r03", "r04", "r05", "r06", "r07", "r08", "r09", "r10", "r11", "r12", "r13", "r14", "r15"]}, {"day": 11, "shift": "night", "rooms": ["r00", "r01", "r02", "r03", "r04", "r05", "r06", "r07", "r08", "r09", "r10", "r11", "r12", "r13", "r14", "r15"]}, {"day": 13, "shift": "early", "rooms": ["r00", "r01", "r02", "r03", "r04", "r05", "r06", "r07", "r08", "r09", "r10", "r11", "r12", "r13", "r14", "r15"]}, {"day": 8, "shift": "late", "rooms": ["r11"]}]}, {"id": "n002", "assignments": [{"day": 0, "shift": "late", "rooms": ["r02", "r03", "r04"]}, {"day": 1, "shift": "late", "rooms": ["r00", "r01"]}, {"day": 2, "shift": "night", "rooms": ["r00", "r01", "r02", "r03"]}, {"day": 3, "shift": "night", "rooms": ["r04", "r05", "r06", "r08", "r07"]}, {"day": 5, "shift": "night", "rooms": ["r00", "r01", "r02", "r03", "r04"]}, {"day": 7, "shift": "early", "rooms": ["r00", "r01", "r02", "r03", "r04", "r05", "r06", "r07", "r08", "r09"]}, {"day": 10, "shift": "late", "rooms": ["r00"]}, {"day": 12, "shift": "night", "rooms": ["r00", "r01", "r02", "r03", "r04", "r05", "r06", "r07", "r08", "r09", "r10", "r11", "r12", "r13", "r14", "r15"]}, {"day": 13, "shift": "night", "rooms": ["r00", "r01", "r02", "r03", "r04", "r05", "r06", "r07", "r08", "r09", "r10", "r11", "r12", "r13", "r14", "r15"]}]}, {"id": "n003", "assignments": [{"day": 0, "shift": "night", "rooms": ["r02", "r03", "r04", "r05", "r06", "r07", "r08"]}, {"day": 2, "shift": "early", "rooms": ["r01"]}, {"day": 3, "shift": "early", "rooms": ["r00", "r01"]}, {"day": 4, "shift": "early", "rooms": ["r00"]}, {"day": 5, "shift": "late", "rooms": ["r04", "r05", "r06", "r07", "r08"]}, {"day": 6, "shift": "night", "rooms": ["r06", "r07", "r08", "r09", "r10", "r11"]}, {"day": 7, "shift": "night", "rooms": ["r00", "r01", "r02", "r03", "r04", "r05", "r06", "r07", "r08", "r09", "r10"]}, {"day": 8, "shift": "night", "rooms": ["r00", "r01", "r02", "r03", "r04", "r05", "r06", "r07", "r08", "r09", "r10", "r11", "r12", "r13", "r14", "r15"]}, {"day": 9, "shift": "night", "rooms": ["r00", "r01", "r02", "r03", "r04", "r05", "r06", "r07", "r08", "r09", "r10", "r11", "r12", "r13", "r14", "r15"]}, {"day": 13, "shift": "early", "rooms": ["r12"]}]}, {"id": "n004", "assignments": [{"day": 0, "shift": "late", "rooms": ["r05", "r06", "r07", "r08", "r09", "r10"]}, {"day": 2, "shift": "early", "rooms": ["r02", "r03"]}, {"day": 3, "shift": "late", "rooms": ["r02", "r03", "r04"]}, {"day": 4, "shift": "late", "rooms": ["r01"]}, {"day": 5, "shift": "late", "rooms": ["r09", "r10", "r11"]}, {"day": 6, "shift": "late", "rooms": ["r04", "r05", "r06", "r07", "r08", "r09", "r10"]}, {"day": 7, "shift": "late", "rooms": ["r04", "r05", "r06", "r07", "r08", "r09", "r10", "r11"]}, {"day": 12, "shift": "late", "rooms": ["r00"]}, {"day": 13, "shift": "late", "rooms": ["r00", "r01", "r02", "r03", "r04", "r05", "r06", "r07", "r08", "r09", "r10", "r11", "r12", "r13", "r14", "r15"]}]}, {"id": "n005", "assignments": [{"day": 0, "shift": "night", "rooms": ["r10", "r11", "r09", "r13"]}, {"day": 1, "shift": "night", "rooms": ["r00", "r01", "r02"]}, {"day": 3, "shift": "early", "rooms": ["r04", "r02"]}, {"day": 4, "shift": "early", "rooms": ["r01", "r02", "r03"]}, {"day": 5, "shift": "late", "rooms": ["r12", "r15", "r13", "r14"]}, {"day": 6, "shift": "night", "rooms": ["r12", "r13", "r14", "r15"]}, {"day": 7, "shift": "night", "rooms": ["r11", "r12", "r13", "r14", "r15"]}, {"day": 10, "shift": "early", "rooms": ["r00", "r01", "r02", "r11", "r04", "r09", "r12", "r14", "r03", "r05", "r10", "r06", "r08", "r07", "r13", "r15"]}]}, {"id": "n006", "assignments": [{"day": 0, "shift": "late", "rooms": ["r11", "r12", "r13", "r14"]}, {"day": 1, "shift": "late", "rooms": ["r02", "r11", "r03"]}, {"day": 2, "shift": "night", "rooms": ["r05", "r06", "r04", "r07"]}, {"day": 4, "shift": "early", "rooms": ["r06", "r05"]}, {"day": 6, "shift": "late", "rooms": ["r11", "r12", "r13", "r14", "r15"]}, {"day": 9, "shift": "early", "rooms": ["r00", "r01", "r02", "r03", "r04", "r05", "r06", "r07", "r08", "r09", "r10"]}, {"day": 11, "shift": "late", "rooms": ["r13", "r02", "r15", "r07", "r04", "r06", "r08", "r09", "r03", "r10", "r05", "r01", "r00", "r14", "r11"]}]}, {"id": "n007", "assignments": [{"day": 0, "shift": "late", "rooms": ["r15"]}, {"day": 2, "shift": "early", "rooms": ["r04", "r05"]}, {"day": 3, "shift": "night", "rooms": ["r09", "r10", "r11"]}, {"day": 7, "shift": "late", "rooms": ["r12", "r15", "r13", "r14"]}, {"day": 10, "shift": "late", "rooms": ["r01", "r02", "r03", "r04", "r05", "r06", "r07", "r08", "r09", "r10", "r11", "r12", "r13", "r14", "r15"]}]}, {"id": "n008", "assignments": [{"day": 1, "shift": "night", "rooms": ["r04", "r05", "r03"]}, {"day": 2, "shift": "night", "rooms": ["r08", "r09"]}, {"day": 3, "shift": "night", "rooms": ["r12", "r15", "r13"]}, {"day": 4, "shift": "night", "rooms": ["r04", "r05", "r06", "r07", "r08"]}, {"day": 5, "shift": "night", "rooms": ["r05", "r06", "r07", "r08", "r09"]}, {"day": 7, "shift": "early", "rooms": ["r10", "r11"]}]}, {"id": "n009", "assignments": [{"day": 0, "shift": "night", "rooms": ["r10", "r15"]}, {"day": 1, "shift": "night", "rooms": ["r07", "r08", "r09", "r10"]}, {"day": 3, "shift": "early", "rooms": ["r05", "r06", "r07"]}, {"day": 4, "shift": "late", "rooms": ["r02", "r03", "r04"]}, {"day": 8, "shift": "night", "rooms": []}]}, {"id": "n010", "assignments": [{"day": 1, "shift": "night", "rooms": ["r11", "r12", "r13", "r14", "r15"]}, {"day": 3, "shift": "early", "rooms": ["r08", "r09"]}, {"day": 4, "shift": "late", "rooms": ["r06", "r05", "r07", "r08"]}, {"day": 0, "shift": "night", "rooms": ["r14"]}]}, {"id": "n011", "assignments": [{"day": 2, "shift": "night", "rooms": ["r10", "r11", "r12", "r13", "r14", "r15"]}, {"day": 4, "shift": "late", "rooms": ["r09", "r10"]}, {"day": 5, "shift": "night", "rooms": ["r10", "r13", "r15", "r11", "r12"]}, {"day": 9, "shift": "early", "rooms": ["r11", "r12", "r13", "r14", "r15"]}, {"day": 1, "shift": "night", "rooms": ["r12"]}, {"day": 0, "shift": "night", "rooms": ["r12"]}, {"day": 6, "shift": "night", "rooms": ["r10"]}]}, {"id": "n012", "assignments": [{"day": 3, "shift": "early", "rooms": ["r10", "r11"]}, {"day": 4, "shift": "early", "rooms": ["r07", "r08"]}, {"day": 5, "shift": "early", "rooms": ["r00", "r01"]}, {"day": 6, "shift": "early", "rooms": ["r00", "r01", "r02", "r03", "r04"]}, {"day": 0, "shift": "late", "rooms": ["r13"]}]}, {"id": "n013", "assignments": [{"day": 2, "shift": "early", "rooms": ["r06", "r07", "r08"]}, {"day": 4, "shift": "night", "rooms": ["r11", "r10"]}, {"day": 8, "shift": "early", "rooms": ["r00", "r10", "r04", "r05", "r06", "r01", "r08", "r09", "r03"]}, {"day": 10, "shift": "early", "rooms": []}, {"day": 0, "shift": "night", "rooms": ["r11"]}, {"day": 3, "shift": "night", "rooms": ["r12"]}]}, {"id": "n014", "assignments": [{"day": 1, "shift": "late", "rooms": ["r04", "r05"]}, {"day": 4, "shift": "early", "rooms": ["r09", "r10"]}, {"day": 5, "shift": "early", "rooms": ["r04", "r03"]}, {"day": 6, "shift": "early", "rooms": ["r05", "r06", "r07", "r08", "r09"]}, {"day": 7, "shift": "late", "rooms": ["r06"]}]}, {"id": "n015", "assignments": [{"day": 1, "shift": "late", "rooms": ["r06", "r07", "r08", "r09"]}, {"day": 4, "shift": "night", "rooms": ["r12", "r13", "r14", "r15"]}, {"day": 12, "shift": "late", "rooms": ["r01", "r02", "r03", "r04", "r05", "r06", "r07", "r08", "r09", "r10", "r11", "r12", "r13", "r14", "r15"]}, {"day": 3, "shift": "night", "rooms": ["r14"]}]}, {"id": "n016", "assignments": [{"day": 0, "shift": "early", "rooms": ["r00", "r01"]}, {"day": 1, "shift": "early", "rooms": ["r00", "r01"]}, {"day": 2, "shift": "late", "rooms": ["r02", "r03", "r04"]}, {"day": 3, "shift": "late", "rooms": ["r05", "r06", "r07"]}, {"day": 7, "shift": "early", "rooms": ["r13", "r12", "r15"]}, {"day": 10, "shift": "late", "rooms": ["r14", "r09"]}]}, {"id": "n017", "assignments": [{"day": 0, "shift": "early", "rooms": ["r02", "r03", "r04"]}, {"day": 1, "shift": "early", "rooms": ["r02", "r03", "r04"]}, {"day": 2, "shift": "early", "rooms": ["r09", "r10", "r11", "r12"]}, {"day": 3, "shift": "early", "rooms": ["r12", "r13", "r14"]}, {"day": 4, "shift": "early", "rooms": ["r11", "r12", "r13", "r14", "r15"]}, {"day": 5, "shift": "early", "rooms": ["r05", "r06", "r07"]}, {"day": 6, "shift": "early", "rooms": ["r10", "r11", "r12", "r13", "r14", "r15"]}, {"day": 12, "shift": "late", "rooms": []}]}, {"id": "n018", "assignments": [{"day": 0, "shift": "early", "rooms": ["r05", "r06", "r07", "r08", "r09", "r10"]}, {"day": 1, "shift": "late", "rooms": ["r10", "r11", "r12", "r13", "r14"]}, {"day": 8, "shift": "early", "rooms": ["r11", "r12", "r13", "r14", "r15"]}, {"day": 2, "shift": "night", "rooms": ["r09"]}]}, {"id": "n019", "assignments": [{"day": 0, "shift": "early", "rooms": ["r14", "r12", "r11"]}, {"day": 1, "shift": "early", "rooms": ["r05", "r06", "r07"]}, {"day": 2, "shift": "late", "rooms": ["r05", "r06", "r07"]}, {"day": 10, "shift": "late", "rooms": ["r06"]}, {"day": 4, "shift": "early", "rooms": ["r04"]}, {"day": 8, "shift": "early", "rooms": ["r02"]}, {"day": 9, "shift": "early", "rooms": ["r05"]}]}, {"id": "n020", "assignments": [{"day": 1, "shift": "early", "rooms": ["r08", "r09", "r10"]}, {"day": 2, "shift": "early", "rooms": ["r13", "r14", "r15"]}, {"day": 3, "shift": "early", "rooms": ["r15"]}, {"day": 5, "shift": "early", "rooms": ["r08", "r09", "r10"]}]}, {"id": "n021", "assignments": [{"day": 0, "shift": "early", "rooms": ["r15"]}, {"day": 1, "shift": "late", "rooms": ["r15"]}]}, {"id": "n022", "assignments": [{"day": 4, "shift": "late", "rooms": ["r11", "r12"]}, {"day": 8, "shift": "early", "rooms": []}, {"day": 0, "shift": "early", "rooms": ["r13"]}, {"day": 10, "shift": "late", "rooms": ["r09"]}, {"day": 7, "shift": "early", "rooms": ["r13"]}, {"day": 6, "shift": "early", "rooms": []}, {"day": 3, "shift": "early", "rooms": ["r03"]}, {"day": 11, "shift": "late", "rooms": ["r11", "r14"]}, {"day": 12, "shift": "night", "rooms": ["r15"]}]}, {"id": "n023", "assignments": [{"day": 3, "shift": "late", "rooms": ["r08", "r09"]}, {"day": 4, "shift": "late", "rooms": ["r13", "r14", "r15"]}, {"day": 1, "shift": "night", "rooms": ["r06"]}]}, {"id": "n024", "assignments": [{"day": 1, "shift": "early", "rooms": ["r11", "r12", "r13", "r14", "r15"]}, {"day": 2, "shift": "late", "rooms": ["r08", "r09"]}, {"day": 3, "shift": "late", "rooms": ["r10", "r11"]}, {"day": 7, "shift": "early", "rooms": ["r11"]}, {"day": 9, "shift": "early", "rooms": []}, {"day": 6, "shift": "early", "rooms": ["r07"]}, {"day": 4, "shift": "night", "rooms": ["r09"]}]}, {"id": "n025", "assignments": [{"day": 2, "shift": "late", "rooms": ["r10"]}, {"day": 3, "shift": "late", "rooms": ["r12", "r13", "r14", "r15"]}, {"day": 8, "shift": "early", "rooms": ["r07"]}, {"day": 4, "shift": "late", "rooms": ["r15"]}, {"day": 11, "shift": "late", "rooms": ["r02", "r06"]}]}, {"id": "n026", "assignments": [{"day": 5, "shift": "early", "rooms": ["r15", "r12", "r13", "r11"]}, {"day": 11, "shift": "late", "rooms": ["r13", "r04"]}, {"day": 12, "shift": "late", "rooms": ["r13"]}, {"day": 3, "shift": "late", "rooms": ["r11"]}]}, {"id": "n029", "assignments": [{"day": 2, "shift": "late", "rooms": ["r11", "r12", "r13", "r14", "r15"]}, {"day": 5, "shift": "early", "rooms": ["r02"]}]}], "room_allocation": {"(0, 'r00')": [["a17", "A", "elderly"], ["a20", "A", "elderly"], ["p034", "A", "elderly"], ["p122", "A", "elderly"]], "(0, 'r01')": [["a01", "A", "elderly"], ["p033", "A", "elderly"], ["p070", "A", "infant"]], "(0, 'r02')": [["a16", "A", "elderly"], ["a18", "A", "adult"], ["a24", "A", "elderly"]], "(0, 'r03')": [["a12", "B", "elderly"], ["p117", "B", "elderly"], ["p144", "B", "elderly"], ["p138", "B", "adult"]], "(0, 'r04')": [["a13", "A", "elderly"], ["p090", "A", "elderly"], ["p071", "A", "elderly"]], "(0, 'r05')": [["a10", "A", "elderly"], ["p037", "A", "elderly"]], "(0, 'r06')": [["a06", "A", "elderly"]], "(0, 'r07')": [["a04", "A", "elderly"]], "(0, 'r08')": [["a15", "A", "elderly"]], "(0, 'r09')": [["a07", "B", "adult"], ["a14", "B", "elderly"]], "(0, 'r10')": [["a03", "B", "elderly"], ["a23", "B", "adult"], ["a26", "B", "elderly"], ["p084", "B", "infant"]], "(0, 'r11')": [["a11", "B", "adult"]], "(0, 'r12')": [["a05", "A", "elderly"], ["a25", "A", "elderly"], ["p047", "A", "adult"], ["p104", "A", "adult"]], "(0, 'r13')": [["a08", "A", "elderly"], ["a22", "A", "elderly"]], "(0, 'r14')": [["a00", "B", "adult"], ["a09", "B", "elderly"], ["a21", "B", "elderly"]], "(0, 'r15')": [["a02", "A", "elderly"], ["a19", "A", "adult"]], "(1, 'r00')": [["a17", "A", "elderly"], ["a20", "A", "elderly"], ["p034", "A", "elderly"], ["p122", "A", "elderly"]], "(1, 'r01')": [["p033", "A", "elderly"], ["p070", "A", "infant"], ["p100", "A", "elderly"]], "(1, 'r02')": [["a18", "A", "adult"], ["a24", "A", "elderly"], ["p025", "A", "elderly"]], "(1, 'r03')": [["p117", "B", "elderly"], ["p144", "B", "elderly"], ["p138", "B", "adult"]], "(1, 'r04')": [["p090", "A", "elderly"], ["p071", "A", "elderly"], ["p141", "A", "elderly"]], "(1, 'r05')": [["a10", "A", "elderly"], ["p037", "A", "elderly"]], "(1, 'r06')": [["a06", "A", "elderly"], ["p066", "A", "elderly"]], "(1, 'r07')": [["a04", "A", "elderly"], ["p000", "A", "elderly"]], "(1, 'r08')": [["a15", "A", "elderly"]], "(1, 'r09')": [["a14", "B", "elderly"], ["p119", "B", "elderly"]], "(1, 'r10')": [["a03", "B", "elderly"], ["a26", "B", "elderly"], ["p084", "B", "infant"], ["p095", "B", "elderly"]], "(1, 'r11')": [], "(1, 'r12')": [["a05", "A", "elderly"], ["a25", "A", "elderly"], ["p047", "A", "adult"], ["p104", "A", "adult"]], "(1, 'r13')": [["a08", "A", "elderly"], ["a22", "A", "elderly"]], "(1, 'r14')": [["a21", "B", "elderly"], ["p092", "B", "elderly"]], "(1, 'r15')": [["p032", "B", "adult"]], "(2, 'r00')": [["a17", "A", "elderly"], ["a20", "A", "elderly"], ["p034", "A", "elderly"], ["p122", "A", "elderly"]], "(2, 'r01')": [["p070", "A", "infant"], ["p100", "A", "elderly"], ["p050", "A", "elderly"], ["p009", "A", "elderly"]], "(2, 'r02')": [["a18", "A", "adult"], ["a24", "A", "elderly"], ["p025", "A", "elderly"]], "(2, 'r03')": [["p144", "B", "elderly"], ["p138", "B", "adult"], ["p078", "B", "elderly"], ["p079", "B", "elderly"]], "(2, 'r04')": [["p090", "A", "elderly"], ["p039", "A", "adult"], ["p141", "A", "elderly"]], "(2, 'r05')": [["a10", "A", "elderly"], ["p037", "A", "elderly"]], "(2, 'r06')": [["a06", "A", "elderly"], ["p066", "A", "elderly"]], "(2, 'r07')": [["p000", "A", "elderly"]], "(2, 'r08')": [["p027", "B", "adult"], ["p130", "B", "adult"], ["p056", "B", "infant"], ["p096", "B", "elderly"]], "(2, 'r09')": [["a14", "B", "elderly"], ["p119", "B", "elderly"], ["p010", "B", "elderly"]], "(2, 'r10')": [["a03", "B", "elderly"], ["a26", "B", "elderly"], ["p084", "B", "infant"], ["p095", "B", "elderly"]], "(2, 'r11')": [["p098", "A", "adult"], ["p013", "A", "elderly"]], "(2, 'r12')": [["a25", "A", "elderly"], ["p047", "A", "adult"], ["p076", "A", "elderly"], ["p104", "A", "adult"]], "(2, 'r13')": [["a22", "A", "elderly"]], "(2, 'r14')": [["a21", "B", "elderly"], ["p086", "B", "elderly"], ["p092", "B", "elderly"]], "(2, 'r15')": [["p032", "B", "adult"], ["p125", "B", "elderly"]], "(3, 'r00')": [["a20", "A", "elderly"], ["p034", "A", "elderly"], ["p122", "A", "elderly"], ["p016", "A", "elderly"]], "(3, 'r01')": [["p070", "A", "infant"], ["p050", "A", "elderly"], ["p031", "A", "elderly"], ["p009", "A", "elderly"]], "(3, 'r02')": [["a18", "A", "adult"], ["a24", "A", "elderly"], ["p074", "A", "adult"]], "(3, 'r03')": [["p144", "B", "elderly"], ["p138", "B", "adult"], ["p078", "B", "elderly"], ["p079", "B", "elderly"]], "(3, 'r04')": [["p090", "A", "elderly"], ["p039", "A", "adult"], ["p141", "A", "elderly"]], "(3, 'r05')": [["a10", "A", "elderly"], ["p091", "A", "adult"]], "(3, 'r06')": [["a06", "A", "elderly"], ["p066", "A", "elderly"]], "(3, 'r07')": [["p000", "A", "elderly"]], "(3, 'r08')": [["p027", "B", "adult"], ["p130", "B", "adult"], ["p056", "B", "infant"], ["p096", "B", "elderly"]], "(3, 'r09')": [["a14", "B", "elderly"], ["p119", "B", "elderly"], ["p010", "B", "elderly"]], "(3, 'r10')": [["a26", "B", "elderly"], ["p109", "B", "elderly"], ["p084", "B", "infant"], ["p095", "B", "elderly"]], "(3, 'r11')": [["p098", "A", "adult"], ["p013", "A", "elderly"]], "(3, 'r12')": [["p047", "A", "adult"], ["p057", "A", "elderly"], ["p076", "A", "elderly"], ["p104", "A", "adult"]], "(3, 'r13')": [["a22", "A", "elderly"]], "(3, 'r14')": [["a21", "B", "elderly"], ["p086", "B", "elderly"], ["p092", "B", "elderly"]], "(3, 'r15')": [["p032", "B", "adult"], ["p125", "B", "elderly"]], "(4, 'r00')": [["a20", "A", "elderly"], ["p034", "A", "elderly"], ["p016", "A", "elderly"], ["p094", "A", "elderly"]], "(4, 'r01')": [["p050", "A", "elderly"], ["p031", "A", "elderly"], ["p009", "A", "elderly"], ["p089", "A", "elderly"]], "(4, 'r02')": [["p074", "A", "adult"], ["p044", "A", "elderly"], ["p087", "A", "elderly"]], "(4, 'r03')": [["p078", "B", "elderly"]], "(4, 'r04')": [["p090", "A", "elderly"], ["p039", "A", "adult"], ["p141", "A", "elderly"]], "(4, 'r05')": [["p091", "A", "adult"], ["p120", "A", "elderly"]], "(4, 'r06')": [["a06", "A", "elderly"], ["p061", "A", "adult"]], "(4, 'r07')": [["p000", "A", "elderly"], ["p030", "A", "adult"]], "(4, 'r08')": [["p027", "B", "adult"], ["p130", "B", "adult"], ["p056", "B", "infant"], ["p096", "B", "elderly"]], "(4, 'r09')": [["p119", "B", "elderly"], ["p049", "B", "elderly"], ["p010", "B", "elderly"]], "(4, 'r10')": [["a26", "B", "elderly"], ["p109", "B", "elderly"], ["p021", "B", "elderly"], ["p054", "B", "elderly"]], "(4, 'r11')": [["p098", "A", "adult"], ["p013", "A", "elderly"]], "(4, 'r12')": [["p047", "A", "adult"], ["p057", "A", "elderly"], ["p076", "A", "elderly"], ["p104", "A", "adult"]], "(4, 'r13')": [["p040", "A", "elderly"]], "(4, 'r14')": [["a21", "B", "elderly"], ["p086", "B", "elderly"], ["p092", "B", "elderly"]], "(4, 'r15')": [["p032", "B", "adult"], ["p125", "B", "elderly"]], "(5, 'r00')": [["a20", "A", "elderly"], ["p016", "A", "elderly"], ["p094", "A", "elderly"]], "(5, 'r01')": [["p050", "A", "elderly"], ["p031", "A", "elderly"], ["p009", "A", "elderly"], ["p089", "A", "elderly"]], "(5, 'r02')": [["p044", "A", "elderly"], ["p087", "A", "elderly"]], "(5, 'r03')": [["p078", "B", "elderly"], ["p001", "B", "elderly"]], "(5, 'r04')": [["p039", "A", "adult"]], "(5, 'r05')": [["p091", "A", "adult"], ["p120", "A", "elderly"]], "(5, 'r06')": [["a06", "A", "elderly"], ["p061", "A", "adult"]], "(5, 'r07')": [["p000", "A", "elderly"], ["p030", "A", "adult"]], "(5, 'r08')": [["p027", "B", "adult"], ["p130", "B", "adult"], ["p056", "B", "infant"]], "(5, 'r09')": [["p119", "B", "elderly"], ["p049", "B", "elderly"]], "(5, 'r10')": [["a26", "B", "elderly"], ["p109", "B", "elderly"], ["p021", "B", "elderly"], ["p054", "B", "elderly"]], "(5, 'r11')": [["p098", "A", "adult"], ["p013", "A", "elderly"]], "(5, 'r12')": [["p047", "A", "adult"], ["p057", "A", "elderly"], ["p097", "A", "elderly"], ["p118", "A", "infant"]], "(5, 'r13')": [["p040", "A", "elderly"]], "(5, 'r14')": [], "(5, 'r15')": [["p032", "B", "adult"], ["p125", "B", "elderly"]], "(6, 'r00')": [["p016", "A", "elderly"], ["p094", "A", "elderly"]], "(6, 'r01')": [["p031", "A", "elderly"], ["p009", "A", "elderly"], ["p089", "A", "elderly"], ["p131", "A", "elderly"]], "(6, 'r02')": [["p044", "A", "elderly"]], "(6, 'r03')": [["p078", "B", "elderly"], ["p001", "B", "elderly"]], "(6, 'r04')": [], "(6, 'r05')": [["p091", "A", "adult"], ["p120", "A", "elderly"]], "(6, 'r06')": [["p061", "A", "adult"]], "(6, 'r07')": [["p030", "A", "adult"], ["p058", "A", "elderly"]], "(6, 'r08')": [], "(6, 'r09')": [["p119", "B", "elderly"], ["p049", "B", "elderly"]], "(6, 'r10')": [["a26", "B", "elderly"], ["p109", "B", "elderly"], ["p021", "B", "elderly"]], "(6, 'r11')": [["p098", "A", "adult"]], "(6, 'r12')": [["p057", "A", "elderly"], ["p097", "A", "elderly"], ["p118", "A", "infant"]], "(6, 'r13')": [["p040", "A", "elderly"]], "(6, 'r14')": [], "(6, 'r15')": [], "(7, 'r00')": [["p094", "A", "elderly"]], "(7, 'r01')": [["p031", "A", "elderly"], ["p131", "A", "elderly"]], "(7, 'r02')": [["p044", "A", "elderly"], ["p080", "A", "elderly"]], "(7, 'r03')": [["p078", "B", "elderly"], ["p001", "B", "elderly"]], "(7, 'r04')": [], "(7, 'r05')": [["p091", "A", "adult"], ["p120", "A", "elderly"]], "(7, 'r06')": [], "(7, 'r07')": [["p058", "A", "elderly"], ["p124", "A", "elderly"]], "(7, 'r08')": [], "(7, 'r09')": [["p119", "B", "elderly"], ["p049", "B", "elderly"]], "(7, 'r10')": [["a26", "B", "elderly"], ["p021", "B", "elderly"], ["p136", "B", "adult"]], "(7, 'r11')": [["p098", "A", "adult"], ["p077", "A", "elderly"]], "(7, 'r12')": [["p042", "A", "elderly"], ["p118", "A", "infant"], ["p140", "A", "adult"]], "(7, 'r13')": [["p046", "B", "elderly"], ["p035", "B", "elderly"]], "(7, 'r14')": [], "(7, 'r15')": [["p052", "B", "elderly"]], "(8, 'r00')": [["p075", "B", "adult"]], "(8, 'r01')": [["p131", "A", "elderly"]], "(8, 'r02')": [["p044", "A", "elderly"], ["p080", "A", "elderly"]], "(8, 'r03')": [["p001", "B", "elderly"]], "(8, 'r04')": [], "(8, 'r05')": [], "(8, 'r06')": [], "(8, 'r07')": [["p058", "A", "elderly"], ["p124", "A", "elderly"]], "(8, 'r08')": [], "(8, 'r09')": [["p049", "B", "elderly"]], "(8, 'r10')": [["a26", "B", "elderly"], ["p136", "B", "adult"]], "(8, 'r11')": [["p077", "A", "elderly"], ["p137", "A", "elderly"]], "(8, 'r12')": [["p042", "A", "elderly"], ["p118", "A", "infant"], ["p123", "A", "elderly"], ["p140", "A", "adult"]], "(8, 'r13')": [["p046", "B", "elderly"], ["p035", "B", "elderly"]], "(8, 'r14')": [["p011", "B", "elderly"]], "(8, 'r15')": [["p052", "B", "elderly"], ["p129", "B", "elderly"]], "(9, 'r00')": [["p075", "B", "adult"]], "(9, 'r01')": [["p083", "B", "elderly"]], "(9, 'r02')": [["p126", "B", "adult"], ["p045", "B", "elderly"]], "(9, 'r03')": [], "(9, 'r04')": [], "(9, 'r05')": [["p101", "A", "elderly"]], "(9, 'r06')": [], "(9, 'r07')": [["p003", "A", "elderly"], ["p124", "A", "elderly"]], "(9, 'r08')": [], "(9, 'r09')": [["p127", "A", "elderly"]], "(9, 'r10')": [["a26", "B", "elderly"], ["p136", "B", "adult"]], "(9, 'r11')": [["p077", "A", "elderly"], ["p137", "A", "elderly"]], "(9, 'r12')": [["p042", "A", "elderly"], ["p118", "A", "infant"], ["p123", "A", "elderly"], ["p140", "A", "adult"]], "(9, 'r13')": [["p046", "B", "elderly"], ["p035", "B", "elderly"]], "(9, 'r14')": [["p011", "B", "elderly"]], "(9, 'r15')": [["p052", "B", "elderly"], ["p129", "B", "elderly"]], "(10, 'r00')": [["p093", "B", "elderly"], ["p075", "B", "adult"]], "(10, 'r01')": [["p083", "B", "elderly"]], "(10, 'r02')": [["p126", "B", "adult"], ["p045", "B", "elderly"]], "(10, 'r03')": [], "(10, 'r04')": [], "(10, 'r05')": [["p101", "A", "elderly"]], "(10, 'r06')": [["p007", "A", "elderly"]], "(10, 'r07')": [["p003", "A", "elderly"], ["p023", "A", "elderly"]], "(10, 'r08')": [], "(10, 'r09')": [["p127", "A", "elderly"]], "(10, 'r10')": [], "(10, 'r11')": [["p077", "A", "elderly"], ["p137", "A", "elderly"]], "(10, 'r12')": [["p042", "A", "elderly"]], "(10, 'r13')": [["p035", "B", "elderly"]], "(10, 'r14')": [["p011", "B", "elderly"]], "(10, 'r15')": [], "(11, 'r00')": [["p093", "B", "elderly"], ["p121", "B", "elderly"], ["p048", "B", "adult"], ["p075", "B", "adult"]], "(11, 'r01')": [["p142", "A", "elderly"], ["p004", "A", "elderly"], ["p111", "A", "elderly"]], "(11, 'r02')": [["p126", "B", "adult"], ["p045", "B", "elderly"]], "(11, 'r03')": [["p116", "B", "elderly"]], "(11, 'r04')": [["p018", "B", "elderly"]], "(11, 'r05')": [["p017", "B", "adult"]], "(11, 'r06')": [["p007", "A", "elderly"]], "(11, 'r07')": [["p003", "A", "elderly"], ["p023", "A", "elderly"]], "(11, 'r08')": [["p135", "A", "elderly"]], "(11, 'r09')": [], "(11, 'r10')": [["p105", "B", "elderly"]], "(11, 'r11')": [["p137", "A", "elderly"]], "(11, 'r12')": [], "(11, 'r13')": [["p035", "B", "elderly"]], "(11, 'r14')": [["p043", "B", "elderly"]], "(11, 'r15')": [], "(12, 'r00')": [["p093", "B", "elderly"], ["p121", "B", "elderly"], ["p048", "B", "adult"]], "(12, 'r01')": [["p142", "A", "elderly"], ["p004", "A", "elderly"], ["p111", "A", "elderly"]], "(12, 'r02')": [["p126", "B", "adult"], ["p045", "B", "elderly"]], "(12, 'r03')": [["p116", "B", "elderly"]], "(12, 'r04')": [["p018", "B", "elderly"]], "(12, 'r05')": [["p017", "B", "adult"]], "(12, 'r06')": [], "(12, 'r07')": [["p003", "A", "elderly"], ["p023", "A", "elderly"]], "(12, 'r08')": [["p135", "A", "elderly"]], "(12, 'r09')": [], "(12, 'r10')": [["p105", "B", "elderly"]], "(12, 'r11')": [], "(12, 'r12')": [], "(12, 'r13')": [["p035", "B", "elderly"]], "(12, 'r14')": [["p043", "B", "elderly"]], "(12, 'r15')": [], "(13, 'r00')": [["p093", "B", "elderly"], ["p121", "B", "elderly"], ["p028", "B", "elderly"], ["p048", "B", "adult"]], "(13, 'r01')": [["p142", "A", "elderly"], ["p004", "A", "elderly"], ["p111", "A", "elderly"]], "(13, 'r02')": [["p126", "B", "adult"], ["p015", "B", "adult"]], "(13, 'r03')": [["p102", "B", "elderly"], ["p103", "B", "adult"], ["p116", "B", "elderly"]], "(13, 'r04')": [["p018", "B", "elderly"]], "(13, 'r05')": [["p017", "B", "adult"]], "(13, 'r06')": [["p139", "B", "adult"]], "(13, 'r07')": [["p003", "A", "elderly"], ["p023", "A", "elderly"]], "(13, 'r08')": [["p005", "A", "elderly"], ["p072", "A", "elderly"], ["p135", "A", "elderly"], ["p064", "A", "elderly"]], "(13, 'r09')": [], "(13, 'r10')": [["p105", "B", "elderly"], ["p008", "B", "elderly"], ["p029", "B", "elderly"]], "(13, 'r11')": [["p062", "B", "elderly"]], "(13, 'r12')": [["p106", "A", "adult"], ["p128", "A", "elderly"]], "(13, 'r13')": [["p041", "B", "elderly"], ["p068", "B", "elderly"]], "(13, 'r14')": [["p043", "B", "elderly"]], "(13, 'r15')": [["p020", "B", "elderly"]]}, "theater_allocation": {"(0, 't0')": 600, "(0, 't1')": 600, "(0, 't2')": 720, "(0, 't3')": 0, "(0, 't4')": 0, "(0, 't5')": 600, "(0, 't6')": -1020, "(1, 't0')": 720, "(1, 't1')": 600, "(1, 't2')": 600, "(1, 't3')": 600, "(1, 't4')": 600, "(1, 't5')": 0, "(1, 't6')": -570, "(2, 't0')": 720, "(2, 't1')": 720, "(2, 't2')": 600, "(2, 't3')": 600, "(2, 't4')": 720, "(2, 't5')": 720, "(2, 't6')": -1110, "(3, 't0')": 720, "(3, 't1')": 600, "(3, 't2')": 600, "(3, 't3')": 600, "(3, 't4')": 600, "(3, 't5')": 600, "(3, 't6')": -270, "(4, 't0')": 600, "(4, 't1')": 480, "(4, 't2')": 600, "(4, 't3')": 600, "(4, 't4')": 720, "(4, 't5')": 600, "(4, 't6')": -750, "(5, 't0')": 0, "(5, 't1')": 480, "(5, 't2')": 720, "(5, 't3')": 720, "(5, 't4')": 600, "(5, 't5')": 480, "(5, 't6')": -360, "(6, 't0')": 0, "(6, 't1')": 600, "(6, 't2')": 720, "(6, 't3')": 0, "(6, 't4')": 600, "(6, 't5')": 600, "(6, 't6')": -180, "(7, 't0')": 480, "(7, 't1')": 600, "(7, 't2')": 600, "(7, 't3')": 480, "(7, 't4')": 600, "(7, 't5')": 720, "(7, 't6')": -270, "(8, 't0')": 600, "(8, 't1')": 720, "(8, 't2')": 720, "(8, 't3')": 600, "(8, 't4')": 720, "(8, 't5')": 480, "(8, 't6')": 90, "(9, 't0')": 600, "(9, 't1')": 480, "(9, 't2')": 480, "(9, 't3')": 480, "(9, 't4')": 600, "(9, 't5')": 600, "(9, 't6')": -150, "(10, 't0')": 0, "(10, 't1')": 600, "(10, 't2')": 720, "(10, 't3')": 720, "(10, 't4')": 720, "(10, 't5')": 0, "(10, 't6')": -540, "(11, 't0')": 720, "(11, 't1')": 720, "(11, 't2')": 720, "(11, 't3')": 600, "(11, 't4')": 600, "(11, 't5')": 600, "(11, 't6')": -1140, "(12, 't0')": 0, "(12, 't1')": 600, "(12, 't2')": 720, "(12, 't3')": 720, "(12, 't4')": 480, "(12, 't5')": 720, "(12, 't6')": 480, "(13, 't0')": 720, "(13, 't1')": 720, "(13, 't2')": 600, "(13, 't3')": 0, "(13, 't4')": 600, "(13, 't5')": 720, "(13, 't6')": -1890}, "surgeon_allocation": {"(0, 's0')": 0, "(0, 's1')": 120, "(0, 's2')": 240, "(0, 's3')": 0, "(0, 's4')": 60, "(1, 's0')": 360, "(1, 's1')": 90, "(1, 's2')": 0, "(1, 's3')": 0, "(1, 's4')": 180, "(2, 's0')": 0, "(2, 's1')": 90, "(2, 's2')": 60, "(2, 's3')": 150, "(2, 's4')": 270, "(3, 's0')": 0, "(3, 's1')": 0, "(3, 's2')": 210, "(3, 's3')": 60, "(3, 's4')": 420, "(4, 's0')": 480, "(4, 's1')": 0, "(4, 's2')": 0, "(4, 's3')": 120, "(4, 's4')": 90, "(5, 's0')": 360, "(5, 's1')": 0, "(5, 's2')": 0, "(5, 's3')": 0, "(5, 's4')": 0, "(6, 's0')": 0, "(6, 's1')": 0, "(6, 's2')": 0, "(6, 's3')": 0, "(6, 's4')": 180, "(7, 's0')": 360, "(7, 's1')": 60, "(7, 's2')": 390, "(7, 's3')": 480, "(7, 's4')": 0, "(8, 's0')": 0, "(8, 's1')": 240, "(8, 's2')": 0, "(8, 's3')": 0, "(8, 's4')": 90, "(9, 's0')": 480, "(9, 's1')": 180, "(9, 's2')": 600, "(9, 's3')": 240, "(9, 's4')": 270, "(10, 's0')": 360, "(10, 's1')": 0, "(10, 's2')": 0, "(10, 's3')": 480, "(10, 's4')": 180, "(11, 's0')": 60, "(11, 's1')": 30, "(11, 's2')": 0, "(11, 's3')": 60, "(11, 's4')": 30, "(12, 's0')": 0, "(12, 's1')": 0, "(12, 's2')": 0, "(12, 's3')": 0, "(12, 's4')": 0, "(13, 's0')": 0, "(13, 's1')": 0, "(13, 's2')": 0, "(13, 's3')": 0, "(13, 's4')": 30}, "operator": "['insert_patient_to_available_surgeon']"}