{"patients": [{"id": "p253", "admission_day": 1, "room": "r03", "operating_theater": "t0"}, {"id": "p260", "admission_day": 1, "room": "r03", "operating_theater": "t0"}, {"id": "p169", "admission_day": 1, "room": "r00", "operating_theater": "t0"}, {"id": "p102", "admission_day": 1, "room": "r06", "operating_theater": "t0"}, {"id": "p135", "admission_day": 1, "room": "r05", "operating_theater": "t4"}, {"id": "p130", "admission_day": 1, "room": "r04", "operating_theater": "t0"}, {"id": "p142", "admission_day": 3, "room": "r15", "operating_theater": "t0"}, {"id": "p250", "admission_day": 1, "room": "r07", "operating_theater": "t1"}, {"id": "p290", "admission_day": 1, "room": "r06", "operating_theater": "t0"}, {"id": "p174", "admission_day": 2, "room": "r01", "operating_theater": "t0"}, {"id": "p014", "admission_day": 2, "room": "r01", "operating_theater": "t0"}, {"id": "p106", "admission_day": 2, "room": "r06", "operating_theater": "t0"}, {"id": "p211", "admission_day": 2, "room": "r00", "operating_theater": "t0"}, {"id": "p063", "admission_day": 9, "room": "r02", "operating_theater": "t4"}, {"id": "p132", "admission_day": 3, "room": "r03", "operating_theater": "t0"}, {"id": "p265", "admission_day": 3, "room": "r02", "operating_theater": "t0"}, {"id": "p019", "admission_day": 3, "room": "r07", "operating_theater": "t0"}, {"id": "p281", "admission_day": 3, "room": "r04", "operating_theater": "t0"}, {"id": "p208", "admission_day": 4, "room": "r05", "operating_theater": "t0"}, {"id": "p006", "admission_day": 4, "room": "r03", "operating_theater": "t0"}, {"id": "p029", "admission_day": 4, "room": "r06", "operating_theater": "t0"}, {"id": "p279", "admission_day": 11, "room": "r06", "operating_theater": "t0"}, {"id": "p055", "admission_day": 4, "room": "r08", "operating_theater": "t0"}, {"id": "p078", "admission_day": 11, "room": "r04", "operating_theater": "t1"}, {"id": "p005", "admission_day": 6, "room": "r04", "operating_theater": "t0"}, {"id": "p141", "admission_day": 6, "room": "r01", "operating_theater": "t0"}, {"id": "p209", "admission_day": 6, "room": "r14", "operating_theater": "t0"}, {"id": "p154", "admission_day": 7, "room": "r20", "operating_theater": "t0"}, {"id": "p280", "admission_day": 7, "room": "r03", "operating_theater": "t1"}, {"id": "p287", "admission_day": 8, "room": "r16", "operating_theater": "t0"}, {"id": "p071", "admission_day": 9, "room": "r01", "operating_theater": "t0"}, {"id": "p245", "admission_day": 9, "room": "r20", "operating_theater": "t0"}, {"id": "p034", "admission_day": 13, "room": "r01", "operating_theater": "t3"}, {"id": "p166", "admission_day": 11, "room": "r00", "operating_theater": "t0"}, {"id": "p181", "admission_day": 11, "room": "r00", "operating_theater": "t0"}, {"id": "p233", "admission_day": 11, "room": "r20", "operating_theater": "t1"}, {"id": "p054", "admission_day": 17, "room": "r02", "operating_theater": "t3"}, {"id": "p000", "admission_day": 1, "room": "r19", "operating_theater": "t5"}, {"id": "p001", "admission_day": 14, "room": "r02", "operating_theater": "t2"}, {"id": "p002", "admission_day": 9, "room": "r06", "operating_theater": "t0"}, {"id": "p003", "admission_day": "none"}, {"id": "p004", "admission_day": 7, "room": "r10", "operating_theater": "t0"}, {"id": "p007", "admission_day": 9, "room": "r03", "operating_theater": "t4"}, {"id": "p008", "admission_day": 3, "room": "r16", "operating_theater": "t5"}, {"id": "p009", "admission_day": "none"}, {"id": "p010", "admission_day": 18, "room": "r15", "operating_theater": "t4"}, {"id": "p011", "admission_day": 19, "room": "r08", "operating_theater": "t2"}, {"id": "p012", "admission_day": "none"}, {"id": "p013", "admission_day": "none"}, {"id": "p015", "admission_day": "none"}, {"id": "p016", "admission_day": 4, "room": "r02", "operating_theater": "t4"}, {"id": "p017", "admission_day": "none"}, {"id": "p018", "admission_day": 13, "room": "r02", "operating_theater": "t2"}, {"id": "p020", "admission_day": "none"}, {"id": "p021", "admission_day": 20, "room": "r16", "operating_theater": "t5"}, {"id": "p023", "admission_day": "none"}, {"id": "p024", "admission_day": 18, "room": "r18", "operating_theater": "t3"}, {"id": "p025", "admission_day": "none"}, {"id": "p026", "admission_day": 7, "room": "r18", "operating_theater": "t3"}, {"id": "p028", "admission_day": "none"}, {"id": "p030", "admission_day": 9, "room": "r10", "operating_theater": "t0"}, {"id": "p031", "admission_day": 13, "room": "r05", "operating_theater": "t4"}, {"id": "p032", "admission_day": 11, "room": "r19", "operating_theater": "t0"}, {"id": "p033", "admission_day": 13, "room": "r16", "operating_theater": "t4"}, {"id": "p035", "admission_day": 1, "room": "r06", "operating_theater": "t5"}, {"id": "p036", "admission_day": 20, "room": "r20", "operating_theater": "t4"}, {"id": "p037", "admission_day": "none"}, {"id": "p038", "admission_day": "none"}, {"id": "p039", "admission_day": 13, "room": "r03", "operating_theater": "t4"}, {"id": "p041", "admission_day": "none"}, {"id": "p042", "admission_day": "none"}, {"id": "p044", "admission_day": 19, "room": "r12", "operating_theater": "t5"}, {"id": "p045", "admission_day": 7, "room": "r06", "operating_theater": "t0"}, {"id": "p046", "admission_day": 19, "room": "r06", "operating_theater": "t1"}, {"id": "p047", "admission_day": "none"}, {"id": "p048", "admission_day": "none"}, {"id": "p049", "admission_day": "none"}, {"id": "p050", "admission_day": 17, "room": "r11", "operating_theater": "t1"}, {"id": "p051", "admission_day": "none"}, {"id": "p052", "admission_day": 6, "room": "r03", "operating_theater": "t0"}, {"id": "p053", "admission_day": 19, "room": "r20", "operating_theater": "t4"}, {"id": "p056", "admission_day": 10, "room": "r01", "operating_theater": "t2"}, {"id": "p057", "admission_day": 13, "room": "r10", "operating_theater": "t5"}, {"id": "p058", "admission_day": 4, "room": "r08", "operating_theater": "t2"}, {"id": "p059", "admission_day": "none"}, {"id": "p060", "admission_day": 16, "room": "r01", "operating_theater": "t5"}, {"id": "p061", "admission_day": 2, "room": "r14", "operating_theater": "t2"}, {"id": "p062", "admission_day": "none"}, {"id": "p064", "admission_day": 20, "room": "r19", "operating_theater": "t4"}, {"id": "p065", "admission_day": 14, "room": "r14", "operating_theater": "t0"}, {"id": "p066", "admission_day": "none"}, {"id": "p067", "admission_day": 9, "room": "r11", "operating_theater": "t0"}, {"id": "p068", "admission_day": 6, "room": "r09", "operating_theater": "t0"}, {"id": "p069", "admission_day": 4, "room": "r12", "operating_theater": "t2"}, {"id": "p070", "admission_day": "none"}, {"id": "p072", "admission_day": "none"}, {"id": "p073", "admission_day": "none"}, {"id": "p074", "admission_day": "none"}, {"id": "p076", "admission_day": "none"}, {"id": "p077", "admission_day": 7, "room": "r10", "operating_theater": "t0"}, {"id": "p079", "admission_day": 16, "room": "r05", "operating_theater": "t5"}, {"id": "p080", "admission_day": 17, "room": "r13", "operating_theater": "t3"}, {"id": "p081", "admission_day": 14, "room": "r14", "operating_theater": "t2"}, {"id": "p082", "admission_day": 18, "room": "r03", "operating_theater": "t0"}, {"id": "p083", "admission_day": "none"}, {"id": "p084", "admission_day": "none"}, {"id": "p085", "admission_day": "none"}, {"id": "p086", "admission_day": 17, "room": "r06", "operating_theater": "t4"}, {"id": "p087", "admission_day": "none"}, {"id": "p088", "admission_day": "none"}, {"id": "p089", "admission_day": 20, "room": "r07", "operating_theater": "t4"}, {"id": "p090", "admission_day": 13, "room": "r17", "operating_theater": "t3"}, {"id": "p091", "admission_day": 17, "room": "r06", "operating_theater": "t5"}, {"id": "p093", "admission_day": 8, "room": "r19", "operating_theater": "t0"}, {"id": "p094", "admission_day": 9, "room": "r19", "operating_theater": "t4"}, {"id": "p095", "admission_day": 9, "room": "r00", "operating_theater": "t0"}, {"id": "p096", "admission_day": "none"}, {"id": "p097", "admission_day": 3, "room": "r18", "operating_theater": "t3"}, {"id": "p098", "admission_day": "none"}, {"id": "p099", "admission_day": "none"}, {"id": "p100", "admission_day": 7, "room": "r10", "operating_theater": "t0"}, {"id": "p101", "admission_day": "none"}, {"id": "p103", "admission_day": 17, "room": "r14", "operating_theater": "t4"}, {"id": "p104", "admission_day": "none"}, {"id": "p105", "admission_day": 14, "room": "r09", "operating_theater": "t0"}, {"id": "p107", "admission_day": 1, "room": "r16", "operating_theater": "t1"}, {"id": "p108", "admission_day": 3, "room": "r13", "operating_theater": "t4"}, {"id": "p109", "admission_day": 19, "room": "r17", "operating_theater": "t2"}, {"id": "p110", "admission_day": 14, "room": "r17", "operating_theater": "t4"}, {"id": "p111", "admission_day": "none"}, {"id": "p112", "admission_day": "none"}, {"id": "p113", "admission_day": 9, "room": "r12", "operating_theater": "t4"}, {"id": "p114", "admission_day": 8, "room": "r13", "operating_theater": "t3"}, {"id": "p115", "admission_day": "none"}, {"id": "p116", "admission_day": 7, "room": "r05", "operating_theater": "t3"}, {"id": "p117", "admission_day": 10, "room": "r06", "operating_theater": "t0"}, {"id": "p118", "admission_day": 20, "room": "r12", "operating_theater": "t4"}, {"id": "p119", "admission_day": "none"}, {"id": "p120", "admission_day": 4, "room": "r19", "operating_theater": "t5"}, {"id": "p121", "admission_day": "none"}, {"id": "p122", "admission_day": "none"}, {"id": "p123", "admission_day": 3, "room": "r12", "operating_theater": "t5"}, {"id": "p124", "admission_day": 18, "room": "r08", "operating_theater": "t4"}, {"id": "p125", "admission_day": "none"}, {"id": "p126", "admission_day": 3, "room": "r15", "operating_theater": "t5"}, {"id": "p127", "admission_day": "none"}, {"id": "p128", "admission_day": "none"}, {"id": "p129", "admission_day": 13, "room": "r12", "operating_theater": "t5"}, {"id": "p133", "admission_day": 8, "room": "r00", "operating_theater": "t0"}, {"id": "p134", "admission_day": "none"}, {"id": "p136", "admission_day": "none"}, {"id": "p137", "admission_day": 6, "room": "r06", "operating_theater": "t4"}, {"id": "p138", "admission_day": 1, "room": "r16", "operating_theater": "t1"}, {"id": "p139", "admission_day": "none"}, {"id": "p140", "admission_day": 2, "room": "r20", "operating_theater": "t1"}, {"id": "p143", "admission_day": "none"}, {"id": "p144", "admission_day": 18, "room": "r13", "operating_theater": "t3"}, {"id": "p145", "admission_day": 7, "room": "r10", "operating_theater": "t5"}, {"id": "p146", "admission_day": 3, "room": "r18", "operating_theater": "t5"}, {"id": "p147", "admission_day": 13, "room": "r07", "operating_theater": "t4"}, {"id": "p148", "admission_day": "none"}, {"id": "p149", "admission_day": 8, "room": "r06", "operating_theater": "t0"}, {"id": "p150", "admission_day": 8, "room": "r07", "operating_theater": "t4"}, {"id": "p151", "admission_day": "none"}, {"id": "p152", "admission_day": 4, "room": "r19", "operating_theater": "t2"}, {"id": "p153", "admission_day": 17, "room": "r14", "operating_theater": "t5"}, {"id": "p155", "admission_day": 16, "room": "r14", "operating_theater": "t5"}, {"id": "p156", "admission_day": "none"}, {"id": "p157", "admission_day": 18, "room": "r19", "operating_theater": "t4"}, {"id": "p158", "admission_day": 4, "room": "r10", "operating_theater": "t2"}, {"id": "p159", "admission_day": 17, "room": "r20", "operating_theater": "t5"}, {"id": "p160", "admission_day": "none"}, {"id": "p161", "admission_day": 20, "room": "r03", "operating_theater": "t5"}, {"id": "p162", "admission_day": 7, "room": "r08", "operating_theater": "t1"}, {"id": "p163", "admission_day": "none"}, {"id": "p164", "admission_day": "none"}, {"id": "p165", "admission_day": 17, "room": "r02", "operating_theater": "t1"}, {"id": "p167", "admission_day": 2, "room": "r19", "operating_theater": "t2"}, {"id": "p168", "admission_day": "none"}, {"id": "p170", "admission_day": "none"}, {"id": "p172", "admission_day": 6, "room": "r12", "operating_theater": "t0"}, {"id": "p173", "admission_day": 4, "room": "r10", "operating_theater": "t4"}, {"id": "p175", "admission_day": "none"}, {"id": "p176", "admission_day": 2, "room": "r10", "operating_theater": "t2"}, {"id": "p177", "admission_day": "none"}, {"id": "p178", "admission_day": "none"}, {"id": "p179", "admission_day": 13, "room": "r13", "operating_theater": "t5"}, {"id": "p180", "admission_day": 20, "room": "r19", "operating_theater": "t4"}, {"id": "p182", "admission_day": 17, "room": "r00", "operating_theater": "t4"}, {"id": "p183", "admission_day": 6, "room": "r00", "operating_theater": "t0"}, {"id": "p184", "admission_day": "none"}, {"id": "p185", "admission_day": "none"}, {"id": "p186", "admission_day": 13, "room": "r03", "operating_theater": "t5"}, {"id": "p188", "admission_day": 19, "room": "r11", "operating_theater": "t3"}, {"id": "p189", "admission_day": 19, "room": "r04", "operating_theater": "t4"}, {"id": "p190", "admission_day": 17, "room": "r15", "operating_theater": "t1"}, {"id": "p191", "admission_day": "none"}, {"id": "p192", "admission_day": "none"}, {"id": "p193", "admission_day": "none"}, {"id": "p194", "admission_day": 19, "room": "r01", "operating_theater": "t4"}, {"id": "p195", "admission_day": 10, "room": "r19", "operating_theater": "t0"}, {"id": "p196", "admission_day": 5, "room": "r18", "operating_theater": "t4"}, {"id": "p197", "admission_day": 12, "room": "r19", "operating_theater": "t3"}, {"id": "p198", "admission_day": "none"}, {"id": "p199", "admission_day": 19, "room": "r06", "operating_theater": "t2"}, {"id": "p200", "admission_day": "none"}, {"id": "p201", "admission_day": 12, "room": "r11", "operating_theater": "t3"}, {"id": "p202", "admission_day": 8, "room": "r11", "operating_theater": "t4"}, {"id": "p203", "admission_day": 7, "room": "r15", "operating_theater": "t1"}, {"id": "p205", "admission_day": 3, "room": "r11", "operating_theater": "t5"}, {"id": "p206", "admission_day": "none"}, {"id": "p207", "admission_day": 18, "room": "r05", "operating_theater": "t3"}, {"id": "p210", "admission_day": 15, "room": "r12", "operating_theater": "t1"}, {"id": "p212", "admission_day": 18, "room": "r19", "operating_theater": "t3"}, {"id": "p213", "admission_day": 8, "room": "r14", "operating_theater": "t0"}, {"id": "p214", "admission_day": "none"}, {"id": "p215", "admission_day": 4, "room": "r06", "operating_theater": "t2"}, {"id": "p216", "admission_day": 19, "room": "r07", "operating_theater": "t4"}, {"id": "p217", "admission_day": "none"}, {"id": "p218", "admission_day": 10, "room": "r17", "operating_theater": "t5"}, {"id": "p219", "admission_day": 13, "room": "r15", "operating_theater": "t4"}, {"id": "p220", "admission_day": 19, "room": "r00", "operating_theater": "t5"}, {"id": "p221", "admission_day": "none"}, {"id": "p222", "admission_day": "none"}, {"id": "p223", "admission_day": 13, "room": "r11", "operating_theater": "t3"}, {"id": "p225", "admission_day": "none"}, {"id": "p226", "admission_day": "none"}, {"id": "p228", "admission_day": "none"}, {"id": "p229", "admission_day": 19, "room": "r16", "operating_theater": "t5"}, {"id": "p230", "admission_day": 11, "room": "r16", "operating_theater": "t0"}, {"id": "p231", "admission_day": 19, "room": "r00", "operating_theater": "t2"}, {"id": "p232", "admission_day": "none"}, {"id": "p234", "admission_day": 17, "room": "r16", "operating_theater": "t5"}, {"id": "p235", "admission_day": 8, "room": "r04", "operating_theater": "t3"}, {"id": "p237", "admission_day": 19, "room": "r13", "operating_theater": "t5"}, {"id": "p238", "admission_day": 2, "room": "r20", "operating_theater": "t1"}, {"id": "p240", "admission_day": 18, "room": "r17", "operating_theater": "t4"}, {"id": "p241", "admission_day": 1, "room": "r11", "operating_theater": "t4"}, {"id": "p242", "admission_day": 19, "room": "r09", "operating_theater": "t3"}, {"id": "p243", "admission_day": 8, "room": "r19", "operating_theater": "t3"}, {"id": "p246", "admission_day": "none"}, {"id": "p247", "admission_day": 1, "room": "r19", "operating_theater": "t5"}, {"id": "p248", "admission_day": "none"}, {"id": "p251", "admission_day": 4, "room": "r13", "operating_theater": "t2"}, {"id": "p252", "admission_day": 17, "room": "r16", "operating_theater": "t4"}, {"id": "p254", "admission_day": 19, "room": "r11", "operating_theater": "t1"}, {"id": "p255", "admission_day": 13, "room": "r10", "operating_theater": "t4"}, {"id": "p256", "admission_day": 1, "room": "r13", "operating_theater": "t1"}, {"id": "p257", "admission_day": "none"}, {"id": "p258", "admission_day": 7, "room": "r17", "operating_theater": "t4"}, {"id": "p259", "admission_day": 5, "room": "r10", "operating_theater": "t4"}, {"id": "p261", "admission_day": 9, "room": "r03", "operating_theater": "t0"}, {"id": "p262", "admission_day": 10, "room": "r17", "operating_theater": "t0"}, {"id": "p263", "admission_day": 14, "room": "r18", "operating_theater": "t1"}, {"id": "p264", "admission_day": 12, "room": "r08", "operating_theater": "t3"}, {"id": "p266", "admission_day": 17, "room": "r03", "operating_theater": "t5"}, {"id": "p267", "admission_day": "none"}, {"id": "p270", "admission_day": 19, "room": "r16", "operating_theater": "t2"}, {"id": "p271", "admission_day": 14, "room": "r15", "operating_theater": "t0"}, {"id": "p272", "admission_day": "none"}, {"id": "p273", "admission_day": 3, "room": "r16", "operating_theater": "t0"}, {"id": "p274", "admission_day": "none"}, {"id": "p275", "admission_day": 19, "room": "r10", "operating_theater": "t2"}, {"id": "p276", "admission_day": "none"}, {"id": "p277", "admission_day": 20, "room": "r01", "operating_theater": "t1"}, {"id": "p278", "admission_day": 20, "room": "r05", "operating_theater": "t1"}, {"id": "p282", "admission_day": 14, "room": "r18", "operating_theater": "t0"}, {"id": "p283", "admission_day": 4, "room": "r11", "operating_theater": "t4"}, {"id": "p284", "admission_day": "none"}, {"id": "p286", "admission_day": 20, "room": "r14", "operating_theater": "t1"}, {"id": "p288", "admission_day": 7, "room": "r05", "operating_theater": "t4"}, {"id": "p289", "admission_day": "none"}, {"id": "p291", "admission_day": "none"}, {"id": "p292", "admission_day": 10, "room": "r08", "operating_theater": "t0"}, {"id": "p293", "admission_day": 7, "room": "r07", "operating_theater": "t3"}], "nurses": [{"id": "n000", "assignments": [{"day": 0, "shift": "late", "rooms": ["r00", "r01", "r02", "r03", "r04", "r05"]}, {"day": 1, "shift": "late", "rooms": ["r00", "r01", "r02", "r03"]}, {"day": 2, "shift": "late", "rooms": ["r00", "r01"]}, {"day": 3, "shift": "night", "rooms": ["r00", "r01", "r02", "r03", "r04"]}, {"day": 4, "shift": "night", "rooms": ["r00", "r01", "r02", "r03", "r04"]}, {"day": 5, "shift": "night", "rooms": ["r00", "r01", "r02", "r03", "r04", "r05"]}, {"day": 6, "shift": "night", "rooms": ["r00", "r01", "r02", "r03", "r04", "r05"]}, {"day": 8, "shift": "night", "rooms": ["r00", "r01", "r02", "r03", "r04", "r05", "r06", "r07", "r08", "r09"]}, {"day": 10, "shift": "early", "rooms": ["r00", "r01", "r02", "r03", "r04", "r05"]}, {"day": 12, "shift": "early", "rooms": ["r00", "r01", "r02", "r03", "r04", "r05", "r06", "r07", "r08", "r09", "r10", "r11", "r12", "r13", "r14", "r15", "r16", "r17", "r18", "r19", "r20"]}, {"day": 13, "shift": "early", "rooms": ["r00", "r01", "r02", "r03", "r04", "r05", "r06", "r07", "r08", "r09", "r10", "r11", "r12", "r13", "r14", "r15", "r16", "r17", "r18", "r19", "r20"]}, {"day": 14, "shift": "early", "rooms": ["r00", "r01", "r02", "r03", "r04", "r05", "r06", "r07", "r08", "r09", "r10", "r11", "r12", "r13", "r14", "r15", "r16", "r17", "r18", "r19", "r20"]}, {"day": 15, "shift": "early", "rooms": ["r00", "r01", "r02", "r03", "r04", "r05", "r06", "r07", "r08", "r09", "r10", "r11", "r12", "r13", "r14", "r15", "r16", "r17", "r18", "r19", "r20"]}, {"day": 16, "shift": "late", "rooms": ["r00", "r01", "r02", "r03", "r04", "r05", "r06", "r07", "r08", "r09", "r10", "r11", "r12", "r13", "r14", "r15", "r16", "r17", "r18", "r19", "r20"]}, {"day": 17, "shift": "late", "rooms": ["r00", "r01", "r02", "r03", "r04", "r05", "r06", "r07", "r08", "r09", "r10", "r11", "r12", "r13", "r14", "r15", "r16", "r17", "r18", "r19", "r20"]}, {"day": 18, "shift": "late", "rooms": ["r00", "r01", "r02", "r03", "r04", "r05", "r06", "r07", "r08", "r09", "r10", "r11", "r12", "r13", "r14", "r15", "r16", "r17", "r18", "r19", "r20"]}, {"day": 19, "shift": "night", "rooms": ["r00", "r01", "r02", "r03", "r04", "r05", "r06", "r07", "r08", "r09", "r10", "r11", "r12", "r13", "r14", "r15", "r16", "r17", "r18", "r19", "r20"]}]}, {"id": "n001", "assignments": [{"day": 0, "shift": "late", "rooms": ["r06", "r07", "r08", "r09", "r10", "r11"]}, {"day": 1, "shift": "night", "rooms": ["r00", "r01", "r02", "r03", "r04"]}, {"day": 2, "shift": "night", "rooms": ["r00", "r01", "r02", "r03"]}, {"day": 3, "shift": "night", "rooms": ["r05", "r06"]}, {"day": 5, "shift": "early", "rooms": ["r00", "r01", "r02", "r03"]}, {"day": 6, "shift": "early", "rooms": ["r00", "r01"]}, {"day": 7, "shift": "late", "rooms": ["r00", "r01", "r02"]}, {"day": 8, "shift": "night", "rooms": ["r10", "r11", "r12", "r13", "r14", "r15", "r16", "r17", "r18", "r19", "r20"]}, {"day": 10, "shift": "early", "rooms": ["r06", "r07", "r08", "r09", "r10", "r11", "r12", "r13", "r14", "r15", "r16", "r17", "r18", "r19", "r20"]}, {"day": 11, "shift": "late", "rooms": ["r00", "r01", "r02"]}, {"day": 14, "shift": "late", "rooms": ["r00", "r01", "r02"]}, {"day": 15, "shift": "late", "rooms": ["r00", "r01", "r02", "r03", "r04", "r05", "r06", "r07", "r08", "r09", "r10", "r11", "r12", "r13", "r14", "r15", "r16", "r17", "r18", "r19", "r20"]}, {"day": 18, "shift": "early", "rooms": ["r00", "r01", "r02", "r03", "r04", "r05", "r06", "r07", "r08", "r09", "r10", "r11", "r12", "r13", "r14", "r15", "r16", "r17", "r18", "r19", "r20"]}, {"day": 19, "shift": "late", "rooms": ["r00", "r01", "r02", "r03", "r04", "r05", "r06", "r07", "r08", "r09", "r10", "r11", "r12", "r13", "r14", "r15", "r16", "r17", "r18", "r19", "r20"]}, {"day": 20, "shift": "night", "rooms": ["r00", "r01", "r02", "r03", "r04", "r05", "r06", "r07", "r08", "r09", "r10", "r11", "r12", "r13", "r14", "r15", "r16", "r17", "r18", "r19", "r20"]}]}, {"id": "n002", "assignments": [{"day": 0, "shift": "early", "rooms": ["r00", "r01", "r02", "r03", "r04"]}, {"day": 1, "shift": "early", "rooms": ["r00", "r01", "r02"]}, {"day": 2, "shift": "late", "rooms": ["r02", "r03", "r04"]}, {"day": 3, "shift": "late", "rooms": ["r00", "r01", "r02"]}, {"day": 4, "shift": "late", "rooms": ["r00", "r01", "r02"]}, {"day": 5, "shift": "late", "rooms": ["r00", "r01", "r02", "r03"]}, {"day": 6, "shift": "late", "rooms": ["r00", "r01", "r02"]}, {"day": 7, "shift": "night", "rooms": ["r00", "r01", "r02"]}, {"day": 9, "shift": "early", "rooms": ["r00", "r01", "r02"]}, {"day": 10, "shift": "late", "rooms": ["r00", "r01", "r02", "r03", "r04"]}, {"day": 11, "shift": "late", "rooms": ["r03", "r04", "r05", "r06", "r07", "r08", "r09", "r10", "r11", "r12", "r13", "r14", "r15", "r16", "r17", "r18", "r19", "r20"]}, {"day": 12, "shift": "late", "rooms": ["r00", "r01", "r02"]}, {"day": 13, "shift": "late", "rooms": ["r00", "r01", "r02"]}, {"day": 14, "shift": "late", "rooms": ["r03", "r04", "r05", "r06", "r07", "r08", "r09", "r10", "r11", "r12", "r13", "r14", "r15", "r16", "r17", "r18", "r19", "r20"]}, {"day": 16, "shift": "early", "rooms": ["r00", "r01", "r02", "r03", "r04", "r05", "r06", "r07", "r08", "r09", "r10", "r11", "r12", "r13", "r14", "r15", "r16", "r17", "r18", "r19", "r20"]}, {"day": 17, "shift": "night", "rooms": ["r00", "r01", "r02", "r03", "r04", "r05", "r06", "r07", "r08", "r09", "r10", "r11", "r12", "r13", "r14", "r15", "r16", "r17", "r18", "r19", "r20"]}, {"day": 18, "shift": "night", "rooms": ["r00", "r01", "r02", "r03", "r04", "r05", "r06", "r07", "r08", "r09", "r10", "r11", "r12", "r13", "r14", "r15", "r16", "r17", "r18", "r19", "r20"]}, {"day": 20, "shift": "early", "rooms": ["r00", "r01", "r02", "r03", "r04", "r05", "r06", "r07", "r08", "r09", "r10", "r11", "r12", "r13", "r14", "r15", "r16", "r17", "r18", "r19", "r20"]}]}, {"id": "n003", "assignments": [{"day": 0, "shift": "early", "rooms": ["r05", "r06", "r07", "r08", "r09"]}, {"day": 1, "shift": "early", "rooms": ["r03", "r04"]}, {"day": 2, "shift": "early", "rooms": ["r00", "r01", "r02", "r03"]}, {"day": 3, "shift": "early", "rooms": ["r00", "r01", "r02"]}, {"day": 4, "shift": "late", "rooms": ["r03", "r04", "r05"]}, {"day": 5, "shift": "night", "rooms": ["r12", "r08", "r14", "r07", "r09", "r06", "r13", "r10", "r11"]}, {"day": 7, "shift": "early", "rooms": ["r00", "r01", "r02"]}, {"day": 8, "shift": "late", "rooms": ["r00", "r01", "r02"]}, {"day": 11, "shift": "early", "rooms": ["r00", "r01", "r02", "r03", "r04"]}, {"day": 13, "shift": "late", "rooms": ["r03", "r04", "r05", "r06", "r07", "r08", "r09", "r10", "r11", "r12", "r13", "r14", "r15", "r16", "r17", "r18", "r19", "r20"]}, {"day": 15, "shift": "night", "rooms": ["r19", "r08", "r13", "r03", "r00", "r20", "r01", "r09", "r02", "r11", "r14", "r15", "r10", "r16", "r18", "r17", "r04", "r12", "r07", "r06"]}, {"day": 16, "shift": "night", "rooms": ["r00", "r01", "r02", "r03", "r04", "r05", "r06", "r07", "r08", "r09", "r10", "r11", "r12", "r13", "r14", "r15", "r16", "r17", "r18", "r19", "r20"]}, {"day": 18, "shift": "early", "rooms": ["r01"]}]}, {"id": "n004", "assignments": [{"day": 0, "shift": "late", "rooms": ["r12", "r13", "r14", "r15"]}, {"day": 1, "shift": "late", "rooms": ["r04", "r05", "r06"]}, {"day": 2, "shift": "late", "rooms": ["r05", "r06", "r07"]}, {"day": 3, "shift": "night", "rooms": ["r07", "r08", "r09", "r10", "r11", "r12", "r13", "r14", "r15", "r16", "r17", "r18", "r19", "r20"]}, {"day": 4, "shift": "night", "rooms": ["r05", "r06", "r07", "r08"]}, {"day": 5, "shift": "night", "rooms": ["r20", "r18", "r19", "r08", "r16", "r15"]}, {"day": 7, "shift": "early", "rooms": ["r03", "r04", "r05", "r06", "r07"]}, {"day": 9, "shift": "night", "rooms": ["r00", "r01", "r02", "r03", "r04", "r05", "r06", "r07", "r08", "r09"]}, {"day": 10, "shift": "night", "rooms": ["r00", "r01", "r02", "r03", "r04", "r05", "r06", "r07", "r08", "r09", "r10", "r11", "r12", "r13", "r14", "r15", "r16", "r17", "r18", "r19", "r20"]}, {"day": 11, "shift": "night", "rooms": ["r00", "r01"]}, {"day": 12, "shift": "night", "rooms": ["r00", "r01", "r02", "r03", "r04", "r05", "r06", "r07", "r08", "r09", "r10", "r11", "r12", "r13", "r14", "r15", "r16", "r17", "r18", "r19", "r20"]}, {"day": 17, "shift": "early", "rooms": ["r00", "r01", "r02", "r03", "r04", "r05", "r06", "r07", "r08", "r09", "r10", "r11", "r12", "r13", "r14", "r15", "r16", "r17", "r18", "r19", "r20"]}, {"day": 19, "shift": "early", "rooms": ["r00", "r01", "r02", "r03", "r04", "r05", "r06", "r07", "r08", "r09", "r10", "r11", "r12", "r13", "r14", "r15", "r16", "r17", "r18", "r19", "r20"]}, {"day": 16, "shift": "early", "rooms": ["r09"]}, {"day": 18, "shift": "early", "rooms": ["r00"]}]}, {"id": "n005", "assignments": [{"day": 0, "shift": "late", "rooms": ["r16", "r17", "r18", "r19", "r20"]}, {"day": 1, "shift": "late", "rooms": ["r07", "r08", "r09", "r10", "r11", "r12", "r13"]}, {"day": 2, "shift": "late", "rooms": ["r08", "r09", "r10", "r11", "r12", "r13", "r14"]}, {"day": 3, "shift": "late", "rooms": ["r03", "r04", "r05", "r06"]}, {"day": 4, "shift": "late", "rooms": ["r06", "r07", "r08"]}, {"day": 5, "shift": "late", "rooms": ["r04", "r05", "r06", "r07"]}, {"day": 6, "shift": "late", "rooms": ["r03", "r04", "r05", "r06", "r07"]}, {"day": 7, "shift": "night", "rooms": ["r03", "r04", "r05", "r06", "r07", "r08", "r09", "r10", "r11", "r12", "r13", "r14", "r15", "r16", "r17", "r18", "r19", "r20"]}, {"day": 9, "shift": "night", "rooms": ["r10", "r11", "r12", "r13", "r14", "r15", "r16", "r17", "r18", "r19", "r20"]}, {"day": 11, "shift": "night", "rooms": ["r02", "r03", "r04", "r05", "r06", "r07", "r08", "r09", "r10", "r11", "r12", "r13", "r14", "r15", "r16", "r17", "r18", "r19", "r20"]}, {"day": 14, "shift": "night", "rooms": ["r00", "r01", "r02", "r03", "r04", "r05", "r06", "r07", "r08", "r09", "r10", "r11", "r12", "r13", "r14", "r15", "r16", "r17", "r18", "r19", "r20"]}, {"day": 20, "shift": "late", "rooms": ["r00", "r01", "r02", "r03", "r04", "r05", "r06", "r07", "r08", "r09", "r10", "r11", "r12", "r13", "r14", "r15", "r16", "r17", "r18", "r19", "r20"]}, {"day": 16, "shift": "night", "rooms": ["r16"]}]}, {"id": "n006", "assignments": [{"day": 1, "shift": "late", "rooms": ["r14", "r15", "r16", "r17", "r18", "r19"]}, {"day": 2, "shift": "late", "rooms": ["r15", "r16", "r17", "r18", "r19", "r20"]}, {"day": 4, "shift": "early", "rooms": ["r00", "r01", "r02"]}, {"day": 5, "shift": "early", "rooms": ["r04", "r05"]}, {"day": 6, "shift": "night", "rooms": ["r06", "r07", "r08", "r09", "r10", "r11", "r12", "r13"]}, {"day": 8, "shift": "early", "rooms": ["r00", "r01", "r02"]}, {"day": 9, "shift": "late", "rooms": ["r00", "r01", "r02"]}, {"day": 10, "shift": "late", "rooms": ["r05", "r06", "r07", "r08", "r09", "r10", "r11", "r12", "r13", "r14", "r15", "r16", "r17", "r18", "r19", "r20"]}, {"day": 12, "shift": "late", "rooms": ["r03", "r04", "r05", "r06", "r07", "r08", "r09", "r10", "r11", "r12", "r13", "r14", "r15", "r16", "r17", "r18", "r19", "r20"]}, {"day": 11, "shift": "late", "rooms": ["r06"]}]}, {"id": "n007", "assignments": [{"day": 2, "shift": "early", "rooms": ["r04", "r05", "r06"]}, {"day": 3, "shift": "early", "rooms": ["r03", "r04", "r05"]}, {"day": 4, "shift": "night", "rooms": ["r09", "r10", "r11", "r12", "r13", "r14", "r15", "r16", "r17", "r18", "r19", "r20"]}, {"day": 6, "shift": "night", "rooms": ["r14", "r15", "r16", "r17", "r18", "r19", "r20"]}, {"day": 8, "shift": "early", "rooms": ["r03", "r04", "r05", "r06", "r07", "r08", "r09"]}, {"day": 9, "shift": "early", "rooms": ["r03", "r04", "r05", "r06", "r07", "r08", "r09"]}]}, {"id": "n008", "assignments": [{"day": 1, "shift": "late", "rooms": ["r20"]}, {"day": 3, "shift": "early", "rooms": ["r06", "r07"]}, {"day": 4, "shift": "early", "rooms": ["r03", "r04"]}, {"day": 5, "shift": "early", "rooms": ["r06", "r07"]}, {"day": 6, "shift": "early", "rooms": ["r02", "r03", "r04"]}, {"day": 7, "shift": "early", "rooms": ["r08", "r09", "r10", "r11", "r12", "r13", "r14", "r15", "r16", "r17", "r18", "r19", "r20"]}, {"day": 9, "shift": "late", "rooms": ["r03", "r04", "r05", "r06", "r07", "r08", "r09"]}, {"day": 10, "shift": "late", "rooms": ["r03"]}]}, {"id": "n009", "assignments": [{"day": 2, "shift": "night", "rooms": ["r04", "r05", "r06", "r07", "r08", "r09", "r10", "r11", "r12"]}, {"day": 9, "shift": "early", "rooms": ["r10", "r11", "r12", "r13", "r14", "r15", "r16", "r17", "r18", "r19", "r20"]}, {"day": 11, "shift": "early", "rooms": ["r05", "r06", "r07", "r08", "r09", "r10", "r11", "r12", "r13", "r14", "r15", "r16", "r17", "r18", "r19", "r20"]}]}, {"id": "n010", "assignments": [{"day": 4, "shift": "late", "rooms": ["r09", "r10", "r11", "r12", "r13", "r14", "r15", "r16", "r17", "r18", "r19", "r20"]}, {"day": 5, "shift": "late", "rooms": ["r08", "r09", "r10", "r11", "r12", "r13", "r14", "r15", "r16", "r17", "r18", "r19", "r20"]}, {"day": 8, "shift": "early", "rooms": ["r12", "r18", "r17", "r19", "r14", "r13", "r16", "r10", "r11", "r20"]}, {"day": 9, "shift": "late", "rooms": ["r13", "r20", "r10", "r16", "r17", "r12", "r19", "r11", "r18", "r14"]}, {"day": 0, "shift": "late", "rooms": ["r11"]}]}, {"id": "n011", "assignments": [{"day": 3, "shift": "early", "rooms": ["r11", "r10", "r19", "r15", "r17", "r14", "r12", "r13", "r16", "r20", "r18"]}, {"day": 0, "shift": "late", "rooms": ["r10"]}, {"day": 11, "shift": "early", "rooms": ["r00"]}]}, {"id": "n012", "assignments": [{"day": 1, "shift": "early", "rooms": ["r05", "r06", "r07"]}, {"day": 2, "shift": "early", "rooms": ["r07", "r08", "r09", "r10", "r11", "r12", "r13", "r14"]}, {"day": 4, "shift": "early", "rooms": ["r05", "r06"]}, {"day": 5, "shift": "early", "rooms": ["r08", "r09", "r10", "r11", "r12", "r13", "r14", "r15", "r16", "r17", "r18", "r19", "r20"]}, {"day": 6, "shift": "early", "rooms": ["r05", "r06", "r07", "r08"]}, {"day": 13, "shift": "night", "rooms": ["r13", "r10", "r04", "r11", "r08", "r03", "r09", "r02", "r16", "r05", "r06", "r20", "r17", "r14", "r07", "r15", "r00", "r12", "r01", "r19"]}, {"day": 7, "shift": "early", "rooms": ["r15", "r08"]}]}, {"id": "n013", "assignments": [{"day": 1, "shift": "night", "rooms": ["r05", "r06", "r07"]}, {"day": 6, "shift": "late", "rooms": ["r08", "r09", "r10", "r11", "r12", "r13", "r14"]}]}, {"id": "n014", "assignments": [{"day": 0, "shift": "night", "rooms": ["r00", "r01", "r02", "r03"]}, {"day": 1, "shift": "night", "rooms": ["r08", "r09", "r10", "r11", "r12", "r13", "r14", "r15", "r16", "r17", "r18", "r19", "r20"]}, {"day": 2, "shift": "night", "rooms": ["r13", "r14", "r15", "r16", "r17", "r18", "r19", "r20"]}, {"day": 4, "shift": "early", "rooms": ["r07", "r08", "r09", "r10", "r11", "r12", "r13", "r14"]}, {"day": 6, "shift": "early", "rooms": ["r09", "r10", "r11", "r12", "r13", "r14", "r15", "r16", "r17", "r18", "r19", "r20"]}]}, {"id": "n015", "assignments": [{"day": 0, "shift": "night", "rooms": ["r04", "r05", "r06", "r07", "r08", "r09", "r10", "r11", "r12"]}, {"day": 7, "shift": "late", "rooms": ["r03", "r04", "r05"]}, {"day": 8, "shift": "late", "rooms": ["r03", "r04", "r05", "r06", "r07", "r08", "r09"]}]}, {"id": "n016", "assignments": [{"day": 0, "shift": "night", "rooms": ["r19", "r18", "r16", "r15", "r17", "r13"]}, {"day": 4, "shift": "early", "rooms": ["r15", "r16", "r17", "r18", "r19", "r20"]}, {"day": 1, "shift": "night", "rooms": ["r18"]}, {"day": 20, "shift": "early", "rooms": ["r16"]}, {"day": 7, "shift": "early", "rooms": ["r12"]}]}, {"id": "n017", "assignments": [{"day": 0, "shift": "night", "rooms": ["r20"]}]}, {"id": "n019", "assignments": [{"day": 6, "shift": "late", "rooms": ["r15", "r16", "r17", "r18", "r19", "r20"]}, {"day": 7, "shift": "late", "rooms": ["r06", "r07", "r08", "r09", "r10", "r11", "r12", "r13", "r14"]}, {"day": 3, "shift": "early", "rooms": ["r07"]}, {"day": 0, "shift": "night", "rooms": ["r07", "r14"]}]}, {"id": "n020", "assignments": [{"day": 3, "shift": "late", "rooms": ["r07", "r08", "r09", "r10", "r11", "r12", "r13", "r14"]}, {"day": 8, "shift": "late", "rooms": ["r10", "r11", "r12", "r13", "r14", "r15", "r16", "r17", "r18", "r19", "r20"]}]}, {"id": "n022", "assignments": [{"day": 2, "shift": "early", "rooms": ["r15", "r16", "r17", "r18", "r19", "r20"]}, {"day": 8, "shift": "early", "rooms": ["r15"]}, {"day": 6, "shift": "early", "rooms": ["r02"]}]}, {"id": "n023", "assignments": [{"day": 1, "shift": "early", "rooms": ["r08", "r09", "r10", "r11", "r12", "r13", "r14"]}, {"day": 7, "shift": "late", "rooms": ["r18", "r20", "r17", "r19", "r15"]}]}, {"id": "n024", "assignments": [{"day": 0, "shift": "early", "rooms": ["r10", "r11", "r12", "r13", "r14"]}, {"day": 1, "shift": "early", "rooms": ["r15", "r16", "r17", "r18", "r19", "r20"]}, {"day": 3, "shift": "late", "rooms": ["r15", "r16", "r17", "r18", "r19", "r20"]}, {"day": 2, "shift": "late", "rooms": []}, {"day": 11, "shift": "night", "rooms": ["r03"]}, {"day": 4, "shift": "night", "rooms": ["r16"]}]}, {"id": "n025", "assignments": [{"day": 0, "shift": "early", "rooms": ["r15", "r16", "r17", "r18"]}, {"day": 20, "shift": "night", "rooms": ["r14"]}]}, {"id": "n026", "assignments": [{"day": 0, "shift": "early", "rooms": ["r19", "r20"]}, {"day": 8, "shift": "late", "rooms": ["r13", "r09"]}]}], "room_allocation": {"(0, 'r00')": [["a12", "B", "elderly"]], "(0, 'r01')": [["a27", "A", "elderly"], ["a28", "A", "elderly"]], "(0, 'r02')": [["a10", "B", "elderly"], ["a22", "B", "elderly"]], "(0, 'r03')": [["a04", "A", "elderly"]], "(0, 'r04')": [["a08", "B", "elderly"], ["a29", "B", "elderly"]], "(0, 'r05')": [["a09", "B", "elderly"], ["a14", "B", "elderly"]], "(0, 'r06')": [["a20", "B", "elderly"], ["a25", "B", "elderly"]], "(0, 'r07')": [["a21", "A", "adult"]], "(0, 'r08')": [], "(0, 'r09')": [["a03", "B", "elderly"]], "(0, 'r10')": [["a06", "B", "elderly"]], "(0, 'r11')": [["a05", "A", "elderly"]], "(0, 'r12')": [["a07", "B", "elderly"]], "(0, 'r13')": [["a01", "B", "adult"], ["a16", "B", "elderly"], ["a26", "B", "adult"]], "(0, 'r14')": [["a00", "B", "elderly"], ["a24", "B", "elderly"]], "(0, 'r15')": [["a23", "A", "elderly"]], "(0, 'r16')": [["a13", "A", "elderly"]], "(0, 'r17')": [["a17", "B", "adult"], ["a19", "B", "elderly"]], "(0, 'r18')": [["a11", "A", "elderly"], ["a15", "A", "adult"]], "(0, 'r19')": [["a02", "B", "elderly"], ["a30", "B", "elderly"]], "(0, 'r20')": [["a18", "A", "elderly"]], "(1, 'r00')": [["a12", "B", "elderly"], ["p169", "B", "adult"]], "(1, 'r01')": [["a27", "A", "elderly"], ["a28", "A", "elderly"]], "(1, 'r02')": [["a10", "B", "elderly"], ["a22", "B", "elderly"]], "(1, 'r03')": [["a04", "A", "elderly"], ["p253", "A", "adult"], ["p260", "A", "elderly"]], "(1, 'r04')": [["a29", "B", "elderly"], ["p130", "B", "elderly"]], "(1, 'r05')": [["a09", "B", "elderly"], ["p135", "B", "elderly"]], "(1, 'r06')": [["p102", "A", "elderly"], ["p290", "A", "elderly"], ["p035", "A", "elderly"]], "(1, 'r07')": [["a21", "A", "adult"], ["p250", "A", "infant"]], "(1, 'r08')": [], "(1, 'r09')": [], "(1, 'r10')": [["a06", "B", "elderly"]], "(1, 'r11')": [["a05", "A", "elderly"], ["p241", "A", "elderly"]], "(1, 'r12')": [["a07", "B", "elderly"]], "(1, 'r13')": [["a01", "B", "adult"], ["a26", "B", "adult"], ["p256", "B", "adult"]], "(1, 'r14')": [["a00", "B", "elderly"], ["a24", "B", "elderly"]], "(1, 'r15')": [], "(1, 'r16')": [["a13", "A", "elderly"], ["p107", "A", "elderly"], ["p138", "A", "elderly"]], "(1, 'r17')": [["a17", "B", "adult"], ["a19", "B", "elderly"]], "(1, 'r18')": [["a11", "A", "elderly"], ["a15", "A", "adult"]], "(1, 'r19')": [["a02", "B", "elderly"], ["a30", "B", "elderly"], ["p000", "B", "elderly"], ["p247", "B", "elderly"]], "(1, 'r20')": [["a18", "A", "elderly"]], "(2, 'r00')": [["p169", "B", "adult"], ["p211", "B", "elderly"]], "(2, 'r01')": [["p174", "A", "elderly"], ["p014", "A", "elderly"]], "(2, 'r02')": [["a10", "B", "elderly"]], "(2, 'r03')": [["a04", "A", "elderly"], ["p253", "A", "adult"], ["p260", "A", "elderly"]], "(2, 'r04')": [["p130", "B", "elderly"]], "(2, 'r05')": [["a09", "B", "elderly"], ["p135", "B", "elderly"]], "(2, 'r06')": [["p102", "A", "elderly"], ["p290", "A", "elderly"], ["p106", "A", "elderly"], ["p035", "A", "elderly"]], "(2, 'r07')": [["a21", "A", "adult"], ["p250", "A", "infant"]], "(2, 'r08')": [], "(2, 'r09')": [], "(2, 'r10')": [["p176", "A", "elderly"]], "(2, 'r11')": [["p241", "A", "elderly"]], "(2, 'r12')": [["a07", "B", "elderly"]], "(2, 'r13')": [["a01", "B", "adult"], ["p256", "B", "adult"]], "(2, 'r14')": [["a00", "B", "elderly"], ["a24", "B", "elderly"], ["p061", "B", "elderly"]], "(2, 'r15')": [], "(2, 'r16')": [["p107", "A", "elderly"], ["p138", "A", "elderly"]], "(2, 'r17')": [["a17", "B", "adult"], ["a19", "B", "elderly"]], "(2, 'r18')": [["a15", "A", "adult"]], "(2, 'r19')": [["p000", "B", "elderly"], ["p167", "B", "elderly"], ["p247", "B", "elderly"]], "(2, 'r20')": [["p140", "B", "adult"], ["p238", "B", "elderly"]], "(3, 'r00')": [["p169", "B", "adult"], ["p211", "B", "elderly"]], "(3, 'r01')": [["p174", "A", "elderly"], ["p014", "A", "elderly"]], "(3, 'r02')": [["p265", "B", "elderly"]], "(3, 'r03')": [["p253", "A", "adult"], ["p260", "A", "elderly"], ["p132", "A", "elderly"]], "(3, 'r04')": [["p130", "B", "elderly"], ["p281", "B", "adult"]], "(3, 'r05')": [["a09", "B", "elderly"], ["p135", "B", "elderly"]], "(3, 'r06')": [["p102", "A", "elderly"], ["p290", "A", "elderly"], ["p106", "A", "elderly"], ["p035", "A", "elderly"]], "(3, 'r07')": [["p250", "A", "infant"], ["p019", "A", "elderly"]], "(3, 'r08')": [], "(3, 'r09')": [], "(3, 'r10')": [["p176", "A", "elderly"]], "(3, 'r11')": [["p205", "A", "elderly"], ["p241", "A", "elderly"]], "(3, 'r12')": [["p123", "B", "infant"]], "(3, 'r13')": [["a01", "B", "adult"], ["p108", "B", "adult"], ["p256", "B", "adult"]], "(3, 'r14')": [["a00", "B", "elderly"], ["a24", "B", "elderly"], ["p061", "B", "elderly"]], "(3, 'r15')": [["p142", "A", "elderly"], ["p126", "A", "adult"]], "(3, 'r16')": [["p008", "A", "elderly"], ["p107", "A", "elderly"], ["p138", "A", "elderly"], ["p273", "A", "elderly"]], "(3, 'r17')": [["a17", "B", "adult"]], "(3, 'r18')": [["p097", "A", "elderly"], ["p146", "A", "elderly"]], "(3, 'r19')": [["p000", "B", "elderly"], ["p167", "B", "elderly"], ["p247", "B", "elderly"]], "(3, 'r20')": [["p140", "B", "adult"], ["p238", "B", "elderly"]], "(4, 'r00')": [["p169", "B", "adult"], ["p211", "B", "elderly"]], "(4, 'r01')": [["p174", "A", "elderly"], ["p014", "A", "elderly"]], "(4, 'r02')": [["p265", "B", "elderly"], ["p016", "B", "elderly"]], "(4, 'r03')": [["p253", "A", "adult"], ["p132", "A", "elderly"], ["p006", "A", "adult"]], "(4, 'r04')": [["p130", "B", "elderly"], ["p281", "B", "adult"]], "(4, 'r05')": [["a09", "B", "elderly"], ["p135", "B", "elderly"], ["p208", "B", "elderly"]], "(4, 'r06')": [["p102", "A", "elderly"], ["p106", "A", "elderly"], ["p029", "A", "elderly"], ["p215", "A", "elderly"]], "(4, 'r07')": [["p250", "A", "infant"], ["p019", "A", "elderly"]], "(4, 'r08')": [["p055", "A", "elderly"], ["p058", "A", "elderly"]], "(4, 'r09')": [], "(4, 'r10')": [["p158", "B", "elderly"], ["p173", "B", "elderly"]], "(4, 'r11')": [["p205", "A", "elderly"], ["p283", "A", "adult"]], "(4, 'r12')": [["p069", "B", "elderly"], ["p123", "B", "infant"]], "(4, 'r13')": [["a01", "B", "adult"], ["p108", "B", "adult"], ["p251", "B", "elderly"]], "(4, 'r14')": [["a00", "B", "elderly"], ["a24", "B", "elderly"], ["p061", "B", "elderly"]], "(4, 'r15')": [["p142", "A", "elderly"], ["p126", "A", "adult"]], "(4, 'r16')": [["p008", "A", "elderly"], ["p107", "A", "elderly"], ["p138", "A", "elderly"], ["p273", "A", "elderly"]], "(4, 'r17')": [], "(4, 'r18')": [["p097", "A", "elderly"], ["p146", "A", "elderly"]], "(4, 'r19')": [["p000", "B", "elderly"], ["p120", "B", "elderly"], ["p152", "B", "elderly"], ["p167", "B", "elderly"]], "(4, 'r20')": [["p140", "B", "adult"], ["p238", "B", "elderly"]], "(5, 'r00')": [["p211", "B", "elderly"]], "(5, 'r01')": [["p174", "A", "elderly"], ["p014", "A", "elderly"]], "(5, 'r02')": [["p265", "B", "elderly"], ["p016", "B", "elderly"]], "(5, 'r03')": [["p132", "A", "elderly"], ["p006", "A", "adult"]], "(5, 'r04')": [["p130", "B", "elderly"], ["p281", "B", "adult"]], "(5, 'r05')": [["a09", "B", "elderly"], ["p135", "B", "elderly"], ["p208", "B", "elderly"]], "(5, 'r06')": [["p029", "A", "elderly"], ["p215", "A", "elderly"]], "(5, 'r07')": [["p250", "A", "infant"], ["p019", "A", "elderly"]], "(5, 'r08')": [["p055", "A", "elderly"], ["p058", "A", "elderly"]], "(5, 'r09')": [], "(5, 'r10')": [["p158", "B", "elderly"], ["p173", "B", "elderly"], ["p259", "B", "elderly"]], "(5, 'r11')": [["p283", "A", "adult"]], "(5, 'r12')": [["p069", "B", "elderly"]], "(5, 'r13')": [["a01", "B", "adult"], ["p108", "B", "adult"], ["p251", "B", "elderly"]], "(5, 'r14')": [["a00", "B", "elderly"], ["a24", "B", "elderly"], ["p061", "B", "elderly"]], "(5, 'r15')": [["p142", "A", "elderly"], ["p126", "A", "adult"]], "(5, 'r16')": [["p273", "A", "elderly"]], "(5, 'r17')": [], "(5, 'r18')": [["p146", "A", "elderly"], ["p196", "A", "elderly"]], "(5, 'r19')": [["p120", "B", "elderly"], ["p152", "B", "elderly"], ["p167", "B", "elderly"]], "(5, 'r20')": [["p140", "B", "adult"], ["p238", "B", "elderly"]], "(6, 'r00')": [["p211", "B", "elderly"], ["p183", "B", "adult"]], "(6, 'r01')": [["p174", "A", "elderly"], ["p141", "A", "elderly"]], "(6, 'r02')": [["p265", "B", "elderly"], ["p016", "B", "elderly"]], "(6, 'r03')": [["p006", "A", "adult"], ["p052", "A", "elderly"]], "(6, 'r04')": [["p130", "B", "elderly"], ["p005", "B", "elderly"]], "(6, 'r05')": [["a09", "B", "elderly"], ["p135", "B", "elderly"], ["p208", "B", "elderly"]], "(6, 'r06')": [["p029", "A", "elderly"], ["p137", "A", "elderly"]], "(6, 'r07')": [["p250", "A", "infant"], ["p019", "A", "elderly"]], "(6, 'r08')": [["p055", "A", "elderly"], ["p058", "A", "elderly"]], "(6, 'r09')": [["p068", "B", "elderly"]], "(6, 'r10')": [["p259", "B", "elderly"]], "(6, 'r11')": [], "(6, 'r12')": [["p069", "B", "elderly"], ["p172", "B", "elderly"]], "(6, 'r13')": [["a01", "B", "adult"], ["p108", "B", "adult"], ["p251", "B", "elderly"]], "(6, 'r14')": [["a00", "B", "elderly"], ["a24", "B", "elderly"], ["p209", "B", "infant"]], "(6, 'r15')": [["p142", "A", "elderly"]], "(6, 'r16')": [["p273", "A", "elderly"]], "(6, 'r17')": [], "(6, 'r18')": [["p146", "A", "elderly"], ["p196", "A", "elderly"]], "(6, 'r19')": [["p120", "B", "elderly"], ["p152", "B", "elderly"]], "(6, 'r20')": [], "(7, 'r00')": [["p211", "B", "elderly"], ["p183", "B", "adult"]], "(7, 'r01')": [["p174", "A", "elderly"], ["p141", "A", "elderly"]], "(7, 'r02')": [["p265", "B", "elderly"], ["p016", "B", "elderly"]], "(7, 'r03')": [["p006", "A", "adult"], ["p280", "A", "elderly"], ["p052", "A", "elderly"]], "(7, 'r04')": [["p130", "B", "elderly"], ["p005", "B", "elderly"]], "(7, 'r05')": [["p208", "B", "elderly"], ["p116", "B", "elderly"], ["p288", "B", "elderly"]], "(7, 'r06')": [["p029", "A", "elderly"], ["p045", "A", "elderly"], ["p137", "A", "elderly"]], "(7, 'r07')": [["p019", "A", "elderly"], ["p293", "A", "elderly"]], "(7, 'r08')": [["p055", "A", "elderly"], ["p162", "A", "adult"]], "(7, 'r09')": [["p068", "B", "elderly"]], "(7, 'r10')": [["p004", "A", "elderly"], ["p077", "A", "adult"], ["p100", "A", "elderly"], ["p145", "A", "elderly"]], "(7, 'r11')": [], "(7, 'r12')": [["p069", "B", "elderly"], ["p172", "B", "elderly"]], "(7, 'r13')": [["p251", "B", "elderly"]], "(7, 'r14')": [["a00", "B", "elderly"], ["p209", "B", "infant"]], "(7, 'r15')": [["p142", "A", "elderly"], ["p203", "A", "elderly"]], "(7, 'r16')": [], "(7, 'r17')": [["p258", "A", "adult"]], "(7, 'r18')": [["p026", "A", "elderly"], ["p196", "A", "elderly"]], "(7, 'r19')": [["p120", "B", "elderly"], ["p152", "B", "elderly"]], "(7, 'r20')": [["p154", "B", "elderly"]], "(8, 'r00')": [["p133", "B", "elderly"], ["p183", "B", "adult"]], "(8, 'r01')": [["p174", "A", "elderly"], ["p141", "A", "elderly"]], "(8, 'r02')": [["p265", "B", "elderly"]], "(8, 'r03')": [["p280", "A", "elderly"]], "(8, 'r04')": [["p130", "B", "elderly"], ["p235", "B", "elderly"]], "(8, 'r05')": [["p208", "B", "elderly"], ["p116", "B", "elderly"], ["p288", "B", "elderly"]], "(8, 'r06')": [["p045", "A", "elderly"], ["p137", "A", "elderly"], ["p149", "A", "elderly"]], "(8, 'r07')": [["p150", "A", "elderly"], ["p293", "A", "elderly"]], "(8, 'r08')": [["p055", "A", "elderly"], ["p162", "A", "adult"]], "(8, 'r09')": [], "(8, 'r10')": [["p004", "A", "elderly"], ["p077", "A", "adult"], ["p100", "A", "elderly"], ["p145", "A", "elderly"]], "(8, 'r11')": [["p202", "A", "elderly"]], "(8, 'r12')": [["p172", "B", "elderly"]], "(8, 'r13')": [["p114", "B", "adult"]], "(8, 'r14')": [["a00", "B", "elderly"], ["p209", "B", "infant"], ["p213", "B", "adult"]], "(8, 'r15')": [["p203", "A", "elderly"]], "(8, 'r16')": [["p287", "B", "adult"]], "(8, 'r17')": [["p258", "A", "adult"]], "(8, 'r18')": [["p026", "A", "elderly"]], "(8, 'r19')": [["p093", "A", "adult"], ["p243", "A", "elderly"]], "(8, 'r20')": [["p154", "B", "elderly"]], "(9, 'r00')": [["p095", "B", "elderly"], ["p133", "B", "elderly"]], "(9, 'r01')": [["p141", "A", "elderly"], ["p071", "A", "elderly"]], "(9, 'r02')": [["p063", "B", "adult"], ["p265", "B", "elderly"]], "(9, 'r03')": [["p280", "A", "elderly"], ["p007", "A", "elderly"], ["p261", "A", "adult"]], "(9, 'r04')": [["p235", "B", "elderly"]], "(9, 'r05')": [["p208", "B", "elderly"], ["p288", "B", "elderly"]], "(9, 'r06')": [["p002", "A", "elderly"], ["p045", "A", "elderly"], ["p149", "A", "elderly"]], "(9, 'r07')": [["p150", "A", "elderly"], ["p293", "A", "elderly"]], "(9, 'r08')": [["p162", "A", "adult"]], "(9, 'r09')": [], "(9, 'r10')": [["p004", "A", "elderly"], ["p030", "A", "elderly"], ["p077", "A", "adult"], ["p145", "A", "elderly"]], "(9, 'r11')": [["p067", "A", "elderly"], ["p202", "A", "elderly"]], "(9, 'r12')": [["p113", "B", "elderly"]], "(9, 'r13')": [["p114", "B", "adult"]], "(9, 'r14')": [["a00", "B", "elderly"], ["p209", "B", "infant"], ["p213", "B", "adult"]], "(9, 'r15')": [], "(9, 'r16')": [["p287", "B", "adult"]], "(9, 'r17')": [["p258", "A", "adult"]], "(9, 'r18')": [["p026", "A", "elderly"]], "(9, 'r19')": [["p093", "A", "adult"], ["p094", "A", "adult"], ["p243", "A", "elderly"]], "(9, 'r20')": [["p154", "B", "elderly"], ["p245", "B", "elderly"]], "(10, 'r00')": [["p095", "B", "elderly"]], "(10, 'r01')": [["p071", "A", "elderly"], ["p056", "A", "elderly"]], "(10, 'r02')": [["p063", "B", "adult"], ["p265", "B", "elderly"]], "(10, 'r03')": [["p280", "A", "elderly"], ["p007", "A", "elderly"], ["p261", "A", "adult"]], "(10, 'r04')": [], "(10, 'r05')": [["p208", "B", "elderly"], ["p288", "B", "elderly"]], "(10, 'r06')": [["p002", "A", "elderly"], ["p045", "A", "elderly"], ["p117", "A", "adult"], ["p149", "A", "elderly"]], "(10, 'r07')": [], "(10, 'r08')": [["p162", "A", "adult"], ["p292", "A", "elderly"]], "(10, 'r09')": [], "(10, 'r10')": [["p030", "A", "elderly"]], "(10, 'r11')": [["p067", "A", "elderly"], ["p202", "A", "elderly"]], "(10, 'r12')": [["p113", "B", "elderly"]], "(10, 'r13')": [["p114", "B", "adult"]], "(10, 'r14')": [["p209", "B", "infant"], ["p213", "B", "adult"]], "(10, 'r15')": [], "(10, 'r16')": [["p287", "B", "adult"]], "(10, 'r17')": [["p218", "A", "elderly"], ["p262", "A", "elderly"]], "(10, 'r18')": [], "(10, 'r19')": [["p093", "A", "adult"], ["p094", "A", "adult"], ["p195", "A", "elderly"]], "(10, 'r20')": [["p245", "B", "elderly"]], "(11, 'r00')": [["p166", "A", "elderly"], ["p181", "A", "elderly"]], "(11, 'r01')": [["p071", "A", "elderly"], ["p056", "A", "elderly"]], "(11, 'r02')": [["p063", "B", "adult"]], "(11, 'r03')": [], "(11, 'r04')": [["p078", "B", "infant"]], "(11, 'r05')": [["p208", "B", "elderly"]], "(11, 'r06')": [["p279", "A", "adult"], ["p117", "A", "adult"]], "(11, 'r07')": [], "(11, 'r08')": [["p292", "A", "elderly"]], "(11, 'r09')": [], "(11, 'r10')": [["p030", "A", "elderly"]], "(11, 'r11')": [["p067", "A", "elderly"]], "(11, 'r12')": [], "(11, 'r13')": [["p114", "B", "adult"]], "(11, 'r14')": [["p213", "B", "adult"]], "(11, 'r15')": [], "(11, 'r16')": [["p230", "B", "elderly"]], "(11, 'r17')": [["p218", "A", "elderly"], ["p262", "A", "elderly"]], "(11, 'r18')": [], "(11, 'r19')": [["p032", "A", "elderly"], ["p093", "A", "adult"], ["p094", "A", "adult"], ["p195", "A", "elderly"]], "(11, 'r20')": [["p245", "B", "elderly"], ["p233", "B", "elderly"]], "(12, 'r00')": [["p166", "A", "elderly"], ["p181", "A", "elderly"]], "(12, 'r01')": [["p071", "A", "elderly"], ["p056", "A", "elderly"]], "(12, 'r02')": [["p063", "B", "adult"]], "(12, 'r03')": [], "(12, 'r04')": [["p078", "B", "infant"]], "(12, 'r05')": [], "(12, 'r06')": [["p279", "A", "adult"]], "(12, 'r07')": [], "(12, 'r08')": [["p264", "A", "elderly"], ["p292", "A", "elderly"]], "(12, 'r09')": [], "(12, 'r10')": [], "(12, 'r11')": [["p201", "B", "elderly"]], "(12, 'r12')": [], "(12, 'r13')": [], "(12, 'r14')": [], "(12, 'r15')": [], "(12, 'r16')": [["p230", "B", "elderly"]], "(12, 'r17')": [["p218", "A", "elderly"]], "(12, 'r18')": [], "(12, 'r19')": [["p032", "A", "elderly"], ["p094", "A", "adult"], ["p195", "A", "elderly"], ["p197", "A", "adult"]], "(12, 'r20')": [["p233", "B", "elderly"]], "(13, 'r00')": [["p166", "A", "elderly"]], "(13, 'r01')": [["p071", "A", "elderly"], ["p034", "A", "adult"]], "(13, 'r02')": [["p018", "B", "elderly"]], "(13, 'r03')": [["p039", "B", "elderly"], ["p186", "B", "elderly"]], "(13, 'r04')": [["p078", "B", "infant"]], "(13, 'r05')": [["p031", "B", "elderly"]], "(13, 'r06')": [["p279", "A", "adult"]], "(13, 'r07')": [["p147", "A", "elderly"]], "(13, 'r08')": [["p264", "A", "elderly"], ["p292", "A", "elderly"]], "(13, 'r09')": [], "(13, 'r10')": [["p057", "A", "elderly"], ["p255", "A", "elderly"]], "(13, 'r11')": [["p201", "B", "elderly"], ["p223", "B", "elderly"]], "(13, 'r12')": [["p129", "A", "elderly"]], "(13, 'r13')": [["p179", "A", "elderly"]], "(13, 'r14')": [], "(13, 'r15')": [["p219", "A", "elderly"]], "(13, 'r16')": [["p033", "B", "adult"]], "(13, 'r17')": [["p090", "B", "elderly"]], "(13, 'r18')": [], "(13, 'r19')": [["p032", "A", "elderly"], ["p195", "A", "elderly"], ["p197", "A", "adult"]], "(13, 'r20')": [["p233", "B", "elderly"]], "(14, 'r00')": [], "(14, 'r01')": [["p071", "A", "elderly"], ["p034", "A", "adult"]], "(14, 'r02')": [["p001", "B", "adult"], ["p018", "B", "elderly"]], "(14, 'r03')": [["p039", "B", "elderly"], ["p186", "B", "elderly"]], "(14, 'r04')": [["p078", "B", "infant"]], "(14, 'r05')": [["p031", "B", "elderly"]], "(14, 'r06')": [["p279", "A", "adult"]], "(14, 'r07')": [["p147", "A", "elderly"]], "(14, 'r08')": [["p264", "A", "elderly"]], "(14, 'r09')": [["p105", "A", "adult"]], "(14, 'r10')": [["p057", "A", "elderly"], ["p255", "A", "elderly"]], "(14, 'r11')": [["p201", "B", "elderly"], ["p223", "B", "elderly"]], "(14, 'r12')": [["p129", "A", "elderly"]], "(14, 'r13')": [["p179", "A", "elderly"]], "(14, 'r14')": [["p065", "A", "adult"], ["p081", "A", "elderly"]], "(14, 'r15')": [["p219", "A", "elderly"], ["p271", "A", "elderly"]], "(14, 'r16')": [["p033", "B", "adult"]], "(14, 'r17')": [["p090", "B", "elderly"], ["p110", "B", "elderly"]], "(14, 'r18')": [["p263", "B", "elderly"], ["p282", "B", "elderly"]], "(14, 'r19')": [["p032", "A", "elderly"], ["p197", "A", "adult"]], "(14, 'r20')": [["p233", "B", "elderly"]], "(15, 'r00')": [], "(15, 'r01')": [["p071", "A", "elderly"], ["p034", "A", "adult"]], "(15, 'r02')": [["p001", "B", "adult"], ["p018", "B", "elderly"]], "(15, 'r03')": [["p039", "B", "elderly"], ["p186", "B", "elderly"]], "(15, 'r04')": [["p078", "B", "infant"]], "(15, 'r05')": [], "(15, 'r06')": [["p279", "A", "adult"]], "(15, 'r07')": [["p147", "A", "elderly"]], "(15, 'r08')": [["p264", "A", "elderly"]], "(15, 'r09')": [["p105", "A", "adult"]], "(15, 'r10')": [["p057", "A", "elderly"], ["p255", "A", "elderly"]], "(15, 'r11')": [["p201", "B", "elderly"]], "(15, 'r12')": [["p129", "A", "elderly"], ["p210", "A", "elderly"]], "(15, 'r13')": [], "(15, 'r14')": [["p065", "A", "adult"], ["p081", "A", "elderly"]], "(15, 'r15')": [["p271", "A", "elderly"]], "(15, 'r16')": [["p033", "B", "adult"]], "(15, 'r17')": [["p090", "B", "elderly"], ["p110", "B", "elderly"]], "(15, 'r18')": [["p263", "B", "elderly"], ["p282", "B", "elderly"]], "(15, 'r19')": [["p197", "A", "adult"]], "(15, 'r20')": [["p233", "B", "elderly"]], "(16, 'r00')": [], "(16, 'r01')": [["p034", "A", "adult"], ["p060", "A", "elderly"]], "(16, 'r02')": [["p001", "B", "adult"]], "(16, 'r03')": [["p186", "B", "elderly"]], "(16, 'r04')": [], "(16, 'r05')": [["p079", "B", "elderly"]], "(16, 'r06')": [["p279", "A", "adult"]], "(16, 'r07')": [], "(16, 'r08')": [], "(16, 'r09')": [["p105", "A", "adult"]], "(16, 'r10')": [["p057", "A", "elderly"]], "(16, 'r11')": [], "(16, 'r12')": [["p129", "A", "elderly"], ["p210", "A", "elderly"]], "(16, 'r13')": [], "(16, 'r14')": [["p065", "A", "adult"], ["p081", "A", "elderly"], ["p155", "A", "elderly"]], "(16, 'r15')": [["p271", "A", "elderly"]], "(16, 'r16')": [["p033", "B", "adult"]], "(16, 'r17')": [["p090", "B", "elderly"], ["p110", "B", "elderly"]], "(16, 'r18')": [["p263", "B", "elderly"]], "(16, 'r19')": [], "(16, 'r20')": [["p233", "B", "elderly"]], "(17, 'r00')": [["p182", "B", "elderly"]], "(17, 'r01')": [["p034", "A", "adult"], ["p060", "A", "elderly"]], "(17, 'r02')": [["p054", "B", "elderly"], ["p165", "B", "elderly"]], "(17, 'r03')": [["p266", "A", "elderly"]], "(17, 'r04')": [], "(17, 'r05')": [["p079", "B", "elderly"]], "(17, 'r06')": [["p086", "B", "adult"], ["p091", "B", "adult"]], "(17, 'r07')": [], "(17, 'r08')": [], "(17, 'r09')": [["p105", "A", "adult"]], "(17, 'r10')": [], "(17, 'r11')": [["p050", "B", "elderly"]], "(17, 'r12')": [["p210", "A", "elderly"]], "(17, 'r13')": [["p080", "B", "elderly"]], "(17, 'r14')": [["p103", "A", "elderly"], ["p153", "A", "elderly"], ["p155", "A", "elderly"]], "(17, 'r15')": [["p190", "B", "elderly"]], "(17, 'r16')": [["p234", "A", "elderly"], ["p252", "A", "infant"]], "(17, 'r17')": [], "(17, 'r18')": [["p263", "B", "elderly"]], "(17, 'r19')": [], "(17, 'r20')": [["p159", "A", "elderly"]], "(18, 'r00')": [["p182", "B", "elderly"]], "(18, 'r01')": [["p034", "A", "adult"], ["p060", "A", "elderly"]], "(18, 'r02')": [["p054", "B", "elderly"], ["p165", "B", "elderly"]], "(18, 'r03')": [["p082", "A", "elderly"], ["p266", "A", "elderly"]], "(18, 'r04')": [], "(18, 'r05')": [["p207", "A", "elderly"]], "(18, 'r06')": [["p086", "B", "adult"], ["p091", "B", "adult"]], "(18, 'r07')": [], "(18, 'r08')": [["p124", "B", "elderly"]], "(18, 'r09')": [], "(18, 'r10')": [], "(18, 'r11')": [["p050", "B", "elderly"]], "(18, 'r12')": [], "(18, 'r13')": [["p080", "B", "elderly"], ["p144", "B", "elderly"]], "(18, 'r14')": [["p103", "A", "elderly"], ["p153", "A", "elderly"]], "(18, 'r15')": [["p010", "B", "adult"], ["p190", "B", "elderly"]], "(18, 'r16')": [["p234", "A", "elderly"], ["p252", "A", "infant"]], "(18, 'r17')": [["p240", "A", "elderly"]], "(18, 'r18')": [["p024", "B", "elderly"]], "(18, 'r19')": [["p157", "A", "elderly"], ["p212", "A", "elderly"]], "(18, 'r20')": [["p159", "A", "elderly"]], "(19, 'r00')": [["p220", "B", "elderly"], ["p231", "B", "elderly"]], "(19, 'r01')": [["p194", "B", "elderly"]], "(19, 'r02')": [["p054", "B", "elderly"], ["p165", "B", "elderly"]], "(19, 'r03')": [["p082", "A", "elderly"], ["p266", "A", "elderly"]], "(19, 'r04')": [["p189", "B", "elderly"]], "(19, 'r05')": [["p207", "A", "elderly"]], "(19, 'r06')": [["p046", "B", "adult"], ["p086", "B", "adult"], ["p091", "B", "adult"], ["p199", "B", "elderly"]], "(19, 'r07')": [["p216", "B", "elderly"]], "(19, 'r08')": [["p011", "B", "elderly"], ["p124", "B", "elderly"]], "(19, 'r09')": [["p242", "B", "elderly"]], "(19, 'r10')": [["p275", "B", "elderly"]], "(19, 'r11')": [["p188", "B", "elderly"], ["p254", "B", "elderly"]], "(19, 'r12')": [["p044", "B", "elderly"]], "(19, 'r13')": [["p080", "B", "elderly"], ["p144", "B", "elderly"], ["p237", "B", "elderly"]], "(19, 'r14')": [["p153", "A", "elderly"]], "(19, 'r15')": [["p010", "B", "adult"], ["p190", "B", "elderly"]], "(19, 'r16')": [["p229", "A", "elderly"], ["p234", "A", "elderly"], ["p252", "A", "infant"], ["p270", "A", "adult"]], "(19, 'r17')": [["p109", "A", "elderly"], ["p240", "A", "elderly"]], "(19, 'r18')": [["p024", "B", "elderly"]], "(19, 'r19')": [["p157", "A", "elderly"], ["p212", "A", "elderly"]], "(19, 'r20')": [["p053", "A", "elderly"], ["p159", "A", "elderly"]], "(20, 'r00')": [["p220", "B", "elderly"], ["p231", "B", "elderly"]], "(20, 'r01')": [["p194", "B", "elderly"], ["p277", "B", "adult"]], "(20, 'r02')": [["p054", "B", "elderly"]], "(20, 'r03')": [["p161", "B", "elderly"]], "(20, 'r04')": [["p189", "B", "elderly"]], "(20, 'r05')": [["p207", "A", "elderly"], ["p278", "A", "elderly"]], "(20, 'r06')": [["p046", "B", "adult"], ["p091", "B", "adult"], ["p199", "B", "elderly"]], "(20, 'r07')": [["p089", "B", "elderly"], ["p216", "B", "elderly"]], "(20, 'r08')": [["p011", "B", "elderly"], ["p124", "B", "elderly"]], "(20, 'r09')": [["p242", "B", "elderly"]], "(20, 'r10')": [["p275", "B", "elderly"]], "(20, 'r11')": [["p188", "B", "elderly"], ["p254", "B", "elderly"]], "(20, 'r12')": [["p044", "B", "elderly"], ["p118", "B", "elderly"]], "(20, 'r13')": [["p080", "B", "elderly"], ["p144", "B", "elderly"], ["p237", "B", "elderly"]], "(20, 'r14')": [["p286", "A", "elderly"]], "(20, 'r15')": [["p010", "B", "adult"], ["p190", "B", "elderly"]], "(20, 'r16')": [["p021", "A", "adult"], ["p229", "A", "elderly"], ["p234", "A", "elderly"], ["p270", "A", "adult"]], "(20, 'r17')": [["p109", "A", "elderly"], ["p240", "A", "elderly"]], "(20, 'r18')": [["p024", "B", "elderly"]], "(20, 'r19')": [["p064", "A", "elderly"], ["p157", "A", "elderly"], ["p180", "A", "elderly"], ["p212", "A", "elderly"]], "(20, 'r20')": [["p036", "A", "elderly"], ["p053", "A", "elderly"]]}, "theater_allocation": {"(0, 't0')": 0, "(0, 't1')": 600, "(0, 't2')": 480, "(0, 't3')": 480, "(0, 't4')": 480, "(0, 't5')": 0, "(0, 't6')": 0, "(1, 't0')": 720, "(1, 't1')": 600, "(1, 't2')": 600, "(1, 't3')": 0, "(1, 't4')": 600, "(1, 't5')": 720, "(1, 't6')": -870, "(2, 't0')": 600, "(2, 't1')": 600, "(2, 't2')": 600, "(2, 't3')": 600, "(2, 't4')": 600, "(2, 't5')": 600, "(2, 't6')": -420, "(3, 't0')": 600, "(3, 't1')": 600, "(3, 't2')": 0, "(3, 't3')": 720, "(3, 't4')": 720, "(3, 't5')": 600, "(3, 't6')": -510, "(4, 't0')": 600, "(4, 't1')": 600, "(4, 't2')": 720, "(4, 't3')": 720, "(4, 't4')": 720, "(4, 't5')": 600, "(4, 't6')": -1230, "(5, 't0')": 480, "(5, 't1')": 480, "(5, 't2')": 720, "(5, 't3')": 480, "(5, 't4')": 720, "(5, 't5')": 720, "(5, 't6')": 420, "(6, 't0')": 600, "(6, 't1')": 600, "(6, 't2')": 720, "(6, 't3')": 480, "(6, 't4')": 600, "(6, 't5')": 480, "(6, 't6')": -180, "(7, 't0')": 720, "(7, 't1')": 720, "(7, 't2')": 600, "(7, 't3')": 600, "(7, 't4')": 600, "(7, 't5')": 600, "(7, 't6')": -1080, "(8, 't0')": 600, "(8, 't1')": 720, "(8, 't2')": 600, "(8, 't3')": 720, "(8, 't4')": 600, "(8, 't5')": 600, "(8, 't6')": -540, "(9, 't0')": 720, "(9, 't1')": 600, "(9, 't2')": 0, "(9, 't3')": 600, "(9, 't4')": 600, "(9, 't5')": 720, "(9, 't6')": -1290, "(10, 't0')": 600, "(10, 't1')": 600, "(10, 't2')": 480, "(10, 't3')": 480, "(10, 't4')": 600, "(10, 't5')": 480, "(10, 't6')": -540, "(11, 't0')": 720, "(11, 't1')": 720, "(11, 't2')": 600, "(11, 't3')": 600, "(11, 't4')": 0, "(11, 't5')": 600, "(11, 't6')": -570, "(12, 't0')": 600, "(12, 't1')": 600, "(12, 't2')": 720, "(12, 't3')": 480, "(12, 't4')": 600, "(12, 't5')": 0, "(12, 't6')": 450, "(13, 't0')": 0, "(13, 't1')": 720, "(13, 't2')": 720, "(13, 't3')": 600, "(13, 't4')": 720, "(13, 't5')": 600, "(13, 't6')": -1170, "(14, 't0')": 480, "(14, 't1')": 720, "(14, 't2')": 720, "(14, 't3')": 720, "(14, 't4')": 600, "(14, 't5')": 720, "(14, 't6')": -450, "(15, 't0')": 600, "(15, 't1')": 480, "(15, 't2')": 720, "(15, 't3')": 600, "(15, 't4')": 480, "(15, 't5')": 720, "(15, 't6')": 420, "(16, 't0')": 720, "(16, 't1')": 600, "(16, 't2')": 600, "(16, 't3')": 600, "(16, 't4')": 480, "(16, 't5')": 480, "(16, 't6')": 420, "(17, 't0')": 0, "(17, 't1')": 600, "(17, 't2')": 600, "(17, 't3')": 600, "(17, 't4')": 600, "(17, 't5')": 600, "(17, 't6')": -1020, "(18, 't0')": 600, "(18, 't1')": 600, "(18, 't2')": 0, "(18, 't3')": 720, "(18, 't4')": 600, "(18, 't5')": 0, "(18, 't6')": -750, "(19, 't0')": 0, "(19, 't1')": 720, "(19, 't2')": 720, "(19, 't3')": 480, "(19, 't4')": 600, "(19, 't5')": 600, "(19, 't6')": -1830, "(20, 't0')": 0, "(20, 't1')": 600, "(20, 't2')": 0, "(20, 't3')": 0, "(20, 't4')": 720, "(20, 't5')": 480, "(20, 't6')": -930}, "surgeon_allocation": {"(0, 's0')": 0, "(0, 's1')": 0, "(0, 's2')": 0, "(0, 's3')": 0, "(0, 's4')": 0, "(0, 's5')": 0, "(1, 's0')": 90, "(1, 's1')": 0, "(1, 's2')": 30, "(1, 's3')": 30, "(1, 's4')": 0, "(1, 's5')": 180, "(2, 's0')": 0, "(2, 's1')": 420, "(2, 's2')": 420, "(2, 's3')": 150, "(2, 's4')": 270, "(2, 's5')": 0, "(3, 's0')": 150, "(3, 's1')": 240, "(3, 's2')": 150, "(3, 's3')": 0, "(3, 's4')": 0, "(3, 's5')": 150, "(4, 's0')": 30, "(4, 's1')": 0, "(4, 's2')": 0, "(4, 's3')": 30, "(4, 's4')": 30, "(4, 's5')": 120, "(5, 's0')": 0, "(5, 's1')": 0, "(5, 's2')": 60, "(5, 's3')": 0, "(5, 's4')": 0, "(5, 's5')": 360, "(6, 's0')": 180, "(6, 's1')": 0, "(6, 's2')": 0, "(6, 's3')": 180, "(6, 's4')": 0, "(6, 's5')": 300, "(7, 's0')": 0, "(7, 's1')": 270, "(7, 's2')": 30, "(7, 's3')": 0, "(7, 's4')": 180, "(7, 's5')": 120, "(8, 's0')": 60, "(8, 's1')": 0, "(8, 's2')": 120, "(8, 's3')": 360, "(8, 's4')": 360, "(8, 's5')": 0, "(9, 's0')": 150, "(9, 's1')": 360, "(9, 's2')": 300, "(9, 's3')": 420, "(9, 's4')": 480, "(9, 's5')": 0, "(10, 's0')": 390, "(10, 's1')": 0, "(10, 's2')": 270, "(10, 's3')": 0, "(10, 's4')": 0, "(10, 's5')": 120, "(11, 's0')": 0, "(11, 's1')": 210, "(11, 's2')": 0, "(11, 's3')": 60, "(11, 's4')": 360, "(11, 's5')": 0, "(12, 's0')": 0, "(12, 's1')": 0, "(12, 's2')": 0, "(12, 's3')": 0, "(12, 's4')": 360, "(12, 's5')": 90, "(13, 's0')": 0, "(13, 's1')": 0, "(13, 's2')": 240, "(13, 's3')": 60, "(13, 's4')": 90, "(13, 's5')": 0, "(14, 's0')": 480, "(14, 's1')": 90, "(14, 's2')": 510, "(14, 's3')": 270, "(14, 's4')": 360, "(14, 's5')": 120, "(15, 's0')": 0, "(15, 's1')": 0, "(15, 's2')": 0, "(15, 's3')": 180, "(15, 's4')": 0, "(15, 's5')": 0, "(16, 's0')": 300, "(16, 's1')": 480, "(16, 's2')": 480, "(16, 's3')": 360, "(16, 's4')": 360, "(16, 's5')": 0, "(17, 's0')": 0, "(17, 's1')": 240, "(17, 's2')": 0, "(17, 's3')": 480, "(17, 's4')": 180, "(17, 's5')": 240, "(18, 's0')": 0, "(18, 's1')": 60, "(18, 's2')": 0, "(18, 's3')": 30, "(18, 's4')": 0, "(18, 's5')": 0, "(19, 's0')": 270, "(19, 's1')": 0, "(19, 's2')": 60, "(19, 's3')": 0, "(19, 's4')": 0, "(19, 's5')": 0, "(20, 's0')": 0, "(20, 's1')": 0, "(20, 's2')": 0, "(20, 's3')": 30, "(20, 's4')": 0, "(20, 's5')": 0}, "operator": "['change_patient_admission']"}