{"patients": [{"id": "p21", "admission_day": 1, "room": "r00", "operating_theater": "t0"}, {"id": "p54", "admission_day": 2, "room": "r00", "operating_theater": "t0"}, {"id": "p45", "admission_day": 2, "room": "r01", "operating_theater": "t0"}, {"id": "p02", "admission_day": 2, "room": "r04", "operating_theater": "t0"}, {"id": "p06", "admission_day": 2, "room": "r01", "operating_theater": "t0"}, {"id": "p25", "admission_day": 3, "room": "r01", "operating_theater": "t0"}, {"id": "p87", "admission_day": 4, "room": "r00", "operating_theater": "t0"}, {"id": "p00", "admission_day": 4, "room": "r09", "operating_theater": "t0"}, {"id": "p01", "admission_day": 11, "room": "r03", "operating_theater": "t0"}, {"id": "p03", "admission_day": 4, "room": "r00", "operating_theater": "t0"}, {"id": "p04", "admission_day": 0, "room": "r00", "operating_theater": "t1"}, {"id": "p05", "admission_day": 9, "room": "r01", "operating_theater": "t2"}, {"id": "p07", "admission_day": 2, "room": "r02", "operating_theater": "t0"}, {"id": "p08", "admission_day": 11, "room": "r06", "operating_theater": "t1"}, {"id": "p09", "admission_day": 1, "room": "r10", "operating_theater": "t0"}, {"id": "p10", "admission_day": 8, "room": "r06", "operating_theater": "t1"}, {"id": "p11", "admission_day": 3, "room": "r05", "operating_theater": "t1"}, {"id": "p12", "admission_day": 11, "room": "r03", "operating_theater": "t0"}, {"id": "p13", "admission_day": 0, "room": "r09", "operating_theater": "t1"}, {"id": "p14", "admission_day": 11, "room": "r09", "operating_theater": "t0"}, {"id": "p15", "admission_day": 11, "room": "r10", "operating_theater": "t0"}, {"id": "p16", "admission_day": 7, "room": "r10", "operating_theater": "t0"}, {"id": "p17", "admission_day": 1, "room": "r07", "operating_theater": "t1"}, {"id": "p18", "admission_day": 7, "room": "r01", "operating_theater": "t0"}, {"id": "p19", "admission_day": 13, "room": "r02", "operating_theater": "t2"}, {"id": "p20", "admission_day": "none"}, {"id": "p22", "admission_day": "none"}, {"id": "p24", "admission_day": 8, "room": "r05", "operating_theater": "t1"}, {"id": "p26", "admission_day": 8, "room": "r07", "operating_theater": "t1"}, {"id": "p27", "admission_day": 11, "room": "r00", "operating_theater": "t0"}, {"id": "p29", "admission_day": 5, "room": "r01", "operating_theater": "t1"}, {"id": "p31", "admission_day": 2, "room": "r07", "operating_theater": "t2"}, {"id": "p32", "admission_day": 10, "room": "r04", "operating_theater": "t1"}, {"id": "p33", "admission_day": 7, "room": "r00", "operating_theater": "t0"}, {"id": "p34", "admission_day": 6, "room": "r11", "operating_theater": "t1"}, {"id": "p35", "admission_day": 6, "room": "r03", "operating_theater": "t1"}, {"id": "p36", "admission_day": 9, "room": "r09", "operating_theater": "t2"}, {"id": "p37", "admission_day": 7, "room": "r03", "operating_theater": "t1"}, {"id": "p38", "admission_day": "none"}, {"id": "p39", "admission_day": 4, "room": "r06", "operating_theater": "t0"}, {"id": "p41", "admission_day": 10, "room": "r11", "operating_theater": "t1"}, {"id": "p42", "admission_day": 6, "room": "r00", "operating_theater": "t1"}, {"id": "p43", "admission_day": 4, "room": "r06", "operating_theater": "t1"}, {"id": "p44", "admission_day": 11, "room": "r08", "operating_theater": "t1"}, {"id": "p46", "admission_day": 1, "room": "r11", "operating_theater": "t1"}, {"id": "p48", "admission_day": 3, "room": "r11", "operating_theater": "t0"}, {"id": "p49", "admission_day": 7, "room": "r02", "operating_theater": "t1"}, {"id": "p50", "admission_day": 1, "room": "r01", "operating_theater": "t1"}, {"id": "p51", "admission_day": 6, "room": "r01", "operating_theater": "t1"}, {"id": "p52", "admission_day": 10, "room": "r03", "operating_theater": "t1"}, {"id": "p53", "admission_day": 13, "room": "r00", "operating_theater": "t2"}, {"id": "p55", "admission_day": 7, "room": "r02", "operating_theater": "t0"}, {"id": "p56", "admission_day": 10, "room": "r03", "operating_theater": "t1"}, {"id": "p57", "admission_day": 1, "room": "r10", "operating_theater": "t0"}, {"id": "p58", "admission_day": 1, "room": "r11", "operating_theater": "t1"}, {"id": "p59", "admission_day": 13, "room": "r07", "operating_theater": "t1"}, {"id": "p60", "admission_day": 1, "room": "r03", "operating_theater": "t1"}, {"id": "p61", "admission_day": 3, "room": "r03", "operating_theater": "t1"}, {"id": "p62", "admission_day": 4, "room": "r11", "operating_theater": "t0"}, {"id": "p63", "admission_day": 3, "room": "r10", "operating_theater": "t1"}, {"id": "p64", "admission_day": 4, "room": "r09", "operating_theater": "t1"}, {"id": "p65", "admission_day": 9, "room": "r11", "operating_theater": "t2"}, {"id": "p66", "admission_day": 2, "room": "r06", "operating_theater": "t0"}, {"id": "p67", "admission_day": 13, "room": "r07", "operating_theater": "t2"}, {"id": "p68", "admission_day": 0, "room": "r03", "operating_theater": "t1"}, {"id": "p69", "admission_day": 1, "room": "r02", "operating_theater": "t0"}, {"id": "p70", "admission_day": 5, "room": "r07", "operating_theater": "t1"}, {"id": "p71", "admission_day": 10, "room": "r01", "operating_theater": "t1"}, {"id": "p72", "admission_day": 10, "room": "r01", "operating_theater": "t1"}, {"id": "p73", "admission_day": 10, "room": "r11", "operating_theater": "t1"}, {"id": "p74", "admission_day": 2, "room": "r09", "operating_theater": "t0"}, {"id": "p75", "admission_day": 7, "room": "r00", "operating_theater": "t1"}, {"id": "p76", "admission_day": 13, "room": "r10", "operating_theater": "t1"}, {"id": "p77", "admission_day": 4, "room": "r03", "operating_theater": "t1"}, {"id": "p78", "admission_day": 2, "room": "r03", "operating_theater": "t2"}, {"id": "p79", "admission_day": 5, "room": "r08", "operating_theater": "t1"}, {"id": "p80", "admission_day": 4, "room": "r08", "operating_theater": "t1"}, {"id": "p81", "admission_day": 4, "room": "r04", "operating_theater": "t0"}, {"id": "p82", "admission_day": 4, "room": "r02", "operating_theater": "t1"}, {"id": "p83", "admission_day": 9, "room": "r09", "operating_theater": "t2"}, {"id": "p84", "admission_day": 1, "room": "r04", "operating_theater": "t0"}, {"id": "p85", "admission_day": 0, "room": "r11", "operating_theater": "t1"}, {"id": "p86", "admission_day": 5, "room": "r04", "operating_theater": "t1"}, {"id": "p88", "admission_day": 3, "room": "r02", "operating_theater": "t1"}, {"id": "p89", "admission_day": 13, "room": "r05", "operating_theater": "t1"}, {"id": "p91", "admission_day": 1, "room": "r00", "operating_theater": "t0"}, {"id": "p92", "admission_day": 13, "room": "r01", "operating_theater": "t1"}, {"id": "p93", "admission_day": "none"}, {"id": "p94", "admission_day": 9, "room": "r04", "operating_theater": "t2"}, {"id": "p95", "admission_day": 11, "room": "r04", "operating_theater": "t1"}], "nurses": [{"id": "n00", "assignments": [{"day": 0, "shift": "early", "rooms": ["r00", "r01", "r02"]}, {"day": 1, "shift": "early", "rooms": ["r00", "r03", "r02", "r01"]}, {"day": 2, "shift": "night", "rooms": ["r00", "r01", "r02", "r03", "r04", "r05", "r06", "r07", "r08", "r09"]}, {"day": 3, "shift": "night", "rooms": ["r00", "r01", "r02", "r03", "r04", "r05", "r06", "r07", "r08", "r09", "r10", "r11"]}, {"day": 4, "shift": "night", "rooms": ["r00", "r01", "r02", "r03", "r04", "r05", "r06", "r07", "r08", "r09", "r10", "r11"]}, {"day": 6, "shift": "late", "rooms": ["r00", "r01", "r02", "r03", "r04", "r05", "r06", "r07", "r08", "r09", "r10", "r11"]}, {"day": 7, "shift": "late", "rooms": ["r00", "r01", "r02", "r03", "r04", "r05", "r06", "r07", "r08", "r09", "r10", "r11"]}, {"day": 8, "shift": "late", "rooms": ["r00", "r01", "r02", "r03", "r04", "r05", "r06", "r07", "r08", "r09", "r10", "r11"]}, {"day": 9, "shift": "late", "rooms": ["r04", "r08", "r10", "r00", "r09", "r03", "r02", "r06", "r11", "r05", "r01"]}, {"day": 10, "shift": "late", "rooms": ["r00", "r01", "r02", "r03", "r04", "r05", "r06", "r07", "r08", "r09", "r10", "r11"]}, {"day": 11, "shift": "late", "rooms": ["r00", "r01", "r02", "r03", "r04", "r05", "r06", "r07", "r08", "r09", "r10", "r11"]}, {"day": 12, "shift": "late", "rooms": ["r00", "r01", "r02", "r03", "r04", "r05", "r06", "r07", "r08", "r09", "r10", "r11"]}, {"day": 13, "shift": "late", "rooms": ["r00", "r01", "r02", "r03", "r04", "r05", "r06", "r07", "r08", "r09", "r10", "r11"]}]}, {"id": "n01", "assignments": [{"day": 0, "shift": "late", "rooms": ["r00", "r01", "r02", "r03"]}, {"day": 1, "shift": "late", "rooms": ["r00", "r01", "r02", "r03"]}, {"day": 2, "shift": "late", "rooms": ["r00", "r01"]}, {"day": 6, "shift": "early", "rooms": ["r00", "r01", "r02", "r11", "r04", "r09", "r03", "r05", "r10", "r06", "r08", "r07"]}, {"day": 7, "shift": "early", "rooms": ["r01", "r04", "r06", "r00", "r11", "r10", "r09", "r02", "r03", "r08", "r07"]}, {"day": 11, "shift": "early", "rooms": ["r00", "r01", "r02", "r03", "r04", "r05", "r06", "r07", "r08", "r09", "r10", "r11"]}, {"day": 12, "shift": "early", "rooms": ["r00", "r01", "r02", "r03", "r04", "r05", "r06", "r07", "r08", "r09", "r10", "r11"]}, {"day": 9, "shift": "late", "rooms": ["r05"]}]}, {"id": "n02", "assignments": [{"day": 0, "shift": "night", "rooms": ["r00", "r01", "r02", "r03", "r04", "r05", "r06", "r07", "r08", "r09", "r10"]}, {"day": 1, "shift": "night", "rooms": ["r00", "r01", "r02", "r03", "r04", "r05", "r06", "r07", "r08", "r09", "r10", "r11"]}, {"day": 2, "shift": "night", "rooms": ["r10", "r11"]}, {"day": 4, "shift": "early", "rooms": ["r00", "r01"]}, {"day": 5, "shift": "early", "rooms": ["r02", "r05", "r03", "r00", "r01"]}, {"day": 12, "shift": "night", "rooms": ["r00", "r01", "r02", "r03", "r04", "r05", "r06", "r07", "r08", "r09", "r10", "r11"]}, {"day": 9, "shift": "late", "rooms": []}]}, {"id": "n03", "assignments": [{"day": 0, "shift": "late", "rooms": ["r04", "r05", "r06", "r07", "r08"]}, {"day": 1, "shift": "late", "rooms": ["r04", "r05", "r06", "r07", "r08", "r09", "r10", "r11"]}, {"day": 2, "shift": "late", "rooms": ["r02", "r03", "r04", "r05", "r06", "r07", "r08", "r09", "r10", "r11"]}, {"day": 3, "shift": "late", "rooms": ["r00", "r01", "r02"]}, {"day": 5, "shift": "night", "rooms": ["r00", "r01", "r02", "r03", "r04", "r05", "r06", "r07", "r08", "r09", "r10", "r11"]}, {"day": 9, "shift": "night", "rooms": ["r00", "r01", "r02", "r03", "r04", "r05", "r06", "r07", "r08", "r09", "r10", "r11"]}, {"day": 10, "shift": "night", "rooms": ["r00", "r01", "r02", "r03", "r04", "r05", "r06", "r07", "r08", "r09", "r10", "r11"]}, {"day": 13, "shift": "early", "rooms": ["r00", "r01", "r02", "r03", "r04", "r05", "r06", "r07", "r08", "r09", "r10", "r11"]}, {"day": 7, "shift": "early", "rooms": ["r03"]}, {"day": 12, "shift": "early", "rooms": ["r02"]}]}, {"id": "n04", "assignments": [{"day": 0, "shift": "late", "rooms": ["r09", "r10", "r11"]}, {"day": 3, "shift": "late", "rooms": ["r03", "r04", "r05", "r06", "r07", "r08", "r09", "r10", "r11"]}, {"day": 4, "shift": "late", "rooms": ["r00", "r01", "r02"]}, {"day": 5, "shift": "late", "rooms": ["r00", "r01", "r02", "r03", "r04", "r05", "r06", "r07", "r08", "r09", "r10", "r11"]}, {"day": 8, "shift": "early", "rooms": ["r00", "r01", "r02", "r03", "r04", "r05", "r06", "r07", "r08", "r09", "r10", "r11"]}, {"day": 11, "shift": "night", "rooms": ["r00", "r01", "r02", "r11", "r04", "r09", "r03", "r05", "r10", "r06", "r08", "r07"]}, {"day": 9, "shift": "late", "rooms": ["r07"]}, {"day": 7, "shift": "early", "rooms": ["r08", "r05"]}, {"day": 12, "shift": "night", "rooms": ["r10", "r11"]}]}, {"id": "n05", "assignments": [{"day": 0, "shift": "night", "rooms": ["r11"]}, {"day": 2, "shift": "early", "rooms": ["r00", "r01", "r02", "r03"]}, {"day": 3, "shift": "early", "rooms": ["r00", "r01", "r02"]}, {"day": 4, "shift": "late", "rooms": ["r03", "r04", "r05", "r06", "r07", "r08", "r09", "r10", "r11"]}, {"day": 6, "shift": "night", "rooms": ["r00", "r01", "r02", "r03", "r04", "r05", "r06", "r07", "r08", "r09", "r10", "r11"]}, {"day": 7, "shift": "night", "rooms": ["r00", "r01", "r02", "r03", "r04", "r05", "r06", "r07", "r08", "r09", "r10", "r11"]}, {"day": 8, "shift": "night", "rooms": ["r00", "r01", "r02", "r03", "r04", "r05", "r06", "r07", "r08", "r09", "r10", "r11"]}]}, {"id": "n06", "assignments": [{"day": 13, "shift": "night", "rooms": ["r00", "r01", "r02", "r03", "r04", "r05", "r06", "r07", "r08", "r09", "r10", "r11"]}, {"day": 11, "shift": "night", "rooms": ["r11"]}]}, {"id": "n07", "assignments": [{"day": 4, "shift": "early", "rooms": ["r02", "r03", "r04", "r05", "r06", "r07", "r08", "r09", "r10", "r11"]}, {"day": 5, "shift": "early", "rooms": ["r11", "r09", "r04", "r10", "r06", "r08", "r07"]}, {"day": 8, "shift": "late", "rooms": ["r08"]}, {"day": 12, "shift": "night", "rooms": ["r03"]}]}, {"id": "n09", "assignments": [{"day": 1, "shift": "early", "rooms": ["r09", "r07", "r06", "r11", "r05", "r08"]}, {"day": 10, "shift": "early", "rooms": ["r11", "r08", "r03", "r02", "r01", "r06", "r05", "r10", "r00", "r09", "r07"]}]}, {"id": "n10", "assignments": [{"day": 9, "shift": "early", "rooms": ["r00", "r01", "r02", "r03", "r04", "r05", "r06", "r07", "r08", "r09", "r10", "r11"]}]}, {"id": "n12", "assignments": [{"day": 3, "shift": "early", "rooms": ["r11", "r08", "r07", "r06", "r03", "r05", "r10"]}, {"day": 4, "shift": "early", "rooms": ["r05"]}, {"day": 0, "shift": "late", "rooms": ["r07"]}]}, {"id": "n14", "assignments": [{"day": 0, "shift": "early", "rooms": ["r03", "r04"]}, {"day": 3, "shift": "early", "rooms": ["r03", "r09"]}]}, {"id": "n15", "assignments": [{"day": 2, "shift": "early", "rooms": ["r04", "r05", "r06", "r07", "r08", "r09", "r10", "r11"]}, {"day": 10, "shift": "early", "rooms": ["r00", "r04"]}, {"day": 3, "shift": "early", "rooms": ["r11", "r04"]}, {"day": 1, "shift": "early", "rooms": ["r10", "r04"]}, {"day": 6, "shift": "early", "rooms": ["r05"]}]}, {"id": "n16", "assignments": [{"day": 0, "shift": "early", "rooms": ["r08", "r05", "r06"]}, {"day": 4, "shift": "late", "rooms": []}]}, {"id": "n18", "assignments": [{"day": 0, "shift": "early", "rooms": ["r09", "r10", "r11"]}]}], "room_allocation": {"(0, 'r00')": [["p04", "B", "elderly"]], "(0, 'r01')": [["a08", "A", "elderly"], ["a16", "A", "elderly"]], "(0, 'r02')": [["a04", "B", "adult"], ["a06", "B", "elderly"], ["a13", "B", "elderly"]], "(0, 'r03')": [["a02", "A", "elderly"], ["a10", "A", "elderly"], ["p68", "A", "elderly"]], "(0, 'r04')": [["a11", "A", "elderly"], ["a14", "A", "elderly"]], "(0, 'r05')": [["a15", "B", "adult"]], "(0, 'r06')": [["a05", "B", "elderly"], ["a07", "B", "elderly"]], "(0, 'r07')": [], "(0, 'r08')": [["a01", "A", "elderly"], ["a03", "A", "elderly"]], "(0, 'r09')": [["a12", "A", "elderly"], ["p13", "A", "elderly"]], "(0, 'r10')": [["a00", "B", "adult"]], "(0, 'r11')": [["a09", "A", "elderly"], ["p85", "A", "elderly"]], "(1, 'r00')": [["p21", "B", "elderly"], ["p04", "B", "elderly"], ["p91", "B", "elderly"]], "(1, 'r01')": [["a16", "A", "elderly"], ["p50", "A", "elderly"]], "(1, 'r02')": [["a04", "B", "adult"], ["a13", "B", "elderly"], ["p69", "B", "elderly"]], "(1, 'r03')": [["a02", "A", "elderly"], ["p60", "A", "elderly"], ["p68", "A", "elderly"]], "(1, 'r04')": [["a14", "A", "elderly"], ["p84", "A", "adult"]], "(1, 'r05')": [["a15", "B", "adult"]], "(1, 'r06')": [], "(1, 'r07')": [["p17", "B", "adult"]], "(1, 'r08')": [["a03", "A", "elderly"]], "(1, 'r09')": [["a12", "A", "elderly"], ["p13", "A", "elderly"]], "(1, 'r10')": [["p09", "A", "elderly"], ["p57", "A", "infant"]], "(1, 'r11')": [["a09", "A", "elderly"], ["p46", "A", "adult"], ["p58", "A", "elderly"], ["p85", "A", "elderly"]], "(2, 'r00')": [["p21", "B", "elderly"], ["p54", "B", "elderly"], ["p04", "B", "elderly"], ["p91", "B", "elderly"]], "(2, 'r01')": [["p45", "A", "elderly"], ["p06", "A", "adult"], ["p50", "A", "elderly"]], "(2, 'r02')": [["a04", "B", "adult"], ["p07", "B", "adult"], ["p69", "B", "elderly"]], "(2, 'r03')": [["a02", "A", "elderly"], ["p60", "A", "elderly"], ["p68", "A", "elderly"], ["p78", "A", "elderly"]], "(2, 'r04')": [["p02", "A", "adult"], ["p84", "A", "adult"]], "(2, 'r05')": [["a15", "B", "adult"]], "(2, 'r06')": [["p66", "A", "elderly"]], "(2, 'r07')": [["p17", "B", "adult"], ["p31", "B", "adult"]], "(2, 'r08')": [], "(2, 'r09')": [["a12", "A", "elderly"], ["p13", "A", "elderly"], ["p74", "A", "elderly"]], "(2, 'r10')": [["p09", "A", "elderly"], ["p57", "A", "infant"]], "(2, 'r11')": [["a09", "A", "elderly"], ["p46", "A", "adult"], ["p58", "A", "elderly"], ["p85", "A", "elderly"]], "(3, 'r00')": [["p54", "B", "elderly"], ["p04", "B", "elderly"]], "(3, 'r01')": [["p45", "A", "elderly"], ["p06", "A", "adult"], ["p25", "A", "elderly"], ["p50", "A", "elderly"]], "(3, 'r02')": [["a04", "B", "adult"], ["p07", "B", "adult"], ["p88", "B", "elderly"]], "(3, 'r03')": [["p60", "A", "elderly"], ["p61", "A", "elderly"], ["p68", "A", "elderly"], ["p78", "A", "elderly"]], "(3, 'r04')": [["p02", "A", "adult"], ["p84", "A", "adult"]], "(3, 'r05')": [["a15", "B", "adult"], ["p11", "B", "elderly"]], "(3, 'r06')": [["p66", "A", "elderly"]], "(3, 'r07')": [["p17", "B", "adult"], ["p31", "B", "adult"]], "(3, 'r08')": [], "(3, 'r09')": [["a12", "A", "elderly"], ["p13", "A", "elderly"], ["p74", "A", "elderly"]], "(3, 'r10')": [["p09", "A", "elderly"], ["p63", "A", "elderly"]], "(3, 'r11')": [["a09", "A", "elderly"], ["p46", "A", "adult"], ["p48", "A", "elderly"], ["p85", "A", "elderly"]], "(4, 'r00')": [["p54", "B", "elderly"], ["p87", "B", "elderly"], ["p03", "B", "elderly"]], "(4, 'r01')": [["p45", "A", "elderly"], ["p06", "A", "adult"], ["p25", "A", "elderly"], ["p50", "A", "elderly"]], "(4, 'r02')": [["a04", "B", "adult"], ["p82", "B", "elderly"], ["p88", "B", "elderly"]], "(4, 'r03')": [["p61", "A", "elderly"], ["p68", "A", "elderly"], ["p77", "A", "infant"], ["p78", "A", "elderly"]], "(4, 'r04')": [["p81", "A", "elderly"], ["p84", "A", "adult"]], "(4, 'r05')": [["a15", "B", "adult"], ["p11", "B", "elderly"]], "(4, 'r06')": [["p39", "B", "adult"], ["p43", "B", "adult"]], "(4, 'r07')": [["p17", "B", "adult"]], "(4, 'r08')": [["p80", "A", "elderly"]], "(4, 'r09')": [["p00", "A", "adult"], ["p13", "A", "elderly"], ["p64", "A", "elderly"]], "(4, 'r10')": [["p09", "A", "elderly"], ["p63", "A", "elderly"]], "(4, 'r11')": [["p48", "A", "elderly"], ["p62", "A", "elderly"], ["p85", "A", "elderly"]], "(5, 'r00')": [["p54", "B", "elderly"], ["p87", "B", "elderly"], ["p03", "B", "elderly"]], "(5, 'r01')": [["p45", "A", "elderly"], ["p06", "A", "adult"], ["p25", "A", "elderly"], ["p29", "A", "elderly"]], "(5, 'r02')": [["p82", "B", "elderly"], ["p88", "B", "elderly"]], "(5, 'r03')": [["p61", "A", "elderly"], ["p68", "A", "elderly"], ["p77", "A", "infant"]], "(5, 'r04')": [["p81", "A", "elderly"], ["p86", "A", "elderly"]], "(5, 'r05')": [["a15", "B", "adult"], ["p11", "B", "elderly"]], "(5, 'r06')": [["p39", "B", "adult"], ["p43", "B", "adult"]], "(5, 'r07')": [["p70", "B", "adult"]], "(5, 'r08')": [["p79", "A", "elderly"], ["p80", "A", "elderly"]], "(5, 'r09')": [["p00", "A", "adult"], ["p13", "A", "elderly"], ["p64", "A", "elderly"]], "(5, 'r10')": [["p63", "A", "elderly"]], "(5, 'r11')": [["p48", "A", "elderly"], ["p62", "A", "elderly"], ["p85", "A", "elderly"]], "(6, 'r00')": [["p87", "B", "elderly"], ["p42", "B", "elderly"]], "(6, 'r01')": [["p45", "A", "elderly"], ["p06", "A", "adult"], ["p29", "A", "elderly"], ["p51", "A", "elderly"]], "(6, 'r02')": [["p82", "B", "elderly"]], "(6, 'r03')": [["p35", "A", "infant"], ["p61", "A", "elderly"], ["p68", "A", "elderly"], ["p77", "A", "infant"]], "(6, 'r04')": [["p81", "A", "elderly"], ["p86", "A", "elderly"]], "(6, 'r05')": [["a15", "B", "adult"], ["p11", "B", "elderly"]], "(6, 'r06')": [["p39", "B", "adult"], ["p43", "B", "adult"]], "(6, 'r07')": [["p70", "B", "adult"]], "(6, 'r08')": [["p79", "A", "elderly"], ["p80", "A", "elderly"]], "(6, 'r09')": [["p00", "A", "adult"], ["p13", "A", "elderly"], ["p64", "A", "elderly"]], "(6, 'r10')": [["p63", "A", "elderly"]], "(6, 'r11')": [["p34", "A", "elderly"], ["p48", "A", "elderly"], ["p62", "A", "elderly"], ["p85", "A", "elderly"]], "(7, 'r00')": [["p87", "B", "elderly"], ["p33", "B", "elderly"], ["p42", "B", "elderly"], ["p75", "B", "elderly"]], "(7, 'r01')": [["p45", "A", "elderly"], ["p18", "A", "elderly"], ["p29", "A", "elderly"], ["p51", "A", "elderly"]], "(7, 'r02')": [["p49", "B", "elderly"], ["p55", "B", "adult"], ["p82", "B", "elderly"]], "(7, 'r03')": [["p35", "A", "infant"], ["p37", "A", "adult"], ["p61", "A", "elderly"], ["p77", "A", "infant"]], "(7, 'r04')": [["p81", "A", "elderly"], ["p86", "A", "elderly"]], "(7, 'r05')": [["a15", "B", "adult"]], "(7, 'r06')": [], "(7, 'r07')": [["p70", "B", "adult"]], "(7, 'r08')": [["p79", "A", "elderly"], ["p80", "A", "elderly"]], "(7, 'r09')": [["p00", "A", "adult"]], "(7, 'r10')": [["p16", "A", "elderly"], ["p63", "A", "elderly"]], "(7, 'r11')": [["p34", "A", "elderly"], ["p48", "A", "elderly"], ["p62", "A", "elderly"], ["p85", "A", "elderly"]], "(8, 'r00')": [["p33", "B", "elderly"], ["p42", "B", "elderly"], ["p75", "B", "elderly"]], "(8, 'r01')": [["p45", "A", "elderly"], ["p18", "A", "elderly"], ["p29", "A", "elderly"], ["p51", "A", "elderly"]], "(8, 'r02')": [["p49", "B", "elderly"], ["p55", "B", "adult"]], "(8, 'r03')": [["p35", "A", "infant"], ["p37", "A", "adult"], ["p61", "A", "elderly"]], "(8, 'r04')": [["p81", "A", "elderly"], ["p86", "A", "elderly"]], "(8, 'r05')": [["a15", "B", "adult"], ["p24", "B", "elderly"]], "(8, 'r06')": [["p10", "B", "elderly"]], "(8, 'r07')": [["p26", "B", "elderly"], ["p70", "B", "adult"]], "(8, 'r08')": [["p79", "A", "elderly"], ["p80", "A", "elderly"]], "(8, 'r09')": [], "(8, 'r10')": [["p16", "A", "elderly"], ["p63", "A", "elderly"]], "(8, 'r11')": [["p34", "A", "elderly"], ["p48", "A", "elderly"], ["p85", "A", "elderly"]], "(9, 'r00')": [["p33", "B", "elderly"], ["p42", "B", "elderly"], ["p75", "B", "elderly"]], "(9, 'r01')": [["p45", "A", "elderly"], ["p05", "A", "elderly"], ["p18", "A", "elderly"], ["p51", "A", "elderly"]], "(9, 'r02')": [["p49", "B", "elderly"], ["p55", "B", "adult"]], "(9, 'r03')": [["p35", "A", "infant"], ["p37", "A", "adult"]], "(9, 'r04')": [["p86", "A", "elderly"], ["p94", "A", "elderly"]], "(9, 'r05')": [["p24", "B", "elderly"]], "(9, 'r06')": [["p10", "B", "elderly"]], "(9, 'r07')": [["p26", "B", "elderly"]], "(9, 'r08')": [["p79", "A", "elderly"], ["p80", "A", "elderly"]], "(9, 'r09')": [["p36", "B", "elderly"], ["p83", "B", "elderly"]], "(9, 'r10')": [["p16", "A", "elderly"], ["p63", "A", "elderly"]], "(9, 'r11')": [["p34", "A", "elderly"], ["p48", "A", "elderly"], ["p65", "A", "elderly"], ["p85", "A", "elderly"]], "(10, 'r00')": [["p42", "B", "elderly"], ["p75", "B", "elderly"]], "(10, 'r01')": [["p05", "A", "elderly"], ["p71", "A", "elderly"], ["p72", "A", "elderly"]], "(10, 'r02')": [["p49", "B", "elderly"], ["p55", "B", "adult"]], "(10, 'r03')": [["p52", "B", "adult"], ["p56", "B", "adult"]], "(10, 'r04')": [["p32", "A", "adult"], ["p94", "A", "elderly"]], "(10, 'r05')": [["p24", "B", "elderly"]], "(10, 'r06')": [["p10", "B", "elderly"]], "(10, 'r07')": [["p26", "B", "elderly"]], "(10, 'r08')": [], "(10, 'r09')": [["p36", "B", "elderly"], ["p83", "B", "elderly"]], "(10, 'r10')": [["p16", "A", "elderly"]], "(10, 'r11')": [["p34", "A", "elderly"], ["p41", "A", "adult"], ["p65", "A", "elderly"], ["p73", "A", "adult"]], "(11, 'r00')": [["p27", "A", "elderly"]], "(11, 'r01')": [["p05", "A", "elderly"], ["p71", "A", "elderly"], ["p72", "A", "elderly"]], "(11, 'r02')": [["p49", "B", "elderly"]], "(11, 'r03')": [["p01", "B", "elderly"], ["p12", "B", "elderly"], ["p52", "B", "adult"], ["p56", "B", "adult"]], "(11, 'r04')": [["p32", "A", "adult"], ["p95", "A", "adult"]], "(11, 'r05')": [["p24", "B", "elderly"]], "(11, 'r06')": [["p08", "B", "elderly"], ["p10", "B", "elderly"]], "(11, 'r07')": [["p26", "B", "elderly"]], "(11, 'r08')": [["p44", "B", "infant"]], "(11, 'r09')": [["p14", "B", "elderly"], ["p36", "B", "elderly"], ["p83", "B", "elderly"]], "(11, 'r10')": [["p15", "A", "elderly"], ["p16", "A", "elderly"]], "(11, 'r11')": [["p34", "A", "elderly"], ["p41", "A", "adult"], ["p65", "A", "elderly"], ["p73", "A", "adult"]], "(12, 'r00')": [["p27", "A", "elderly"]], "(12, 'r01')": [["p05", "A", "elderly"], ["p71", "A", "elderly"], ["p72", "A", "elderly"]], "(12, 'r02')": [], "(12, 'r03')": [["p01", "B", "elderly"], ["p12", "B", "elderly"], ["p52", "B", "adult"], ["p56", "B", "adult"]], "(12, 'r04')": [["p32", "A", "adult"], ["p95", "A", "adult"]], "(12, 'r05')": [], "(12, 'r06')": [["p08", "B", "elderly"], ["p10", "B", "elderly"]], "(12, 'r07')": [], "(12, 'r08')": [["p44", "B", "infant"]], "(12, 'r09')": [["p14", "B", "elderly"], ["p36", "B", "elderly"], ["p83", "B", "elderly"]], "(12, 'r10')": [["p15", "A", "elderly"], ["p16", "A", "elderly"]], "(12, 'r11')": [["p34", "A", "elderly"], ["p41", "A", "adult"], ["p65", "A", "elderly"], ["p73", "A", "adult"]], "(13, 'r00')": [["p53", "A", "elderly"]], "(13, 'r01')": [["p05", "A", "elderly"], ["p71", "A", "elderly"], ["p72", "A", "elderly"], ["p92", "A", "adult"]], "(13, 'r02')": [["p19", "A", "infant"]], "(13, 'r03')": [["p01", "B", "elderly"], ["p12", "B", "elderly"], ["p52", "B", "adult"]], "(13, 'r04')": [["p32", "A", "adult"], ["p95", "A", "adult"]], "(13, 'r05')": [["p89", "B", "elderly"]], "(13, 'r06')": [["p08", "B", "elderly"]], "(13, 'r07')": [["p59", "A", "elderly"], ["p67", "A", "elderly"]], "(13, 'r08')": [["p44", "B", "infant"]], "(13, 'r09')": [["p14", "B", "elderly"], ["p36", "B", "elderly"], ["p83", "B", "elderly"]], "(13, 'r10')": [["p15", "A", "elderly"], ["p76", "A", "elderly"]], "(13, 'r11')": [["p34", "A", "elderly"], ["p41", "A", "adult"], ["p65", "A", "elderly"], ["p73", "A", "adult"]]}, "theater_allocation": {"(0, 't0')": 0, "(0, 't1')": 600, "(0, 't2')": -120, "(1, 't0')": 600, "(1, 't1')": 600, "(1, 't2')": -420, "(2, 't0')": 720, "(2, 't1')": 600, "(2, 't2')": -240, "(3, 't0')": 720, "(3, 't1')": 600, "(3, 't2')": -960, "(4, 't0')": 600, "(4, 't1')": 600, "(4, 't2')": -1170, "(5, 't0')": 0, "(5, 't1')": 720, "(5, 't2')": 60, "(6, 't0')": 0, "(6, 't1')": 720, "(6, 't2')": -390, "(7, 't0')": 600, "(7, 't1')": 600, "(7, 't2')": -450, "(8, 't0')": 720, "(8, 't1')": 720, "(8, 't2')": -60, "(9, 't0')": 720, "(9, 't1')": 600, "(9, 't2')": 0, "(10, 't0')": 720, "(10, 't1')": 720, "(10, 't2')": 0, "(11, 't0')": 720, "(11, 't1')": 600, "(11, 't2')": -810, "(12, 't0')": 0, "(12, 't1')": 720, "(12, 't2')": 480, "(13, 't0')": 720, "(13, 't1')": 600, "(13, 't2')": -540}, "surgeon_allocation": {"(0, 's0')": 0, "(0, 's1')": 0, "(0, 's2')": 0, "(0, 's3')": 0, "(1, 's0')": 120, "(1, 's1')": 60, "(1, 's2')": 0, "(1, 's3')": 360, "(2, 's0')": 0, "(2, 's1')": 120, "(2, 's2')": 390, "(2, 's3')": 90, "(3, 's0')": 180, "(3, 's1')": 180, "(3, 's2')": 0, "(3, 's3')": 0, "(4, 's0')": 120, "(4, 's1')": 0, "(4, 's2')": 300, "(4, 's3')": 210, "(5, 's0')": 60, "(5, 's1')": 0, "(5, 's2')": 240, "(5, 's3')": 0, "(6, 's0')": 450, "(6, 's1')": 300, "(6, 's2')": 600, "(6, 's3')": 180, "(7, 's0')": 150, "(7, 's1')": 60, "(7, 's2')": 180, "(7, 's3')": 480, "(8, 's0')": 240, "(8, 's1')": 480, "(8, 's2')": 60, "(8, 's3')": 0, "(9, 's0')": 480, "(9, 's1')": 270, "(9, 's2')": 90, "(9, 's3')": 0, "(10, 's0')": 0, "(10, 's1')": 30, "(10, 's2')": 210, "(10, 's3')": 0, "(11, 's0')": 30, "(11, 's1')": 120, "(11, 's2')": 0, "(11, 's3')": 0, "(12, 's0')": 0, "(12, 's1')": 0, "(12, 's2')": 0, "(12, 's3')": 0, "(13, 's0')": 150, "(13, 's1')": 0, "(13, 's2')": 0, "(13, 's3')": 30}, "operator": "['change_patient_theater']"}