{"patients": [{"id": "p017", "admission_day": 1, "room": "r0", "operating_theater": "t0"}, {"id": "p068", "admission_day": 1, "room": "r1", "operating_theater": "t0"}, {"id": "p009", "admission_day": 1, "room": "r1", "operating_theater": "t0"}, {"id": "p001", "admission_day": 1, "room": "r0", "operating_theater": "t0"}, {"id": "p005", "admission_day": 1, "room": "r1", "operating_theater": "t0"}, {"id": "p052", "admission_day": 1, "room": "r3", "operating_theater": "t0"}, {"id": "p041", "admission_day": 1, "room": "r3", "operating_theater": "t0"}, {"id": "p051", "admission_day": 17, "room": "r0", "operating_theater": "t2"}, {"id": "p054", "admission_day": 1, "room": "r2", "operating_theater": "t1"}, {"id": "p057", "admission_day": 1, "room": "r3", "operating_theater": "t1"}, {"id": "p119", "admission_day": 1, "room": "r5", "operating_theater": "t1"}, {"id": "p117", "admission_day": 2, "room": "r3", "operating_theater": "t0"}, {"id": "p124", "admission_day": 2, "room": "r2", "operating_theater": "t0"}, {"id": "p035", "admission_day": 2, "room": "r4", "operating_theater": "t0"}, {"id": "p032", "admission_day": 2, "room": "r6", "operating_theater": "t0"}, {"id": "p060", "admission_day": 2, "room": "r2", "operating_theater": "t0"}, {"id": "p072", "admission_day": 2, "room": "r2", "operating_theater": "t0"}, {"id": "p080", "admission_day": 2, "room": "r6", "operating_theater": "t0"}, {"id": "p094", "admission_day": 2, "room": "r7", "operating_theater": "t0"}, {"id": "p008", "admission_day": 3, "room": "r7", "operating_theater": "t0"}, {"id": "p110", "admission_day": 3, "room": "r1", "operating_theater": "t0"}, {"id": "p044", "admission_day": 3, "room": "r5", "operating_theater": "t0"}, {"id": "p116", "admission_day": 4, "room": "r1", "operating_theater": "t0"}, {"id": "p114", "admission_day": 4, "room": "r3", "operating_theater": "t0"}, {"id": "p120", "admission_day": 4, "room": "r0", "operating_theater": "t0"}, {"id": "p126", "admission_day": 4, "room": "r6", "operating_theater": "t0"}, {"id": "p123", "admission_day": 4, "room": "r4", "operating_theater": "t0"}, {"id": "p131", "admission_day": 16, "room": "r5", "operating_theater": "t0"}, {"id": "p154", "admission_day": 6, "room": "r1", "operating_theater": "t0"}, {"id": "p096", "admission_day": 7, "room": "r1", "operating_theater": "t0"}, {"id": "p033", "admission_day": 13, "room": "r5", "operating_theater": "t0"}, {"id": "p128", "admission_day": 7, "room": "r2", "operating_theater": "t0"}, {"id": "p135", "admission_day": 7, "room": "r3", "operating_theater": "t0"}, {"id": "p141", "admission_day": 8, "room": "r3", "operating_theater": "t0"}, {"id": "p031", "admission_day": 9, "room": "r2", "operating_theater": "t0"}, {"id": "p007", "admission_day": 9, "room": "r2", "operating_theater": "t0"}, {"id": "p022", "admission_day": 18, "room": "r2", "operating_theater": "t1"}, {"id": "p074", "admission_day": 9, "room": "r3", "operating_theater": "t0"}, {"id": "p130", "admission_day": 9, "room": "r4", "operating_theater": "t1"}, {"id": "p093", "admission_day": 9, "room": "r1", "operating_theater": "t1"}, {"id": "p069", "admission_day": 11, "room": "r1", "operating_theater": "t0"}, {"id": "p061", "admission_day": 11, "room": "r7", "operating_theater": "t0"}, {"id": "p133", "admission_day": 11, "room": "r4", "operating_theater": "t0"}, {"id": "p152", "admission_day": 15, "room": "r7", "operating_theater": "t1"}, {"id": "p040", "admission_day": 12, "room": "r0", "operating_theater": "t0"}, {"id": "p091", "admission_day": 13, "room": "r3", "operating_theater": "t0"}, {"id": "p086", "admission_day": 13, "room": "r2", "operating_theater": "t0"}, {"id": "p146", "admission_day": 17, "room": "r6", "operating_theater": "t2"}, {"id": "p006", "admission_day": 19, "room": "r0", "operating_theater": "t0"}, {"id": "p000", "admission_day": 18, "room": "r4", "operating_theater": "t1"}, {"id": "p002", "admission_day": 11, "room": "r6", "operating_theater": "t1"}, {"id": "p004", "admission_day": 12, "room": "r2", "operating_theater": "t0"}, {"id": "p010", "admission_day": 12, "room": "r7", "operating_theater": "t0"}, {"id": "p011", "admission_day": 3, "room": "r0", "operating_theater": "t0"}, {"id": "p012", "admission_day": 18, "room": "r2", "operating_theater": "t1"}, {"id": "p013", "admission_day": 6, "room": "r1", "operating_theater": "t0"}, {"id": "p014", "admission_day": 7, "room": "r3", "operating_theater": "t0"}, {"id": "p015", "admission_day": 4, "room": "r0", "operating_theater": "t0"}, {"id": "p016", "admission_day": 6, "room": "r2", "operating_theater": "t0"}, {"id": "p018", "admission_day": "none"}, {"id": "p019", "admission_day": "none"}, {"id": "p020", "admission_day": "none"}, {"id": "p021", "admission_day": 15, "room": "r4", "operating_theater": "t1"}, {"id": "p023", "admission_day": "none"}, {"id": "p024", "admission_day": 7, "room": "r0", "operating_theater": "t0"}, {"id": "p025", "admission_day": "none"}, {"id": "p026", "admission_day": 11, "room": "r0", "operating_theater": "t0"}, {"id": "p027", "admission_day": 15, "room": "r2", "operating_theater": "t1"}, {"id": "p028", "admission_day": 11, "room": "r2", "operating_theater": "t0"}, {"id": "p029", "admission_day": "none"}, {"id": "p034", "admission_day": "none"}, {"id": "p036", "admission_day": "none"}, {"id": "p037", "admission_day": "none"}, {"id": "p038", "admission_day": "none"}, {"id": "p039", "admission_day": 13, "room": "r0", "operating_theater": "t0"}, {"id": "p042", "admission_day": "none"}, {"id": "p043", "admission_day": "none"}, {"id": "p045", "admission_day": 9, "room": "r0", "operating_theater": "t0"}, {"id": "p046", "admission_day": "none"}, {"id": "p047", "admission_day": 6, "room": "r2", "operating_theater": "t0"}, {"id": "p048", "admission_day": 19, "room": "r0", "operating_theater": "t0"}, {"id": "p049", "admission_day": "none"}, {"id": "p050", "admission_day": "none"}, {"id": "p058", "admission_day": "none"}, {"id": "p062", "admission_day": "none"}, {"id": "p063", "admission_day": 8, "room": "r7", "operating_theater": "t0"}, {"id": "p064", "admission_day": 7, "room": "r0", "operating_theater": "t2"}, {"id": "p065", "admission_day": "none"}, {"id": "p066", "admission_day": "none"}, {"id": "p067", "admission_day": "none"}, {"id": "p070", "admission_day": "none"}, {"id": "p071", "admission_day": "none"}, {"id": "p073", "admission_day": "none"}, {"id": "p075", "admission_day": 9, "room": "r6", "operating_theater": "t1"}, {"id": "p076", "admission_day": "none"}, {"id": "p078", "admission_day": "none"}, {"id": "p079", "admission_day": 12, "room": "r3", "operating_theater": "t0"}, {"id": "p081", "admission_day": "none"}, {"id": "p082", "admission_day": 8, "room": "r7", "operating_theater": "t1"}, {"id": "p083", "admission_day": "none"}, {"id": "p084", "admission_day": "none"}, {"id": "p085", "admission_day": "none"}, {"id": "p087", "admission_day": 8, "room": "r2", "operating_theater": "t0"}, {"id": "p088", "admission_day": "none"}, {"id": "p089", "admission_day": 11, "room": "r4", "operating_theater": "t1"}, {"id": "p090", "admission_day": "none"}, {"id": "p092", "admission_day": "none"}, {"id": "p095", "admission_day": "none"}, {"id": "p097", "admission_day": "none"}, {"id": "p098", "admission_day": "none"}, {"id": "p099", "admission_day": 17, "room": "r3", "operating_theater": "t0"}, {"id": "p100", "admission_day": 9, "room": "r4", "operating_theater": "t0"}, {"id": "p101", "admission_day": 12, "room": "r6", "operating_theater": "t0"}, {"id": "p102", "admission_day": 9, "room": "r6", "operating_theater": "t1"}, {"id": "p103", "admission_day": "none"}, {"id": "p105", "admission_day": 11, "room": "r5", "operating_theater": "t1"}, {"id": "p106", "admission_day": 17, "room": "r4", "operating_theater": "t0"}, {"id": "p107", "admission_day": 17, "room": "r3", "operating_theater": "t0"}, {"id": "p108", "admission_day": "none"}, {"id": "p109", "admission_day": 19, "room": "r4", "operating_theater": "t0"}, {"id": "p111", "admission_day": "none"}, {"id": "p112", "admission_day": "none"}, {"id": "p113", "admission_day": "none"}, {"id": "p115", "admission_day": "none"}, {"id": "p118", "admission_day": 16, "room": "r5", "operating_theater": "t2"}, {"id": "p121", "admission_day": 17, "room": "r1", "operating_theater": "t0"}, {"id": "p122", "admission_day": 14, "room": "r4", "operating_theater": "t2"}, {"id": "p125", "admission_day": 6, "room": "r4", "operating_theater": "t0"}, {"id": "p127", "admission_day": "none"}, {"id": "p129", "admission_day": "none"}, {"id": "p132", "admission_day": 19, "room": "r5", "operating_theater": "t0"}, {"id": "p134", "admission_day": "none"}, {"id": "p136", "admission_day": "none"}, {"id": "p137", "admission_day": "none"}, {"id": "p138", "admission_day": 18, "room": "r7", "operating_theater": "t1"}, {"id": "p139", "admission_day": "none"}, {"id": "p140", "admission_day": "none"}, {"id": "p142", "admission_day": "none"}, {"id": "p143", "admission_day": "none"}, {"id": "p144", "admission_day": 16, "room": "r6", "operating_theater": "t0"}, {"id": "p145", "admission_day": "none"}, {"id": "p147", "admission_day": 14, "room": "r0", "operating_theater": "t2"}, {"id": "p148", "admission_day": "none"}, {"id": "p149", "admission_day": 16, "room": "r0", "operating_theater": "t2"}, {"id": "p150", "admission_day": "none"}, {"id": "p151", "admission_day": "none"}, {"id": "p153", "admission_day": "none"}, {"id": "p155", "admission_day": 11, "room": "r5", "operating_theater": "t1"}], "nurses": [{"id": "n000", "assignments": [{"day": 0, "shift": "late", "rooms": ["r0", "r1", "r2", "r3", "r4", "r5"]}, {"day": 1, "shift": "late", "rooms": ["r0", "r1"]}, {"day": 2, "shift": "late", "rooms": ["r0", "r1"]}, {"day": 3, "shift": "night", "rooms": ["r0", "r1", "r2"]}, {"day": 4, "shift": "night", "rooms": ["r0", "r1", "r2"]}, {"day": 6, "shift": "early", "rooms": ["r0", "r1", "r2"]}, {"day": 7, "shift": "early", "rooms": ["r0", "r1"]}, {"day": 8, "shift": "early", "rooms": ["r0", "r1"]}, {"day": 9, "shift": "early", "rooms": ["r0", "r1"]}, {"day": 10, "shift": "early", "rooms": ["r0", "r1", "r2"]}, {"day": 11, "shift": "early", "rooms": ["r0", "r1"]}, {"day": 12, "shift": "late", "rooms": ["r0", "r1"]}, {"day": 13, "shift": "night", "rooms": ["r0", "r1", "r2", "r3", "r4"]}, {"day": 14, "shift": "night", "rooms": ["r0", "r1", "r2", "r3", "r4"]}, {"day": 16, "shift": "early", "rooms": ["r0", "r1", "r2", "r3", "r4"]}, {"day": 17, "shift": "early", "rooms": ["r0", "r1", "r2", "r3", "r4", "r5", "r6", "r7"]}, {"day": 18, "shift": "night", "rooms": ["r0", "r1", "r2", "r3", "r4", "r5", "r6", "r7"]}, {"day": 19, "shift": "night", "rooms": ["r0", "r1", "r2", "r3", "r4", "r5", "r6", "r7"]}, {"day": 20, "shift": "night", "rooms": ["r0", "r1", "r2", "r3", "r4", "r5", "r6", "r7"]}]}, {"id": "n001", "assignments": [{"day": 0, "shift": "late", "rooms": ["r7", "r6", "r4"]}, {"day": 1, "shift": "late", "rooms": ["r2", "r3"]}, {"day": 2, "shift": "late", "rooms": ["r2", "r3"]}, {"day": 3, "shift": "night", "rooms": ["r3", "r4", "r5", "r6"]}, {"day": 5, "shift": "early", "rooms": ["r0", "r1", "r2"]}, {"day": 6, "shift": "late", "rooms": ["r0", "r1"]}, {"day": 7, "shift": "late", "rooms": ["r0", "r1"]}, {"day": 8, "shift": "late", "rooms": ["r0", "r1"]}, {"day": 10, "shift": "early", "rooms": ["r3", "r4", "r5", "r6", "r7"]}, {"day": 11, "shift": "late", "rooms": ["r1", "r0"]}, {"day": 13, "shift": "early", "rooms": ["r0", "r1", "r2", "r3"]}, {"day": 14, "shift": "late", "rooms": ["r0", "r1", "r2"]}, {"day": 15, "shift": "late", "rooms": ["r0", "r1", "r2"]}, {"day": 16, "shift": "late", "rooms": ["r0", "r1", "r2", "r3", "r4"]}, {"day": 18, "shift": "early", "rooms": ["r0", "r1", "r2", "r3", "r4", "r5", "r6", "r7"]}, {"day": 19, "shift": "early", "rooms": ["r0", "r1", "r2", "r3", "r4", "r5", "r6", "r7"]}, {"day": 20, "shift": "late", "rooms": ["r0", "r1", "r2", "r3", "r4", "r5", "r6", "r7"]}]}, {"id": "n002", "assignments": [{"day": 1, "shift": "late", "rooms": ["r4", "r5", "r6", "r7"]}, {"day": 2, "shift": "night", "rooms": ["r0", "r1"]}, {"day": 4, "shift": "early", "rooms": ["r0", "r1"]}, {"day": 5, "shift": "late", "rooms": ["r0", "r1", "r2"]}, {"day": 6, "shift": "late", "rooms": ["r5", "r2", "r4"]}, {"day": 8, "shift": "early", "rooms": ["r2", "r4", "r5"]}, {"day": 9, "shift": "late", "rooms": ["r0", "r1"]}, {"day": 10, "shift": "late", "rooms": ["r0", "r1", "r2"]}, {"day": 11, "shift": "late", "rooms": ["r3", "r4", "r5", "r6", "r7"]}, {"day": 12, "shift": "late", "rooms": ["r2", "r3", "r4"]}, {"day": 13, "shift": "night", "rooms": ["r5", "r6", "r7"]}, {"day": 14, "shift": "night", "rooms": ["r5", "r6", "r7"]}, {"day": 15, "shift": "night", "rooms": ["r1", "r6", "r5", "r4", "r7", "r0", "r3", "r2"]}, {"day": 16, "shift": "night", "rooms": ["r0", "r1", "r2", "r3", "r4", "r5", "r6", "r7"]}, {"day": 19, "shift": "late", "rooms": ["r0", "r1", "r2", "r3", "r4", "r5", "r6", "r7"]}, {"day": 18, "shift": "early", "rooms": ["r4"]}]}, {"id": "n003", "assignments": [{"day": 3, "shift": "late", "rooms": ["r0", "r1"]}, {"day": 4, "shift": "late", "rooms": ["r0", "r1", "r2"]}, {"day": 5, "shift": "late", "rooms": ["r3", "r4", "r5"]}, {"day": 6, "shift": "night", "rooms": ["r1", "r5", "r4", "r0", "r3"]}, {"day": 7, "shift": "night", "rooms": ["r2", "r1"]}, {"day": 9, "shift": "early", "rooms": ["r2", "r3"]}, {"day": 11, "shift": "early", "rooms": ["r3", "r2", "r5"]}, {"day": 12, "shift": "early", "rooms": ["r0", "r1"]}, {"day": 13, "shift": "late", "rooms": ["r0", "r1", "r2", "r3"]}, {"day": 16, "shift": "early", "rooms": ["r5", "r6", "r7"]}, {"day": 20, "shift": "early", "rooms": ["r6", "r1", "r4", "r2", "r7", "r3"]}]}, {"id": "n004", "assignments": [{"day": 0, "shift": "early", "rooms": ["r0", "r1"]}, {"day": 2, "shift": "night", "rooms": ["r2"]}, {"day": 3, "shift": "night", "rooms": ["r7", "r6"]}, {"day": 4, "shift": "night", "rooms": ["r3"]}, {"day": 5, "shift": "night", "rooms": ["r4", "r0", "r2", "r3"]}, {"day": 6, "shift": "night", "rooms": ["r2", "r7", "r6"]}, {"day": 7, "shift": "night", "rooms": ["r6", "r5", "r4", "r7", "r0", "r3"]}, {"day": 8, "shift": "night", "rooms": ["r0", "r1"]}, {"day": 9, "shift": "night", "rooms": ["r0", "r1"]}, {"day": 11, "shift": "early", "rooms": ["r4", "r5", "r6", "r7"]}, {"day": 12, "shift": "early", "rooms": ["r2", "r3"]}, {"day": 13, "shift": "early", "rooms": ["r4", "r5", "r6", "r7"]}, {"day": 15, "shift": "early", "rooms": ["r0", "r1", "r2", "r3", "r4"]}, {"day": 16, "shift": "late", "rooms": ["r0", "r7", "r6", "r5"]}, {"day": 19, "shift": "early", "rooms": ["r2", "r4"]}, {"day": 1, "shift": "late", "rooms": ["r7"]}]}, {"id": "n005", "assignments": [{"day": 0, "shift": "night", "rooms": ["r1", "r6", "r5", "r4", "r7", "r0", "r3", "r2"]}, {"day": 2, "shift": "early", "rooms": ["r0", "r1", "r2"]}, {"day": 3, "shift": "early", "rooms": ["r0"]}, {"day": 4, "shift": "late", "rooms": ["r3", "r4", "r5"]}, {"day": 5, "shift": "late", "rooms": ["r6", "r7"]}, {"day": 6, "shift": "late", "rooms": ["r3", "r5", "r7", "r6"]}, {"day": 8, "shift": "night", "rooms": ["r2", "r3", "r4", "r5", "r6", "r7"]}, {"day": 9, "shift": "night", "rooms": ["r2", "r3", "r4", "r5", "r6", "r7"]}, {"day": 12, "shift": "late", "rooms": ["r5", "r6", "r7"]}, {"day": 13, "shift": "late", "rooms": ["r4", "r5", "r6", "r7"]}, {"day": 17, "shift": "night", "rooms": ["r0", "r1", "r2", "r3", "r4", "r5", "r6", "r7"]}, {"day": 14, "shift": "night", "rooms": []}, {"day": 11, "shift": "late", "rooms": ["r2", "r1"]}, {"day": 16, "shift": "early", "rooms": ["r4", "r7"]}]}, {"id": "n006", "assignments": [{"day": 1, "shift": "night", "rooms": ["r0", "r1", "r2", "r3"]}, {"day": 2, "shift": "night", "rooms": ["r3", "r4", "r5", "r6"]}, {"day": 4, "shift": "early", "rooms": ["r2", "r3"]}, {"day": 7, "shift": "early", "rooms": ["r2", "r3", "r4", "r5"]}, {"day": 8, "shift": "early", "rooms": ["r6", "r7"]}, {"day": 9, "shift": "late", "rooms": ["r2", "r3", "r4"]}, {"day": 10, "shift": "night", "rooms": ["r0", "r1", "r2"]}, {"day": 11, "shift": "night", "rooms": ["r0", "r1", "r2"]}, {"day": 12, "shift": "night", "rooms": ["r0", "r1", "r2", "r3"]}, {"day": 14, "shift": "early", "rooms": ["r0", "r1", "r2", "r3"]}, {"day": 15, "shift": "early", "rooms": ["r5", "r6", "r7"]}, {"day": 5, "shift": "late", "rooms": ["r5"]}, {"day": 0, "shift": "late", "rooms": ["r5"]}, {"day": 18, "shift": "early", "rooms": ["r3"]}]}, {"id": "n007", "assignments": [{"day": 2, "shift": "early", "rooms": ["r3", "r4"]}, {"day": 3, "shift": "early", "rooms": ["r1", "r2"]}, {"day": 5, "shift": "early", "rooms": ["r3", "r4", "r5"]}, {"day": 8, "shift": "late", "rooms": ["r5", "r2", "r4"]}, {"day": 9, "shift": "late", "rooms": ["r5", "r6", "r7"]}, {"day": 12, "shift": "early", "rooms": ["r4", "r5", "r6", "r7"]}, {"day": 14, "shift": "late", "rooms": ["r3", "r4", "r5", "r6", "r7"]}, {"day": 15, "shift": "late", "rooms": ["r3", "r4", "r5", "r6", "r7"]}]}, {"id": "n008", "assignments": [{"day": 0, "shift": "early", "rooms": ["r2", "r3", "r4", "r5"]}, {"day": 1, "shift": "early", "rooms": ["r0", "r1"]}, {"day": 2, "shift": "late", "rooms": ["r4", "r5", "r6"]}, {"day": 4, "shift": "late", "rooms": ["r6", "r7"]}, {"day": 5, "shift": "night", "rooms": ["r1", "r7", "r6", "r5"]}, {"day": 9, "shift": "early", "rooms": ["r4", "r5", "r6", "r7"]}, {"day": 18, "shift": "late", "rooms": ["r0", "r1", "r2", "r3", "r4", "r5", "r6", "r7"]}]}, {"id": "n009", "assignments": [{"day": 1, "shift": "night", "rooms": ["r4", "r5", "r6", "r7"]}, {"day": 2, "shift": "night", "rooms": ["r7"]}, {"day": 4, "shift": "night", "rooms": ["r5", "r6", "r7"]}, {"day": 8, "shift": "late", "rooms": ["r6", "r7"]}, {"day": 10, "shift": "night", "rooms": ["r3", "r4", "r5", "r6", "r7"]}, {"day": 11, "shift": "night", "rooms": ["r3", "r4", "r5", "r6", "r7"]}, {"day": 12, "shift": "night", "rooms": ["r4", "r5", "r6", "r7"]}, {"day": 14, "shift": "early", "rooms": ["r4", "r5", "r6", "r7"]}, {"day": 16, "shift": "late", "rooms": ["r4"]}, {"day": 15, "shift": "early", "rooms": ["r7"]}, {"day": 5, "shift": "night", "rooms": ["r7"]}, {"day": 6, "shift": "night", "rooms": ["r5"]}]}, {"id": "n010", "assignments": [{"day": 0, "shift": "early", "rooms": ["r2", "r7", "r6"]}, {"day": 1, "shift": "early", "rooms": ["r2", "r3"]}, {"day": 3, "shift": "early", "rooms": ["r3", "r4"]}, {"day": 4, "shift": "early", "rooms": ["r4", "r5", "r6"]}, {"day": 6, "shift": "early", "rooms": ["r3", "r4", "r5", "r6"]}, {"day": 7, "shift": "late", "rooms": ["r2", "r3", "r4", "r5"]}, {"day": 17, "shift": "late", "rooms": ["r0", "r1", "r2", "r3", "r4", "r5", "r6", "r7"]}, {"day": 18, "shift": "night", "rooms": ["r0"]}, {"day": 11, "shift": "late", "rooms": ["r5"]}, {"day": 8, "shift": "late", "rooms": ["r3"]}, {"day": 15, "shift": "late", "rooms": ["r1"]}, {"day": 14, "shift": "early", "rooms": ["r2"]}]}, {"id": "n011", "assignments": [{"day": 1, "shift": "early", "rooms": ["r4", "r5", "r6", "r7"]}, {"day": 2, "shift": "late", "rooms": ["r2", "r7", "r6"]}, {"day": 3, "shift": "late", "rooms": ["r2"]}, {"day": 6, "shift": "early", "rooms": ["r7"]}, {"day": 7, "shift": "early", "rooms": ["r7"]}, {"day": 11, "shift": "night", "rooms": []}, {"day": 20, "shift": "early", "rooms": ["r0", "r5"]}, {"day": 9, "shift": "late", "rooms": ["r7"]}, {"day": 18, "shift": "late", "rooms": ["r0", "r6"]}, {"day": 4, "shift": "late", "rooms": ["r2"]}]}, {"id": "n012", "assignments": [{"day": 2, "shift": "early", "rooms": ["r5", "r6", "r7"]}, {"day": 3, "shift": "early", "rooms": ["r5", "r6", "r7"]}, {"day": 4, "shift": "early", "rooms": ["r7"]}, {"day": 7, "shift": "early", "rooms": ["r6"]}, {"day": 1, "shift": "early", "rooms": ["r5"]}, {"day": 8, "shift": "early", "rooms": ["r3", "r5"]}, {"day": 19, "shift": "late", "rooms": ["r0"]}]}, {"id": "n014", "assignments": [{"day": 3, "shift": "late", "rooms": ["r3", "r4"]}, {"day": 7, "shift": "late", "rooms": ["r6"]}, {"day": 10, "shift": "late", "rooms": ["r3", "r4", "r5", "r6", "r7"]}, {"day": 18, "shift": "late", "rooms": ["r2"]}, {"day": 4, "shift": "night", "rooms": ["r4", "r6"]}, {"day": 2, "shift": "late", "rooms": ["r4"]}, {"day": 12, "shift": "early", "rooms": ["r4", "r6"]}, {"day": 15, "shift": "night", "rooms": ["r3"]}, {"day": 19, "shift": "late", "rooms": ["r2"]}]}, {"id": "n015", "assignments": [{"day": 3, "shift": "late", "rooms": ["r5", "r6", "r7"]}, {"day": 5, "shift": "early", "rooms": ["r6", "r7"]}]}], "room_allocation": {"(0, 'r0')": [["a7", "B", "elderly"]], "(0, 'r1')": [["a4", "B", "adult"]], "(0, 'r2')": [["a1", "A", "adult"]], "(0, 'r3')": [["a2", "B", "adult"]], "(0, 'r4')": [["a0", "A", "adult"], ["a6", "A", "elderly"]], "(0, 'r5')": [["a5", "B", "elderly"]], "(0, 'r6')": [], "(0, 'r7')": [["a3", "A", "elderly"]], "(1, 'r0')": [["p017", "A", "adult"], ["p001", "A", "elderly"]], "(1, 'r1')": [["p068", "B", "elderly"], ["p009", "B", "elderly"], ["p005", "B", "adult"]], "(1, 'r2')": [["a1", "A", "adult"], ["p054", "A", "elderly"]], "(1, 'r3')": [["a2", "B", "adult"], ["p052", "B", "elderly"], ["p041", "B", "elderly"], ["p057", "B", "elderly"]], "(1, 'r4')": [["a0", "A", "adult"], ["a6", "A", "elderly"]], "(1, 'r5')": [["a5", "B", "elderly"], ["p119", "B", "elderly"]], "(1, 'r6')": [], "(1, 'r7')": [["a3", "A", "elderly"]], "(2, 'r0')": [["p017", "A", "adult"], ["p001", "A", "elderly"]], "(2, 'r1')": [["p068", "B", "elderly"], ["p009", "B", "elderly"], ["p005", "B", "adult"]], "(2, 'r2')": [["p054", "A", "elderly"], ["p124", "A", "elderly"], ["p060", "A", "elderly"], ["p072", "A", "elderly"]], "(2, 'r3')": [["p052", "B", "elderly"], ["p041", "B", "elderly"], ["p057", "B", "elderly"], ["p117", "B", "elderly"]], "(2, 'r4')": [["a0", "A", "adult"], ["a6", "A", "elderly"], ["p035", "A", "adult"]], "(2, 'r5')": [["a5", "B", "elderly"], ["p119", "B", "elderly"]], "(2, 'r6')": [["p032", "B", "elderly"], ["p080", "B", "elderly"]], "(2, 'r7')": [["p094", "A", "elderly"]], "(3, 'r0')": [["p017", "A", "adult"], ["p001", "A", "elderly"], ["p011", "A", "elderly"]], "(3, 'r1')": [["p009", "B", "elderly"], ["p005", "B", "adult"], ["p110", "B", "elderly"]], "(3, 'r2')": [["p054", "A", "elderly"], ["p124", "A", "elderly"], ["p060", "A", "elderly"], ["p072", "A", "elderly"]], "(3, 'r3')": [["p052", "B", "elderly"], ["p041", "B", "elderly"], ["p057", "B", "elderly"], ["p117", "B", "elderly"]], "(3, 'r4')": [["a0", "A", "adult"], ["a6", "A", "elderly"], ["p035", "A", "adult"]], "(3, 'r5')": [["p119", "B", "elderly"], ["p044", "B", "elderly"]], "(3, 'r6')": [["p032", "B", "elderly"], ["p080", "B", "elderly"]], "(3, 'r7')": [["p094", "A", "elderly"], ["p008", "A", "elderly"]], "(4, 'r0')": [["p120", "A", "elderly"], ["p011", "A", "elderly"], ["p015", "A", "elderly"]], "(4, 'r1')": [["p009", "B", "elderly"], ["p110", "B", "elderly"], ["p116", "B", "elderly"]], "(4, 'r2')": [["p054", "A", "elderly"], ["p124", "A", "elderly"], ["p060", "A", "elderly"], ["p072", "A", "elderly"]], "(4, 'r3')": [["p041", "B", "elderly"], ["p057", "B", "elderly"], ["p117", "B", "elderly"], ["p114", "B", "elderly"]], "(4, 'r4')": [["a0", "A", "adult"], ["p035", "A", "adult"], ["p123", "A", "elderly"]], "(4, 'r5')": [["p119", "B", "elderly"], ["p044", "B", "elderly"]], "(4, 'r6')": [["p032", "B", "elderly"], ["p126", "B", "elderly"]], "(4, 'r7')": [["p094", "A", "elderly"], ["p008", "A", "elderly"]], "(5, 'r0')": [["p120", "A", "elderly"], ["p011", "A", "elderly"], ["p015", "A", "elderly"]], "(5, 'r1')": [["p009", "B", "elderly"], ["p116", "B", "elderly"]], "(5, 'r2')": [["p124", "A", "elderly"], ["p060", "A", "elderly"], ["p072", "A", "elderly"]], "(5, 'r3')": [["p117", "B", "elderly"], ["p114", "B", "elderly"]], "(5, 'r4')": [["a0", "A", "adult"], ["p123", "A", "elderly"]], "(5, 'r5')": [["p119", "B", "elderly"], ["p044", "B", "elderly"]], "(5, 'r6')": [["p032", "B", "elderly"], ["p126", "B", "elderly"]], "(5, 'r7')": [["p008", "A", "elderly"]], "(6, 'r0')": [["p120", "A", "elderly"]], "(6, 'r1')": [["p116", "B", "elderly"], ["p154", "B", "elderly"], ["p013", "B", "elderly"]], "(6, 'r2')": [["p124", "A", "elderly"], ["p072", "A", "elderly"], ["p016", "A", "adult"], ["p047", "A", "elderly"]], "(6, 'r3')": [["p114", "B", "elderly"]], "(6, 'r4')": [["p123", "A", "elderly"], ["p125", "A", "infant"]], "(6, 'r5')": [["p119", "B", "elderly"], ["p044", "B", "elderly"]], "(6, 'r6')": [["p032", "B", "elderly"], ["p126", "B", "elderly"]], "(6, 'r7')": [["p008", "A", "elderly"]], "(7, 'r0')": [["p120", "A", "elderly"], ["p024", "A", "elderly"], ["p064", "A", "elderly"]], "(7, 'r1')": [["p154", "B", "elderly"], ["p096", "B", "adult"], ["p013", "B", "elderly"]], "(7, 'r2')": [["p072", "A", "elderly"], ["p128", "A", "adult"], ["p016", "A", "adult"], ["p047", "A", "elderly"]], "(7, 'r3')": [["p114", "B", "elderly"], ["p135", "B", "elderly"], ["p014", "B", "elderly"]], "(7, 'r4')": [["p123", "A", "elderly"], ["p125", "A", "infant"]], "(7, 'r5')": [["p119", "B", "elderly"], ["p044", "B", "elderly"]], "(7, 'r6')": [["p032", "B", "elderly"], ["p126", "B", "elderly"]], "(7, 'r7')": [], "(8, 'r0')": [["p120", "A", "elderly"], ["p024", "A", "elderly"], ["p064", "A", "elderly"]], "(8, 'r1')": [["p154", "B", "elderly"], ["p096", "B", "adult"]], "(8, 'r2')": [["p128", "A", "adult"], ["p016", "A", "adult"], ["p047", "A", "elderly"], ["p087", "A", "elderly"]], "(8, 'r3')": [["p114", "B", "elderly"], ["p135", "B", "elderly"], ["p141", "B", "elderly"], ["p014", "B", "elderly"]], "(8, 'r4')": [["p123", "A", "elderly"]], "(8, 'r5')": [["p119", "B", "elderly"], ["p044", "B", "elderly"]], "(8, 'r6')": [["p032", "B", "elderly"]], "(8, 'r7')": [["p063", "B", "elderly"], ["p082", "B", "elderly"]], "(9, 'r0')": [["p120", "A", "elderly"], ["p045", "A", "elderly"], ["p064", "A", "elderly"]], "(9, 'r1')": [["p154", "B", "elderly"], ["p096", "B", "adult"], ["p093", "B", "elderly"]], "(9, 'r2')": [["p128", "A", "adult"], ["p031", "A", "elderly"], ["p007", "A", "adult"], ["p087", "A", "elderly"]], "(9, 'r3')": [["p141", "B", "elderly"], ["p074", "B", "adult"], ["p014", "B", "elderly"]], "(9, 'r4')": [["p123", "A", "elderly"], ["p130", "A", "elderly"], ["p100", "A", "elderly"]], "(9, 'r5')": [["p119", "B", "elderly"]], "(9, 'r6')": [["p075", "A", "adult"], ["p102", "A", "elderly"]], "(9, 'r7')": [["p063", "B", "elderly"], ["p082", "B", "elderly"]], "(10, 'r0')": [["p045", "A", "elderly"]], "(10, 'r1')": [["p154", "B", "elderly"], ["p096", "B", "adult"], ["p093", "B", "elderly"]], "(10, 'r2')": [["p128", "A", "adult"], ["p031", "A", "elderly"], ["p007", "A", "adult"]], "(10, 'r3')": [["p074", "B", "adult"]], "(10, 'r4')": [["p123", "A", "elderly"], ["p130", "A", "elderly"], ["p100", "A", "elderly"]], "(10, 'r5')": [], "(10, 'r6')": [["p075", "A", "adult"], ["p102", "A", "elderly"]], "(10, 'r7')": [["p063", "B", "elderly"], ["p082", "B", "elderly"]], "(11, 'r0')": [["p026", "A", "elderly"], ["p045", "A", "elderly"]], "(11, 'r1')": [["p096", "B", "adult"], ["p093", "B", "elderly"], ["p069", "B", "elderly"]], "(11, 'r2')": [["p128", "A", "adult"], ["p031", "A", "elderly"], ["p007", "A", "adult"], ["p028", "A", "elderly"]], "(11, 'r3')": [["p074", "B", "adult"]], "(11, 'r4')": [["p130", "A", "elderly"], ["p133", "A", "adult"], ["p089", "A", "elderly"]], "(11, 'r5')": [["p105", "B", "elderly"], ["p155", "B", "elderly"]], "(11, 'r6')": [["p002", "A", "elderly"], ["p075", "A", "adult"]], "(11, 'r7')": [["p061", "B", "elderly"]], "(12, 'r0')": [["p040", "A", "elderly"], ["p026", "A", "elderly"]], "(12, 'r1')": [["p096", "B", "adult"], ["p093", "B", "elderly"], ["p069", "B", "elderly"]], "(12, 'r2')": [["p031", "A", "elderly"], ["p007", "A", "adult"], ["p004", "A", "elderly"], ["p028", "A", "elderly"]], "(12, 'r3')": [["p074", "B", "adult"], ["p079", "B", "adult"]], "(12, 'r4')": [["p130", "A", "elderly"], ["p133", "A", "adult"], ["p089", "A", "elderly"]], "(12, 'r5')": [["p105", "B", "elderly"], ["p155", "B", "elderly"]], "(12, 'r6')": [["p002", "A", "elderly"], ["p101", "A", "elderly"]], "(12, 'r7')": [["p061", "B", "elderly"], ["p010", "B", "elderly"]], "(13, 'r0')": [["p040", "A", "elderly"], ["p026", "A", "elderly"], ["p039", "A", "elderly"]], "(13, 'r1')": [["p096", "B", "adult"]], "(13, 'r2')": [["p086", "A", "elderly"], ["p004", "A", "elderly"]], "(13, 'r3')": [["p074", "B", "adult"], ["p091", "B", "elderly"], ["p079", "B", "adult"]], "(13, 'r4')": [["p130", "A", "elderly"], ["p133", "A", "adult"], ["p089", "A", "elderly"]], "(13, 'r5')": [["p033", "A", "elderly"]], "(13, 'r6')": [["p002", "A", "elderly"], ["p101", "A", "elderly"]], "(13, 'r7')": [["p061", "B", "elderly"], ["p010", "B", "elderly"]], "(14, 'r0')": [["p040", "A", "elderly"], ["p039", "A", "elderly"], ["p147", "A", "elderly"]], "(14, 'r1')": [["p096", "B", "adult"]], "(14, 'r2')": [["p086", "A", "elderly"]], "(14, 'r3')": [["p074", "B", "adult"], ["p091", "B", "elderly"]], "(14, 'r4')": [["p130", "A", "elderly"], ["p133", "A", "adult"], ["p122", "A", "elderly"]], "(14, 'r5')": [["p033", "A", "elderly"]], "(14, 'r6')": [], "(14, 'r7')": [["p061", "B", "elderly"], ["p010", "B", "elderly"]], "(15, 'r0')": [["p040", "A", "elderly"], ["p039", "A", "elderly"], ["p147", "A", "elderly"]], "(15, 'r1')": [["p096", "B", "adult"]], "(15, 'r2')": [["p086", "A", "elderly"], ["p027", "A", "elderly"]], "(15, 'r3')": [["p074", "B", "adult"], ["p091", "B", "elderly"]], "(15, 'r4')": [["p130", "A", "elderly"], ["p021", "A", "elderly"], ["p122", "A", "elderly"]], "(15, 'r5')": [["p033", "A", "elderly"]], "(15, 'r6')": [], "(15, 'r7')": [["p061", "B", "elderly"], ["p152", "B", "elderly"]], "(16, 'r0')": [["p040", "A", "elderly"], ["p147", "A", "elderly"], ["p149", "A", "adult"]], "(16, 'r1')": [["p096", "B", "adult"]], "(16, 'r2')": [["p086", "A", "elderly"], ["p027", "A", "elderly"]], "(16, 'r3')": [], "(16, 'r4')": [["p130", "A", "elderly"], ["p021", "A", "elderly"], ["p122", "A", "elderly"]], "(16, 'r5')": [["p131", "B", "elderly"], ["p118", "B", "elderly"]], "(16, 'r6')": [["p144", "B", "elderly"]], "(16, 'r7')": [["p061", "B", "elderly"], ["p152", "B", "elderly"]], "(17, 'r0')": [["p051", "A", "elderly"], ["p040", "A", "elderly"], ["p149", "A", "adult"]], "(17, 'r1')": [["p096", "B", "adult"], ["p121", "B", "elderly"]], "(17, 'r2')": [["p086", "A", "elderly"], ["p027", "A", "elderly"]], "(17, 'r3')": [["p099", "B", "adult"], ["p107", "B", "adult"]], "(17, 'r4')": [["p106", "B", "elderly"]], "(17, 'r5')": [["p131", "B", "elderly"], ["p118", "B", "elderly"]], "(17, 'r6')": [["p146", "B", "elderly"], ["p144", "B", "elderly"]], "(17, 'r7')": [["p061", "B", "elderly"], ["p152", "B", "elderly"]], "(18, 'r0')": [["p051", "A", "elderly"], ["p040", "A", "elderly"]], "(18, 'r1')": [["p121", "B", "elderly"]], "(18, 'r2')": [["p022", "A", "elderly"], ["p086", "A", "elderly"], ["p012", "A", "elderly"]], "(18, 'r3')": [["p099", "B", "adult"], ["p107", "B", "adult"]], "(18, 'r4')": [["p000", "B", "elderly"], ["p106", "B", "elderly"]], "(18, 'r5')": [["p131", "B", "elderly"]], "(18, 'r6')": [["p146", "B", "elderly"], ["p144", "B", "elderly"]], "(18, 'r7')": [["p138", "B", "adult"]], "(19, 'r0')": [["p051", "A", "elderly"], ["p006", "A", "adult"], ["p048", "A", "elderly"]], "(19, 'r1')": [], "(19, 'r2')": [["p022", "A", "elderly"], ["p086", "A", "elderly"], ["p012", "A", "elderly"]], "(19, 'r3')": [], "(19, 'r4')": [["p000", "B", "elderly"], ["p106", "B", "elderly"], ["p109", "B", "elderly"]], "(19, 'r5')": [["p132", "B", "adult"]], "(19, 'r6')": [["p146", "B", "elderly"], ["p144", "B", "elderly"]], "(19, 'r7')": [["p138", "B", "adult"]], "(20, 'r0')": [["p051", "A", "elderly"], ["p006", "A", "adult"], ["p048", "A", "elderly"]], "(20, 'r1')": [], "(20, 'r2')": [["p022", "A", "elderly"], ["p086", "A", "elderly"]], "(20, 'r3')": [], "(20, 'r4')": [["p000", "B", "elderly"], ["p109", "B", "elderly"]], "(20, 'r5')": [["p132", "B", "adult"]], "(20, 'r6')": [["p146", "B", "elderly"]], "(20, 'r7')": [["p138", "B", "adult"]]}, "theater_allocation": {"(0, 't0')": 600, "(0, 't1')": 0, "(0, 't2')": 0, "(1, 't0')": 720, "(1, 't1')": 480, "(1, 't2')": -270, "(2, 't0')": 720, "(2, 't1')": 600, "(2, 't2')": 30, "(3, 't0')": 720, "(3, 't1')": 600, "(3, 't2')": 60, "(4, 't0')": 720, "(4, 't1')": 480, "(4, 't2')": 120, "(5, 't0')": 600, "(5, 't1')": 0, "(5, 't2')": 480, "(6, 't0')": 600, "(6, 't1')": 0, "(6, 't2')": -360, "(7, 't0')": 600, "(7, 't1')": 720, "(7, 't2')": 0, "(8, 't0')": 600, "(8, 't1')": 600, "(8, 't2')": 360, "(9, 't0')": 600, "(9, 't1')": 720, "(9, 't2')": -330, "(10, 't0')": 480, "(10, 't1')": 0, "(10, 't2')": 720, "(11, 't0')": 600, "(11, 't1')": 720, "(11, 't2')": -210, "(12, 't0')": 600, "(12, 't1')": 0, "(12, 't2')": -60, "(13, 't0')": 600, "(13, 't1')": 600, "(13, 't2')": 180, "(14, 't0')": 600, "(14, 't1')": 600, "(14, 't2')": 210, "(15, 't0')": 480, "(15, 't1')": 720, "(15, 't2')": -360, "(16, 't0')": 600, "(16, 't1')": 600, "(16, 't2')": 180, "(17, 't0')": 600, "(17, 't1')": 600, "(17, 't2')": -60, "(18, 't0')": 480, "(18, 't1')": 720, "(18, 't2')": -330, "(19, 't0')": 600, "(19, 't1')": 600, "(19, 't2')": 240, "(20, 't0')": 600, "(20, 't1')": 720, "(20, 't2')": 0}, "surgeon_allocation": {"(0, 's0')": 0, "(0, 's1')": 0, "(1, 's0')": 90, "(1, 's1')": 0, "(2, 's0')": 270, "(2, 's1')": 0, "(3, 's0')": 270, "(3, 's1')": 270, "(4, 's0')": 0, "(4, 's1')": 0, "(5, 's0')": 0, "(5, 's1')": 0, "(6, 's0')": 0, "(6, 's1')": 0, "(7, 's0')": 0, "(7, 's1')": 0, "(8, 's0')": 0, "(8, 's1')": 0, "(9, 's0')": 0, "(9, 's1')": 30, "(10, 's0')": 0, "(10, 's1')": 0, "(11, 's0')": 30, "(11, 's1')": 0, "(12, 's0')": 0, "(12, 's1')": 60, "(13, 's0')": 0, "(13, 's1')": 60, "(14, 's0')": 90, "(14, 's1')": 0, "(15, 's0')": 0, "(15, 's1')": 0, "(16, 's0')": 0, "(16, 's1')": 60, "(17, 's0')": 270, "(17, 's1')": 30, "(18, 's0')": 30, "(18, 's1')": 0, "(19, 's0')": 0, "(19, 's1')": 0, "(20, 's0')": 0, "(20, 's1')": 0}, "operator": "['remove_nurse_room']"}