{"patients": [{"id": "p142", "admission_day": 0, "room": "r02", "operating_theater": "t0"}, {"id": "p168", "admission_day": 0, "room": "r02", "operating_theater": "t1"}, {"id": "p125", "admission_day": 1, "room": "r00", "operating_theater": "t0"}, {"id": "p042", "admission_day": 1, "room": "r00", "operating_theater": "t6"}, {"id": "p114", "admission_day": 1, "room": "r02", "operating_theater": "t0"}, {"id": "p192", "admission_day": 12, "room": "r01", "operating_theater": "t1"}, {"id": "p019", "admission_day": 1, "room": "r15", "operating_theater": "t1"}, {"id": "p135", "admission_day": 2, "room": "r03", "operating_theater": "t0"}, {"id": "p105", "admission_day": 2, "room": "r01", "operating_theater": "t0"}, {"id": "p224", "admission_day": 2, "room": "r04", "operating_theater": "t0"}, {"id": "p024", "admission_day": 2, "room": "r03", "operating_theater": "t1"}, {"id": "p093", "admission_day": 2, "room": "r22", "operating_theater": "t0"}, {"id": "p036", "admission_day": 11, "room": "r03", "operating_theater": "t4"}, {"id": "p069", "admission_day": 3, "room": "r05", "operating_theater": "t4"}, {"id": "p185", "admission_day": 4, "room": "r02", "operating_theater": "t5"}, {"id": "p204", "admission_day": 8, "room": "r05", "operating_theater": "t0"}, {"id": "p034", "admission_day": 7, "room": "r02", "operating_theater": "t0"}, {"id": "p104", "admission_day": 7, "room": "r02", "operating_theater": "t0"}, {"id": "p228", "admission_day": 13, "room": "r06", "operating_theater": "t0"}, {"id": "p000", "admission_day": 3, "room": "r10", "operating_theater": "t0"}, {"id": "p001", "admission_day": "none"}, {"id": "p002", "admission_day": 12, "room": "r17", "operating_theater": "t1"}, {"id": "p004", "admission_day": 12, "room": "r24", "operating_theater": "t1"}, {"id": "p005", "admission_day": 9, "room": "r18", "operating_theater": "t5"}, {"id": "p006", "admission_day": 9, "room": "r27", "operating_theater": "t5"}, {"id": "p007", "admission_day": "none"}, {"id": "p008", "admission_day": 9, "room": "r13", "operating_theater": "t3"}, {"id": "p010", "admission_day": 3, "room": "r17", "operating_theater": "t1"}, {"id": "p011", "admission_day": 1, "room": "r25", "operating_theater": "t3"}, {"id": "p012", "admission_day": 7, "room": "r03", "operating_theater": "t0"}, {"id": "p013", "admission_day": 11, "room": "r15", "operating_theater": "t4"}, {"id": "p014", "admission_day": 11, "room": "r08", "operating_theater": "t5"}, {"id": "p015", "admission_day": 4, "room": "r06", "operating_theater": "t3"}, {"id": "p016", "admission_day": 6, "room": "r04", "operating_theater": "t0"}, {"id": "p017", "admission_day": 9, "room": "r23", "operating_theater": "t1"}, {"id": "p018", "admission_day": 10, "room": "r12", "operating_theater": "t1"}, {"id": "p020", "admission_day": "none"}, {"id": "p021", "admission_day": 3, "room": "r16", "operating_theater": "t1"}, {"id": "p023", "admission_day": 7, "room": "r02", "operating_theater": "t0"}, {"id": "p025", "admission_day": 12, "room": "r08", "operating_theater": "t4"}, {"id": "p026", "admission_day": 7, "room": "r24", "operating_theater": "t1"}, {"id": "p027", "admission_day": 13, "room": "r06", "operating_theater": "t6"}, {"id": "p028", "admission_day": "none"}, {"id": "p029", "admission_day": 8, "room": "r16", "operating_theater": "t0"}, {"id": "p030", "admission_day": 3, "room": "r18", "operating_theater": "t4"}, {"id": "p031", "admission_day": 3, "room": "r15", "operating_theater": "t5"}, {"id": "p032", "admission_day": 10, "room": "r24", "operating_theater": "t0"}, {"id": "p033", "admission_day": 4, "room": "r23", "operating_theater": "t2"}, {"id": "p035", "admission_day": 0, "room": "r26", "operating_theater": "t2"}, {"id": "p037", "admission_day": 1, "room": "r23", "operating_theater": "t6"}, {"id": "p038", "admission_day": "none"}, {"id": "p039", "admission_day": 12, "room": "r16", "operating_theater": "t4"}, {"id": "p041", "admission_day": 8, "room": "r10", "operating_theater": "t0"}, {"id": "p044", "admission_day": "none"}, {"id": "p045", "admission_day": "none"}, {"id": "p046", "admission_day": "none"}, {"id": "p047", "admission_day": 7, "room": "r19", "operating_theater": "t3"}, {"id": "p048", "admission_day": 4, "room": "r12", "operating_theater": "t0"}, {"id": "p049", "admission_day": "none"}, {"id": "p050", "admission_day": 9, "room": "r25", "operating_theater": "t1"}, {"id": "p051", "admission_day": 2, "room": "r06", "operating_theater": "t4"}, {"id": "p052", "admission_day": 1, "room": "r04", "operating_theater": "t0"}, {"id": "p053", "admission_day": 11, "room": "r21", "operating_theater": "t0"}, {"id": "p054", "admission_day": 4, "room": "r26", "operating_theater": "t5"}, {"id": "p055", "admission_day": 8, "room": "r25", "operating_theater": "t4"}, {"id": "p056", "admission_day": 13, "room": "r27", "operating_theater": "t1"}, {"id": "p057", "admission_day": "none"}, {"id": "p058", "admission_day": 7, "room": "r03", "operating_theater": "t3"}, {"id": "p059", "admission_day": 13, "room": "r11", "operating_theater": "t2"}, {"id": "p060", "admission_day": 9, "room": "r24", "operating_theater": "t0"}, {"id": "p061", "admission_day": 13, "room": "r07", "operating_theater": "t0"}, {"id": "p062", "admission_day": 1, "room": "r25", "operating_theater": "t2"}, {"id": "p063", "admission_day": 4, "room": "r22", "operating_theater": "t0"}, {"id": "p064", "admission_day": "none"}, {"id": "p065", "admission_day": "none"}, {"id": "p066", "admission_day": 8, "room": "r08", "operating_theater": "t6"}, {"id": "p067", "admission_day": 6, "room": "r04", "operating_theater": "t0"}, {"id": "p068", "admission_day": 4, "room": "r08", "operating_theater": "t3"}, {"id": "p070", "admission_day": 6, "room": "r04", "operating_theater": "t0"}, {"id": "p071", "admission_day": 2, "room": "r18", "operating_theater": "t3"}, {"id": "p072", "admission_day": 5, "room": "r18", "operating_theater": "t4"}, {"id": "p073", "admission_day": 9, "room": "r28", "operating_theater": "t4"}, {"id": "p074", "admission_day": 1, "room": "r12", "operating_theater": "t2"}, {"id": "p075", "admission_day": 9, "room": "r16", "operating_theater": "t2"}, {"id": "p077", "admission_day": "none"}, {"id": "p078", "admission_day": 8, "room": "r28", "operating_theater": "t5"}, {"id": "p079", "admission_day": 1, "room": "r18", "operating_theater": "t0"}, {"id": "p080", "admission_day": 11, "room": "r02", "operating_theater": "t3"}, {"id": "p081", "admission_day": 2, "room": "r04", "operating_theater": "t3"}, {"id": "p083", "admission_day": 1, "room": "r14", "operating_theater": "t5"}, {"id": "p084", "admission_day": 3, "room": "r24", "operating_theater": "t1"}, {"id": "p085", "admission_day": 10, "room": "r04", "operating_theater": "t3"}, {"id": "p086", "admission_day": 1, "room": "r25", "operating_theater": "t6"}, {"id": "p087", "admission_day": 9, "room": "r08", "operating_theater": "t1"}, {"id": "p088", "admission_day": 4, "room": "r26", "operating_theater": "t4"}, {"id": "p089", "admission_day": 8, "room": "r26", "operating_theater": "t5"}, {"id": "p091", "admission_day": 2, "room": "r08", "operating_theater": "t4"}, {"id": "p092", "admission_day": 11, "room": "r26", "operating_theater": "t1"}, {"id": "p094", "admission_day": 5, "room": "r22", "operating_theater": "t4"}, {"id": "p095", "admission_day": "none"}, {"id": "p096", "admission_day": 10, "room": "r00", "operating_theater": "t3"}, {"id": "p097", "admission_day": 11, "room": "r15", "operating_theater": "t5"}, {"id": "p098", "admission_day": "none"}, {"id": "p099", "admission_day": 11, "room": "r22", "operating_theater": "t4"}, {"id": "p100", "admission_day": 1, "room": "r08", "operating_theater": "t1"}, {"id": "p101", "admission_day": 8, "room": "r11", "operating_theater": "t2"}, {"id": "p102", "admission_day": 5, "room": "r11", "operating_theater": "t5"}, {"id": "p106", "admission_day": 7, "room": "r21", "operating_theater": "t1"}, {"id": "p107", "admission_day": 3, "room": "r28", "operating_theater": "t5"}, {"id": "p108", "admission_day": 8, "room": "r17", "operating_theater": "t3"}, {"id": "p109", "admission_day": 8, "room": "r01", "operating_theater": "t4"}, {"id": "p111", "admission_day": 11, "room": "r08", "operating_theater": "t5"}, {"id": "p112", "admission_day": 13, "room": "r03", "operating_theater": "t5"}, {"id": "p115", "admission_day": 11, "room": "r25", "operating_theater": "t1"}, {"id": "p116", "admission_day": 4, "room": "r16", "operating_theater": "t3"}, {"id": "p117", "admission_day": "none"}, {"id": "p118", "admission_day": 3, "room": "r21", "operating_theater": "t5"}, {"id": "p119", "admission_day": 7, "room": "r19", "operating_theater": "t4"}, {"id": "p120", "admission_day": 13, "room": "r20", "operating_theater": "t1"}, {"id": "p121", "admission_day": 7, "room": "r07", "operating_theater": "t4"}, {"id": "p122", "admission_day": 4, "room": "r21", "operating_theater": "t0"}, {"id": "p123", "admission_day": 8, "room": "r06", "operating_theater": "t3"}, {"id": "p124", "admission_day": "none"}, {"id": "p126", "admission_day": 2, "room": "r05", "operating_theater": "t3"}, {"id": "p127", "admission_day": 12, "room": "r20", "operating_theater": "t4"}, {"id": "p128", "admission_day": 10, "room": "r12", "operating_theater": "t0"}, {"id": "p129", "admission_day": 9, "room": "r09", "operating_theater": "t1"}, {"id": "p130", "admission_day": 6, "room": "r26", "operating_theater": "t4"}, {"id": "p131", "admission_day": 9, "room": "r16", "operating_theater": "t2"}, {"id": "p132", "admission_day": 11, "room": "r17", "operating_theater": "t0"}, {"id": "p133", "admission_day": 4, "room": "r07", "operating_theater": "t0"}, {"id": "p134", "admission_day": 13, "room": "r00", "operating_theater": "t5"}, {"id": "p136", "admission_day": "none"}, {"id": "p137", "admission_day": 2, "room": "r27", "operating_theater": "t3"}, {"id": "p139", "admission_day": 1, "room": "r18", "operating_theater": "t1"}, {"id": "p140", "admission_day": 13, "room": "r18", "operating_theater": "t6"}, {"id": "p141", "admission_day": 9, "room": "r14", "operating_theater": "t6"}, {"id": "p143", "admission_day": 11, "room": "r25", "operating_theater": "t4"}, {"id": "p144", "admission_day": 0, "room": "r15", "operating_theater": "t2"}, {"id": "p146", "admission_day": 7, "room": "r05", "operating_theater": "t4"}, {"id": "p147", "admission_day": 11, "room": "r03", "operating_theater": "t3"}, {"id": "p148", "admission_day": 11, "room": "r21", "operating_theater": "t0"}, {"id": "p149", "admission_day": 13, "room": "r22", "operating_theater": "t6"}, {"id": "p150", "admission_day": 5, "room": "r13", "operating_theater": "t4"}, {"id": "p151", "admission_day": 9, "room": "r06", "operating_theater": "t1"}, {"id": "p152", "admission_day": 4, "room": "r03", "operating_theater": "t0"}, {"id": "p153", "admission_day": 13, "room": "r19", "operating_theater": "t6"}, {"id": "p154", "admission_day": 4, "room": "r07", "operating_theater": "t4"}, {"id": "p155", "admission_day": 8, "room": "r09", "operating_theater": "t0"}, {"id": "p156", "admission_day": 3, "room": "r14", "operating_theater": "t5"}, {"id": "p158", "admission_day": 9, "room": "r14", "operating_theater": "t1"}, {"id": "p159", "admission_day": 4, "room": "r19", "operating_theater": "t3"}, {"id": "p160", "admission_day": 11, "room": "r07", "operating_theater": "t1"}, {"id": "p161", "admission_day": 3, "room": "r16", "operating_theater": "t0"}, {"id": "p162", "admission_day": 2, "room": "r27", "operating_theater": "t1"}, {"id": "p163", "admission_day": 7, "room": "r11", "operating_theater": "t3"}, {"id": "p164", "admission_day": 11, "room": "r24", "operating_theater": "t3"}, {"id": "p165", "admission_day": 10, "room": "r14", "operating_theater": "t0"}, {"id": "p166", "admission_day": 7, "room": "r13", "operating_theater": "t0"}, {"id": "p167", "admission_day": "none"}, {"id": "p169", "admission_day": 13, "room": "r23", "operating_theater": "t6"}, {"id": "p170", "admission_day": 3, "room": "r10", "operating_theater": "t5"}, {"id": "p171", "admission_day": "none"}, {"id": "p172", "admission_day": "none"}, {"id": "p173", "admission_day": 3, "room": "r05", "operating_theater": "t3"}, {"id": "p174", "admission_day": 2, "room": "r25", "operating_theater": "t3"}, {"id": "p175", "admission_day": 11, "room": "r14", "operating_theater": "t3"}, {"id": "p177", "admission_day": "none"}, {"id": "p178", "admission_day": 12, "room": "r25", "operating_theater": "t1"}, {"id": "p179", "admission_day": 11, "room": "r27", "operating_theater": "t1"}, {"id": "p180", "admission_day": 9, "room": "r21", "operating_theater": "t6"}, {"id": "p181", "admission_day": 8, "room": "r17", "operating_theater": "t2"}, {"id": "p182", "admission_day": 9, "room": "r21", "operating_theater": "t3"}, {"id": "p183", "admission_day": 2, "room": "r14", "operating_theater": "t4"}, {"id": "p184", "admission_day": 4, "room": "r08", "operating_theater": "t1"}, {"id": "p186", "admission_day": 9, "room": "r10", "operating_theater": "t2"}, {"id": "p187", "admission_day": 3, "room": "r01", "operating_theater": "t0"}, {"id": "p188", "admission_day": 3, "room": "r24", "operating_theater": "t0"}, {"id": "p189", "admission_day": 7, "room": "r23", "operating_theater": "t4"}, {"id": "p191", "admission_day": 2, "room": "r08", "operating_theater": "t1"}, {"id": "p193", "admission_day": 1, "room": "r21", "operating_theater": "t2"}, {"id": "p194", "admission_day": 13, "room": "r10", "operating_theater": "t0"}, {"id": "p195", "admission_day": 3, "room": "r19", "operating_theater": "t0"}, {"id": "p196", "admission_day": "none"}, {"id": "p198", "admission_day": 7, "room": "r12", "operating_theater": "t4"}, {"id": "p199", "admission_day": 4, "room": "r09", "operating_theater": "t0"}, {"id": "p200", "admission_day": 12, "room": "r09", "operating_theater": "t2"}, {"id": "p201", "admission_day": 12, "room": "r22", "operating_theater": "t1"}, {"id": "p202", "admission_day": "none"}, {"id": "p203", "admission_day": 4, "room": "r20", "operating_theater": "t4"}, {"id": "p205", "admission_day": 4, "room": "r06", "operating_theater": "t4"}, {"id": "p206", "admission_day": "none"}, {"id": "p207", "admission_day": 7, "room": "r13", "operating_theater": "t4"}, {"id": "p208", "admission_day": 13, "room": "r14", "operating_theater": "t6"}, {"id": "p209", "admission_day": 1, "room": "r11", "operating_theater": "t2"}, {"id": "p210", "admission_day": 7, "room": "r00", "operating_theater": "t1"}, {"id": "p211", "admission_day": 13, "room": "r11", "operating_theater": "t1"}, {"id": "p212", "admission_day": 3, "room": "r07", "operating_theater": "t1"}, {"id": "p213", "admission_day": 4, "room": "r23", "operating_theater": "t1"}, {"id": "p214", "admission_day": 3, "room": "r15", "operating_theater": "t3"}, {"id": "p215", "admission_day": 1, "room": "r17", "operating_theater": "t6"}, {"id": "p216", "admission_day": 1, "room": "r22", "operating_theater": "t1"}, {"id": "p217", "admission_day": "none"}, {"id": "p219", "admission_day": 6, "room": "r21", "operating_theater": "t0"}, {"id": "p220", "admission_day": 4, "room": "r20", "operating_theater": "t1"}, {"id": "p221", "admission_day": 2, "room": "r23", "operating_theater": "t0"}, {"id": "p222", "admission_day": 0, "room": "r01", "operating_theater": "t0"}, {"id": "p223", "admission_day": 9, "room": "r27", "operating_theater": "t6"}, {"id": "p225", "admission_day": 6, "room": "r11", "operating_theater": "t0"}, {"id": "p226", "admission_day": 9, "room": "r04", "operating_theater": "t2"}, {"id": "p229", "admission_day": 4, "room": "r07", "operating_theater": "t4"}], "nurses": [{"id": "n000", "assignments": [{"day": 0, "shift": "night", "rooms": ["r00", "r01", "r02", "r03", "r04", "r05", "r06"]}, {"day": 2, "shift": "early", "rooms": ["r00", "r01", "r02"]}, {"day": 3, "shift": "late", "rooms": ["r00", "r01", "r02"]}, {"day": 5, "shift": "early", "rooms": ["r00", "r01", "r02"]}, {"day": 6, "shift": "night", "rooms": ["r00", "r01", "r02", "r03", "r04", "r05"]}, {"day": 8, "shift": "early", "rooms": ["r00", "r01", "r02", "r03", "r04", "r05"]}, {"day": 9, "shift": "late", "rooms": ["r00", "r01", "r02", "r03", "r04", "r05", "r06", "r07", "r08", "r09", "r10", "r11", "r12", "r13", "r14", "r15", "r16", "r17", "r18", "r19", "r20", "r21", "r22", "r23", "r24", "r25", "r26", "r27", "r28"]}, {"day": 10, "shift": "late", "rooms": ["r00", "r01", "r02", "r03", "r04", "r05", "r06", "r07", "r08", "r09", "r10", "r11", "r12", "r13", "r14", "r15", "r16", "r17", "r18", "r19", "r20", "r21", "r22", "r23", "r24", "r25", "r26", "r27", "r28"]}, {"day": 11, "shift": "late", "rooms": ["r00", "r01", "r02", "r03", "r04", "r05", "r06", "r07", "r08", "r09", "r10", "r11", "r12", "r13", "r14", "r15", "r16", "r17", "r18", "r19", "r20", "r21", "r22", "r23", "r24", "r25", "r26", "r27", "r28"]}, {"day": 12, "shift": "night", "rooms": ["r08", "r12", "r16", "r21", "r04", "r20", "r28", "r01", "r26", "r24", "r17", "r13", "r11", "r23", "r05", "r10", "r14", "r06", "r25", "r19", "r00", "r22", "r02", "r18", "r15", "r09", "r03", "r07", "r27"]}]}, {"id": "n001", "assignments": [{"day": 0, "shift": "late", "rooms": ["r00", "r01", "r02", "r03", "r04"]}, {"day": 1, "shift": "night", "rooms": ["r00", "r01", "r02", "r03", "r04", "r05", "r06", "r07", "r08", "r09", "r10"]}, {"day": 2, "shift": "night", "rooms": ["r00", "r01", "r02", "r03"]}, {"day": 3, "shift": "night", "rooms": ["r00", "r01", "r02", "r03", "r04"]}, {"day": 5, "shift": "early", "rooms": ["r03", "r04", "r05", "r06", "r07", "r08", "r09", "r10", "r11", "r12", "r13", "r14", "r15", "r16", "r17", "r18", "r19", "r20", "r21", "r22", "r23", "r24", "r25", "r26", "r27"]}, {"day": 6, "shift": "early", "rooms": ["r00", "r01", "r02", "r03", "r04", "r05"]}, {"day": 7, "shift": "late", "rooms": ["r00", "r01", "r02", "r03", "r04", "r05"]}, {"day": 8, "shift": "late", "rooms": ["r00", "r01", "r02", "r03", "r04", "r05", "r06", "r07", "r08", "r09", "r10", "r11", "r12", "r13", "r14", "r15", "r16", "r17", "r18", "r19", "r20", "r21", "r22", "r23", "r24", "r25", "r26", "r27", "r28"]}, {"day": 11, "shift": "night", "rooms": ["r00", "r01", "r02", "r03", "r04", "r05", "r06", "r07", "r08", "r09", "r10", "r11", "r12", "r13", "r14", "r15", "r16", "r17", "r18", "r19", "r20", "r21", "r22", "r23", "r24", "r25", "r26", "r27", "r28"]}, {"day": 13, "shift": "early", "rooms": ["r08", "r12", "r16", "r21", "r04", "r20", "r28", "r01", "r26", "r24", "r17", "r13", "r11", "r23", "r05", "r10", "r14", "r06", "r25", "r19", "r00", "r22", "r02", "r18", "r15", "r09", "r03", "r07", "r27"]}, {"day": 10, "shift": "late", "rooms": ["r05", "r26"]}, {"day": 9, "shift": "late", "rooms": ["r06"]}]}, {"id": "n002", "assignments": [{"day": 0, "shift": "early", "rooms": ["r00", "r01", "r02"]}, {"day": 1, "shift": "night", "rooms": ["r11", "r12", "r13", "r14", "r15", "r16", "r17", "r18", "r19", "r20", "r21", "r22", "r23", "r24", "r25", "r26", "r27", "r28"]}, {"day": 2, "shift": "night", "rooms": ["r04", "r05", "r06", "r07", "r08", "r09", "r10", "r11", "r12", "r13", "r14", "r15", "r16", "r17", "r18", "r19", "r20", "r21", "r22", "r23", "r24", "r25", "r26", "r27", "r28"]}, {"day": 3, "shift": "night", "rooms": ["r07", "r18", "r13", "r08", "r22", "r23", "r10", "r06", "r19", "r11", "r20", "r28", "r16", "r27", "r26", "r17", "r05", "r25", "r21", "r15", "r24", "r14", "r12"]}, {"day": 5, "shift": "early", "rooms": ["r16", "r28"]}, {"day": 6, "shift": "early", "rooms": ["r06", "r07", "r08", "r09", "r10", "r11", "r12", "r13", "r14", "r15", "r16", "r17", "r18", "r19", "r20", "r21", "r22", "r23", "r24", "r25", "r26", "r27", "r28"]}, {"day": 7, "shift": "late", "rooms": ["r06", "r07", "r08", "r09", "r10", "r11", "r12", "r13", "r14", "r15", "r16", "r17", "r18", "r19", "r20", "r21", "r22", "r23", "r24", "r25", "r26", "r27", "r28"]}, {"day": 12, "shift": "late", "rooms": ["r13", "r27", "r10", "r01", "r16", "r08", "r14", "r15", "r26", "r23", "r12", "r04", "r21", "r25", "r06", "r18", "r24", "r03", "r09", "r02", "r28", "r00", "r05", "r17", "r19", "r20", "r07", "r22"]}, {"day": 13, "shift": "late", "rooms": ["r00", "r01", "r02", "r03", "r04", "r05", "r06", "r07", "r08", "r09", "r10", "r11", "r12", "r13", "r14", "r15", "r16", "r17", "r18", "r19", "r20", "r21", "r22", "r23", "r24", "r25", "r26", "r27", "r28"]}, {"day": 8, "shift": "late", "rooms": ["r21"]}]}, {"id": "n003", "assignments": [{"day": 0, "shift": "night", "rooms": ["r07", "r08", "r09", "r10", "r11", "r12", "r13", "r14", "r15", "r16"]}, {"day": 3, "shift": "early", "rooms": ["r00", "r01", "r02"]}, {"day": 4, "shift": "early", "rooms": ["r00", "r01", "r02"]}, {"day": 5, "shift": "late", "rooms": ["r00", "r01", "r02", "r03"]}, {"day": 6, "shift": "late", "rooms": ["r00", "r01", "r02", "r03", "r04", "r05"]}, {"day": 8, "shift": "night", "rooms": ["r00", "r01", "r02", "r03", "r04", "r05", "r06", "r07", "r08", "r09", "r10", "r11", "r12", "r13", "r14", "r15", "r16", "r17", "r18", "r19", "r20", "r21", "r22", "r23", "r24", "r25", "r26", "r27", "r28"]}, {"day": 12, "shift": "late", "rooms": ["r11"]}]}, {"id": "n004", "assignments": [{"day": 0, "shift": "late", "rooms": ["r05", "r06", "r07", "r08"]}, {"day": 1, "shift": "late", "rooms": ["r00", "r01", "r02"]}, {"day": 2, "shift": "late", "rooms": ["r00", "r01"]}, {"day": 3, "shift": "late", "rooms": ["r03"]}, {"day": 4, "shift": "night", "rooms": ["r00", "r01", "r02"]}, {"day": 5, "shift": "night", "rooms": ["r00", "r01", "r02", "r03", "r04", "r05"]}, {"day": 6, "shift": "night", "rooms": ["r06", "r07", "r08", "r09", "r10", "r11", "r12", "r13", "r14", "r15", "r16", "r17", "r18", "r19", "r20", "r21", "r22", "r23", "r24", "r25", "r26", "r27", "r28"]}, {"day": 8, "shift": "early", "rooms": ["r06", "r07", "r08", "r09", "r10", "r11", "r12", "r13", "r14", "r15", "r16", "r17", "r18", "r19", "r20", "r21", "r22", "r23", "r24", "r25", "r26", "r27", "r28"]}, {"day": 9, "shift": "early", "rooms": ["r00", "r01", "r02", "r03", "r04", "r05", "r06", "r07", "r08", "r09", "r10", "r11", "r12", "r13", "r14", "r15", "r16", "r17", "r18", "r19", "r20", "r21", "r22", "r23", "r24", "r25", "r26", "r27", "r28"]}, {"day": 10, "shift": "early", "rooms": ["r00", "r01", "r02", "r03", "r04", "r05", "r06", "r07", "r08", "r09", "r10", "r11", "r12", "r13", "r14", "r15", "r16", "r17", "r18", "r19", "r20", "r21", "r22", "r23", "r24", "r25", "r26", "r27", "r28"]}, {"day": 11, "shift": "early", "rooms": ["r00", "r01", "r02", "r03", "r04", "r05", "r06", "r07", "r08", "r09", "r10", "r11", "r12", "r13", "r14", "r15", "r16", "r17", "r18", "r19", "r20", "r21", "r22", "r23", "r24", "r25", "r26", "r27", "r28"]}, {"day": 12, "shift": "late", "rooms": ["r28"]}]}, {"id": "n005", "assignments": [{"day": 0, "shift": "late", "rooms": ["r09", "r10", "r11"]}, {"day": 1, "shift": "late", "rooms": ["r03", "r04", "r05", "r06", "r07", "r08", "r09", "r10"]}, {"day": 2, "shift": "late", "rooms": ["r02", "r03"]}, {"day": 3, "shift": "late", "rooms": ["r04", "r05", "r06", "r07", "r08", "r09", "r10", "r11", "r12"]}, {"day": 4, "shift": "late", "rooms": ["r00", "r01", "r02"]}, {"day": 5, "shift": "late", "rooms": ["r04", "r05", "r06", "r07", "r08", "r09", "r10", "r11", "r12", "r13", "r14", "r15", "r16", "r17", "r18", "r19", "r20", "r21", "r22", "r23", "r24", "r25", "r26", "r27", "r28"]}, {"day": 6, "shift": "late", "rooms": ["r06", "r07", "r08", "r09", "r10", "r11", "r12", "r13", "r14", "r15", "r16", "r17", "r18", "r19", "r20", "r21", "r22", "r23", "r24", "r25", "r26", "r27", "r28"]}, {"day": 7, "shift": "night", "rooms": ["r00", "r01", "r02", "r03"]}]}, {"id": "n006", "assignments": [{"day": 0, "shift": "night", "rooms": ["r17", "r18", "r19", "r20"]}, {"day": 13, "shift": "night", "rooms": ["r00", "r01", "r02", "r03", "r04", "r05", "r06", "r07", "r08", "r09", "r10", "r11", "r12", "r13", "r14", "r15", "r16", "r17", "r18", "r19", "r20", "r21", "r22", "r23", "r24", "r25", "r26", "r27", "r28"]}, {"day": 10, "shift": "late", "rooms": ["r15"]}]}, {"id": "n007", "assignments": [{"day": 0, "shift": "early", "rooms": ["r03", "r04"]}, {"day": 2, "shift": "early", "rooms": ["r03", "r04", "r05", "r06", "r07", "r08", "r09", "r10", "r11", "r12"]}, {"day": 3, "shift": "early", "rooms": ["r03", "r04", "r05"]}, {"day": 4, "shift": "night", "rooms": ["r03", "r04", "r05", "r06", "r07", "r08", "r09", "r10", "r11", "r12", "r13", "r14", "r15", "r16", "r17", "r18", "r19", "r20", "r21", "r22", "r23", "r24", "r25", "r26", "r27", "r28"]}]}, {"id": "n008", "assignments": [{"day": 0, "shift": "late", "rooms": ["r12", "r13", "r14", "r15", "r16", "r17"]}, {"day": 7, "shift": "early", "rooms": ["r00", "r01", "r02", "r03"]}]}, {"id": "n009", "assignments": [{"day": 0, "shift": "late", "rooms": ["r18", "r19", "r20", "r21", "r22"]}, {"day": 2, "shift": "early", "rooms": ["r13", "r14", "r15", "r16", "r17", "r18", "r19", "r20", "r21", "r22", "r23", "r24", "r25", "r26", "r27"]}, {"day": 3, "shift": "early", "rooms": ["r06", "r07", "r08", "r09", "r10", "r11", "r12", "r13", "r14", "r15", "r16", "r17", "r18", "r19", "r20", "r21", "r22", "r23", "r24", "r25", "r26", "r27", "r28"]}, {"day": 5, "shift": "night", "rooms": ["r06", "r07", "r08", "r09", "r10", "r11", "r12", "r13", "r14", "r15", "r16", "r17", "r18", "r19", "r20", "r21", "r22", "r23", "r24", "r25", "r26", "r27", "r28"]}, {"day": 10, "shift": "night", "rooms": ["r00", "r01", "r02", "r03", "r04", "r05", "r06", "r07", "r08", "r09", "r10", "r11", "r12", "r13", "r14", "r15", "r16", "r17", "r18", "r19", "r20", "r21", "r22", "r23", "r24", "r25", "r26", "r27", "r28"]}]}, {"id": "n010", "assignments": [{"day": 0, "shift": "late", "rooms": ["r23", "r24", "r25", "r26", "r27", "r28"]}, {"day": 2, "shift": "early", "rooms": ["r28"]}, {"day": 4, "shift": "early", "rooms": ["r03", "r04", "r05"]}]}, {"id": "n011", "assignments": [{"day": 4, "shift": "early", "rooms": ["r06", "r07", "r08", "r09", "r10", "r11", "r12", "r13", "r14", "r15", "r16", "r17", "r18", "r19", "r20", "r21", "r22", "r23", "r24", "r25", "r26", "r27", "r28"]}, {"day": 7, "shift": "night", "rooms": ["r04", "r05", "r06", "r07", "r08", "r09", "r10", "r11", "r12", "r13", "r14", "r15", "r16", "r17", "r18", "r19", "r20", "r21", "r22", "r23", "r24", "r25", "r26", "r27", "r28"]}, {"day": 9, "shift": "night", "rooms": ["r00", "r01", "r02", "r03", "r04", "r05", "r06", "r07", "r08", "r09", "r10", "r11", "r12", "r13", "r14", "r15", "r16", "r17", "r18", "r19", "r20", "r21", "r22", "r23", "r24", "r25", "r26", "r27", "r28"]}]}, {"id": "n012", "assignments": [{"day": 1, "shift": "late", "rooms": ["r11", "r12", "r13", "r14", "r15", "r16", "r17", "r18", "r19", "r20"]}, {"day": 2, "shift": "late", "rooms": ["r04", "r05", "r06", "r07", "r08", "r09", "r10", "r11", "r12", "r13", "r14", "r15", "r16", "r17", "r18", "r19", "r20"]}]}, {"id": "n013", "assignments": [{"day": 4, "shift": "late", "rooms": ["r03", "r04", "r05", "r06", "r07", "r08", "r09", "r10", "r11", "r12", "r13"]}, {"day": 12, "shift": "early", "rooms": ["r00", "r01", "r02", "r03", "r04", "r05", "r06", "r07", "r08", "r09", "r10", "r11", "r12", "r13", "r14", "r15", "r16", "r17", "r18", "r19", "r20", "r21", "r22", "r23", "r24", "r25", "r26", "r27", "r28"]}]}, {"id": "n014", "assignments": [{"day": 1, "shift": "late", "rooms": ["r21", "r22", "r23", "r24", "r25", "r26", "r27", "r28"]}, {"day": 2, "shift": "late", "rooms": ["r21", "r22", "r23", "r24", "r25", "r26", "r27", "r28"]}, {"day": 3, "shift": "late", "rooms": ["r23", "r22", "r26", "r14", "r24", "r18", "r17", "r16", "r13", "r15", "r21", "r25", "r19", "r27", "r20", "r28"]}, {"day": 4, "shift": "late", "rooms": ["r14", "r15", "r16", "r17", "r18", "r19", "r20", "r21", "r22", "r23", "r24", "r25", "r26", "r27", "r28"]}, {"day": 10, "shift": "late", "rooms": ["r25"]}]}, {"id": "n015", "assignments": [{"day": 0, "shift": "night", "rooms": ["r21", "r22", "r23", "r24", "r25", "r26", "r27", "r28"]}]}, {"id": "n018", "assignments": [{"day": 7, "shift": "early", "rooms": ["r04", "r05", "r06", "r07", "r08", "r09", "r10", "r11", "r12", "r13", "r14", "r15", "r16", "r17", "r18", "r19", "r20", "r21", "r22", "r23", "r24", "r25", "r26", "r27", "r28"]}, {"day": 10, "shift": "night", "rooms": []}, {"day": 13, "shift": "late", "rooms": ["r11"]}]}, {"id": "n020", "assignments": [{"day": 1, "shift": "early", "rooms": ["r00", "r01", "r02", "r03"]}]}, {"id": "n022", "assignments": [{"day": 1, "shift": "early", "rooms": ["r04", "r05", "r06", "r07", "r08", "r09", "r10", "r11", "r12", "r13"]}, {"day": 3, "shift": "early", "rooms": ["r08"]}]}, {"id": "n030", "assignments": [{"day": 0, "shift": "early", "rooms": ["r05", "r06", "r07", "r08", "r09", "r10"]}, {"day": 9, "shift": "night", "rooms": ["r06"]}]}, {"id": "n031", "assignments": [{"day": 0, "shift": "early", "rooms": ["r11", "r12", "r13", "r14", "r15", "r16", "r17"]}, {"day": 1, "shift": "early", "rooms": ["r14", "r15", "r16", "r17", "r18", "r19", "r20", "r21", "r22", "r23", "r24", "r25", "r26", "r27"]}]}, {"id": "n032", "assignments": [{"day": 1, "shift": "early", "rooms": ["r28"]}]}, {"id": "n033", "assignments": [{"day": 0, "shift": "early", "rooms": ["r18", "r19", "r20", "r21", "r22"]}]}, {"id": "n034", "assignments": [{"day": 0, "shift": "early", "rooms": ["r23", "r24", "r25", "r26", "r27", "r28"]}, {"day": 4, "shift": "early", "rooms": ["r27"]}]}], "room_allocation": {"(0, 'r00')": [["a34", "A", "elderly"]], "(0, 'r01')": [["a04", "A", "elderly"], ["p222", "A", "adult"]], "(0, 'r02')": [["a03", "B", "elderly"], ["p142", "B", "elderly"], ["p168", "B", "elderly"]], "(0, 'r03')": [["a10", "A", "adult"], ["a31", "A", "elderly"]], "(0, 'r04')": [["a14", "A", "elderly"]], "(0, 'r05')": [], "(0, 'r06')": [["a02", "B", "elderly"], ["a13", "B", "adult"]], "(0, 'r07')": [["a20", "B", "adult"], ["a29", "B", "elderly"], ["a33", "B", "elderly"]], "(0, 'r08')": [["a17", "B", "elderly"]], "(0, 'r09')": [["a05", "A", "elderly"], ["a24", "A", "elderly"]], "(0, 'r10')": [["a25", "B", "elderly"], ["a35", "B", "adult"]], "(0, 'r11')": [["a27", "A", "elderly"]], "(0, 'r12')": [["a21", "B", "elderly"]], "(0, 'r13')": [["a08", "A", "elderly"]], "(0, 'r14')": [["a15", "B", "elderly"]], "(0, 'r15')": [["p144", "B", "elderly"]], "(0, 'r16')": [["a28", "B", "adult"]], "(0, 'r17')": [["a06", "A", "adult"], ["a30", "A", "elderly"]], "(0, 'r18')": [["a00", "B", "adult"]], "(0, 'r19')": [["a22", "B", "elderly"]], "(0, 'r20')": [["a12", "B", "elderly"], ["a19", "B", "elderly"]], "(0, 'r21')": [["a26", "A", "elderly"]], "(0, 'r22')": [["a11", "A", "adult"], ["a16", "A", "adult"]], "(0, 'r23')": [["a01", "B", "elderly"]], "(0, 'r24')": [["a07", "A", "elderly"], ["a23", "A", "elderly"]], "(0, 'r25')": [], "(0, 'r26')": [["p035", "B", "elderly"]], "(0, 'r27')": [["a18", "A", "elderly"]], "(0, 'r28')": [["a09", "B", "elderly"], ["a32", "B", "adult"]], "(1, 'r00')": [["p125", "B", "elderly"], ["p042", "B", "elderly"]], "(1, 'r01')": [["a04", "A", "elderly"], ["p222", "A", "adult"]], "(1, 'r02')": [["p142", "B", "elderly"], ["p168", "B", "elderly"], ["p114", "B", "elderly"]], "(1, 'r03')": [], "(1, 'r04')": [["p052", "A", "elderly"]], "(1, 'r05')": [], "(1, 'r06')": [["a02", "B", "elderly"], ["a13", "B", "adult"]], "(1, 'r07')": [], "(1, 'r08')": [["a17", "B", "elderly"], ["p100", "B", "elderly"]], "(1, 'r09')": [], "(1, 'r10')": [["a25", "B", "elderly"], ["a35", "B", "adult"]], "(1, 'r11')": [["p209", "B", "adult"]], "(1, 'r12')": [["a21", "B", "elderly"], ["p074", "B", "elderly"]], "(1, 'r13')": [["a08", "A", "elderly"]], "(1, 'r14')": [["p083", "A", "adult"]], "(1, 'r15')": [["p019", "B", "elderly"], ["p144", "B", "elderly"]], "(1, 'r16')": [["a28", "B", "adult"]], "(1, 'r17')": [["a06", "A", "adult"], ["a30", "A", "elderly"], ["p215", "A", "adult"]], "(1, 'r18')": [["a00", "B", "adult"], ["p079", "B", "elderly"], ["p139", "B", "elderly"]], "(1, 'r19')": [], "(1, 'r20')": [["a12", "B", "elderly"], ["a19", "B", "elderly"]], "(1, 'r21')": [["p193", "A", "adult"]], "(1, 'r22')": [["p216", "A", "elderly"]], "(1, 'r23')": [["a01", "B", "elderly"], ["p037", "B", "adult"]], "(1, 'r24')": [], "(1, 'r25')": [["p011", "A", "elderly"], ["p062", "A", "adult"], ["p086", "A", "adult"]], "(1, 'r26')": [["p035", "B", "elderly"]], "(1, 'r27')": [["a18", "A", "elderly"]], "(1, 'r28')": [["a09", "B", "elderly"], ["a32", "B", "adult"]], "(2, 'r00')": [["p125", "B", "elderly"], ["p042", "B", "elderly"]], "(2, 'r01')": [["p105", "A", "elderly"]], "(2, 'r02')": [["p142", "B", "elderly"], ["p168", "B", "elderly"], ["p114", "B", "elderly"]], "(2, 'r03')": [["p135", "B", "elderly"], ["p024", "B", "elderly"]], "(2, 'r04')": [["p224", "A", "elderly"], ["p052", "A", "elderly"], ["p081", "A", "elderly"]], "(2, 'r05')": [["p126", "B", "elderly"]], "(2, 'r06')": [["a13", "B", "adult"], ["p051", "B", "adult"]], "(2, 'r07')": [], "(2, 'r08')": [["a17", "B", "elderly"], ["p091", "B", "elderly"], ["p100", "B", "elderly"], ["p191", "B", "elderly"]], "(2, 'r09')": [], "(2, 'r10')": [], "(2, 'r11')": [["p209", "B", "adult"]], "(2, 'r12')": [["a21", "B", "elderly"], ["p074", "B", "elderly"]], "(2, 'r13')": [["a08", "A", "elderly"]], "(2, 'r14')": [["p083", "A", "adult"], ["p183", "A", "elderly"]], "(2, 'r15')": [["p019", "B", "elderly"], ["p144", "B", "elderly"]], "(2, 'r16')": [["a28", "B", "adult"]], "(2, 'r17')": [["a30", "A", "elderly"], ["p215", "A", "adult"]], "(2, 'r18')": [["p071", "B", "elderly"], ["p079", "B", "elderly"], ["p139", "B", "elderly"]], "(2, 'r19')": [], "(2, 'r20')": [["a12", "B", "elderly"]], "(2, 'r21')": [["p193", "A", "adult"]], "(2, 'r22')": [["p093", "A", "elderly"], ["p216", "A", "elderly"]], "(2, 'r23')": [["a01", "B", "elderly"], ["p037", "B", "adult"], ["p221", "B", "elderly"]], "(2, 'r24')": [], "(2, 'r25')": [["p011", "A", "elderly"], ["p062", "A", "adult"], ["p086", "A", "adult"], ["p174", "A", "elderly"]], "(2, 'r26')": [["p035", "B", "elderly"]], "(2, 'r27')": [["a18", "A", "elderly"], ["p137", "A", "elderly"], ["p162", "A", "elderly"]], "(2, 'r28')": [["a09", "B", "elderly"], ["a32", "B", "adult"]], "(3, 'r00')": [["p125", "B", "elderly"], ["p042", "B", "elderly"]], "(3, 'r01')": [["p105", "A", "elderly"], ["p187", "A", "elderly"]], "(3, 'r02')": [["p142", "B", "elderly"], ["p168", "B", "elderly"], ["p114", "B", "elderly"]], "(3, 'r03')": [["p135", "B", "elderly"], ["p024", "B", "elderly"]], "(3, 'r04')": [["p224", "A", "elderly"], ["p052", "A", "elderly"], ["p081", "A", "elderly"]], "(3, 'r05')": [["p069", "B", "elderly"], ["p126", "B", "elderly"], ["p173", "B", "elderly"]], "(3, 'r06')": [["a13", "B", "adult"], ["p051", "B", "adult"]], "(3, 'r07')": [["p212", "B", "elderly"]], "(3, 'r08')": [["a17", "B", "elderly"], ["p091", "B", "elderly"], ["p100", "B", "elderly"], ["p191", "B", "elderly"]], "(3, 'r09')": [], "(3, 'r10')": [["p000", "B", "elderly"], ["p170", "B", "elderly"]], "(3, 'r11')": [], "(3, 'r12')": [["a21", "B", "elderly"], ["p074", "B", "elderly"]], "(3, 'r13')": [["a08", "A", "elderly"]], "(3, 'r14')": [["p083", "A", "adult"], ["p156", "A", "elderly"], ["p183", "A", "elderly"]], "(3, 'r15')": [["p031", "B", "elderly"], ["p144", "B", "elderly"], ["p214", "B", "infant"]], "(3, 'r16')": [["p021", "A", "elderly"], ["p161", "A", "adult"]], "(3, 'r17')": [["a30", "A", "elderly"], ["p010", "A", "elderly"], ["p215", "A", "adult"]], "(3, 'r18')": [["p030", "B", "adult"], ["p071", "B", "elderly"], ["p079", "B", "elderly"], ["p139", "B", "elderly"]], "(3, 'r19')": [["p195", "A", "elderly"]], "(3, 'r20')": [], "(3, 'r21')": [["p118", "A", "adult"], ["p193", "A", "adult"]], "(3, 'r22')": [["p093", "A", "elderly"], ["p216", "A", "elderly"]], "(3, 'r23')": [["p037", "B", "adult"], ["p221", "B", "elderly"]], "(3, 'r24')": [["p084", "B", "elderly"], ["p188", "B", "elderly"]], "(3, 'r25')": [["p011", "A", "elderly"], ["p062", "A", "adult"], ["p086", "A", "adult"], ["p174", "A", "elderly"]], "(3, 'r26')": [["p035", "B", "elderly"]], "(3, 'r27')": [["a18", "A", "elderly"], ["p137", "A", "elderly"], ["p162", "A", "elderly"]], "(3, 'r28')": [["a09", "B", "elderly"], ["p107", "B", "elderly"]], "(4, 'r00')": [["p125", "B", "elderly"], ["p042", "B", "elderly"]], "(4, 'r01')": [["p105", "A", "elderly"], ["p187", "A", "elderly"]], "(4, 'r02')": [["p142", "B", "elderly"], ["p114", "B", "elderly"], ["p185", "B", "elderly"]], "(4, 'r03')": [["p135", "B", "elderly"], ["p024", "B", "elderly"], ["p152", "B", "elderly"]], "(4, 'r04')": [["p224", "A", "elderly"], ["p081", "A", "elderly"]], "(4, 'r05')": [["p069", "B", "elderly"], ["p173", "B", "elderly"]], "(4, 'r06')": [["p015", "B", "elderly"], ["p051", "B", "adult"], ["p205", "B", "adult"]], "(4, 'r07')": [["p133", "B", "adult"], ["p154", "B", "elderly"], ["p212", "B", "elderly"], ["p229", "B", "elderly"]], "(4, 'r08')": [["p068", "B", "elderly"], ["p091", "B", "elderly"], ["p184", "B", "elderly"], ["p191", "B", "elderly"]], "(4, 'r09')": [["p199", "B", "adult"]], "(4, 'r10')": [["p000", "B", "elderly"], ["p170", "B", "elderly"]], "(4, 'r11')": [], "(4, 'r12')": [["a21", "B", "elderly"], ["p048", "B", "elderly"], ["p074", "B", "elderly"]], "(4, 'r13')": [["a08", "A", "elderly"]], "(4, 'r14')": [["p083", "A", "adult"], ["p156", "A", "elderly"], ["p183", "A", "elderly"]], "(4, 'r15')": [["p031", "B", "elderly"], ["p144", "B", "elderly"], ["p214", "B", "infant"]], "(4, 'r16')": [["p021", "A", "elderly"], ["p116", "A", "adult"], ["p161", "A", "adult"]], "(4, 'r17')": [["a30", "A", "elderly"], ["p010", "A", "elderly"], ["p215", "A", "adult"]], "(4, 'r18')": [["p030", "B", "adult"], ["p071", "B", "elderly"], ["p079", "B", "elderly"], ["p139", "B", "elderly"]], "(4, 'r19')": [["p159", "A", "elderly"], ["p195", "A", "elderly"]], "(4, 'r20')": [["p203", "B", "elderly"], ["p220", "B", "elderly"]], "(4, 'r21')": [["p118", "A", "adult"], ["p122", "A", "elderly"], ["p193", "A", "adult"]], "(4, 'r22')": [["p093", "A", "elderly"], ["p063", "A", "elderly"], ["p216", "A", "elderly"]], "(4, 'r23')": [["p033", "A", "elderly"], ["p213", "A", "elderly"]], "(4, 'r24')": [["p084", "B", "elderly"], ["p188", "B", "elderly"]], "(4, 'r25')": [["p062", "A", "adult"], ["p086", "A", "adult"], ["p174", "A", "elderly"]], "(4, 'r26')": [["p054", "A", "elderly"], ["p088", "A", "elderly"]], "(4, 'r27')": [["a18", "A", "elderly"], ["p137", "A", "elderly"], ["p162", "A", "elderly"]], "(4, 'r28')": [["a09", "B", "elderly"], ["p107", "B", "elderly"]], "(5, 'r00')": [["p125", "B", "elderly"], ["p042", "B", "elderly"]], "(5, 'r01')": [["p105", "A", "elderly"], ["p187", "A", "elderly"]], "(5, 'r02')": [["p142", "B", "elderly"], ["p185", "B", "elderly"]], "(5, 'r03')": [["p135", "B", "elderly"], ["p024", "B", "elderly"], ["p152", "B", "elderly"]], "(5, 'r04')": [], "(5, 'r05')": [["p069", "B", "elderly"], ["p173", "B", "elderly"]], "(5, 'r06')": [["p015", "B", "elderly"], ["p051", "B", "adult"], ["p205", "B", "adult"]], "(5, 'r07')": [["p133", "B", "adult"], ["p154", "B", "elderly"], ["p212", "B", "elderly"], ["p229", "B", "elderly"]], "(5, 'r08')": [["p068", "B", "elderly"], ["p184", "B", "elderly"], ["p191", "B", "elderly"]], "(5, 'r09')": [["p199", "B", "adult"]], "(5, 'r10')": [["p000", "B", "elderly"], ["p170", "B", "elderly"]], "(5, 'r11')": [["p102", "A", "elderly"]], "(5, 'r12')": [["a21", "B", "elderly"], ["p048", "B", "elderly"]], "(5, 'r13')": [["p150", "B", "adult"]], "(5, 'r14')": [["p183", "A", "elderly"]], "(5, 'r15')": [["p031", "B", "elderly"], ["p144", "B", "elderly"], ["p214", "B", "infant"]], "(5, 'r16')": [["p021", "A", "elderly"], ["p116", "A", "adult"], ["p161", "A", "adult"]], "(5, 'r17')": [["a30", "A", "elderly"], ["p010", "A", "elderly"]], "(5, 'r18')": [["p030", "B", "adult"], ["p071", "B", "elderly"], ["p072", "B", "adult"]], "(5, 'r19')": [["p159", "A", "elderly"], ["p195", "A", "elderly"]], "(5, 'r20')": [["p203", "B", "elderly"], ["p220", "B", "elderly"]], "(5, 'r21')": [["p118", "A", "adult"], ["p122", "A", "elderly"], ["p193", "A", "adult"]], "(5, 'r22')": [["p063", "A", "elderly"], ["p094", "A", "elderly"]], "(5, 'r23')": [["p033", "A", "elderly"], ["p213", "A", "elderly"]], "(5, 'r24')": [["p084", "B", "elderly"], ["p188", "B", "elderly"]], "(5, 'r25')": [["p062", "A", "adult"], ["p174", "A", "elderly"]], "(5, 'r26')": [["p054", "A", "elderly"], ["p088", "A", "elderly"]], "(5, 'r27')": [["a18", "A", "elderly"], ["p162", "A", "elderly"]], "(5, 'r28')": [["p107", "B", "elderly"]], "(6, 'r00')": [["p125", "B", "elderly"]], "(6, 'r01')": [["p105", "A", "elderly"]], "(6, 'r02')": [["p185", "B", "elderly"]], "(6, 'r03')": [["p024", "B", "elderly"], ["p152", "B", "elderly"]], "(6, 'r04')": [["p016", "A", "elderly"], ["p067", "A", "adult"], ["p070", "A", "elderly"]], "(6, 'r05')": [["p069", "B", "elderly"]], "(6, 'r06')": [["p015", "B", "elderly"], ["p051", "B", "adult"], ["p205", "B", "adult"]], "(6, 'r07')": [["p133", "B", "adult"], ["p154", "B", "elderly"], ["p212", "B", "elderly"], ["p229", "B", "elderly"]], "(6, 'r08')": [["p068", "B", "elderly"], ["p184", "B", "elderly"], ["p191", "B", "elderly"]], "(6, 'r09')": [["p199", "B", "adult"]], "(6, 'r10')": [["p000", "B", "elderly"]], "(6, 'r11')": [["p102", "A", "elderly"], ["p225", "A", "elderly"]], "(6, 'r12')": [["a21", "B", "elderly"]], "(6, 'r13')": [["p150", "B", "adult"]], "(6, 'r14')": [], "(6, 'r15')": [["p214", "B", "infant"]], "(6, 'r16')": [["p021", "A", "elderly"], ["p116", "A", "adult"], ["p161", "A", "adult"]], "(6, 'r17')": [["p010", "A", "elderly"]], "(6, 'r18')": [["p030", "B", "adult"], ["p072", "B", "adult"]], "(6, 'r19')": [["p159", "A", "elderly"]], "(6, 'r20')": [["p203", "B", "elderly"], ["p220", "B", "elderly"]], "(6, 'r21')": [["p122", "A", "elderly"], ["p193", "A", "adult"], ["p219", "A", "elderly"]], "(6, 'r22')": [["p063", "A", "elderly"], ["p094", "A", "elderly"]], "(6, 'r23')": [["p033", "A", "elderly"]], "(6, 'r24')": [["p084", "B", "elderly"]], "(6, 'r25')": [["p062", "A", "adult"], ["p174", "A", "elderly"]], "(6, 'r26')": [["p054", "A", "elderly"], ["p088", "A", "elderly"], ["p130", "A", "elderly"]], "(6, 'r27')": [["p162", "A", "elderly"]], "(6, 'r28')": [], "(7, 'r00')": [["p125", "B", "elderly"], ["p210", "B", "elderly"]], "(7, 'r01')": [["p105", "A", "elderly"]], "(7, 'r02')": [["p034", "A", "elderly"], ["p104", "A", "elderly"], ["p023", "A", "adult"]], "(7, 'r03')": [["p012", "A", "elderly"], ["p058", "A", "adult"]], "(7, 'r04')": [["p016", "A", "elderly"], ["p067", "A", "adult"], ["p070", "A", "elderly"]], "(7, 'r05')": [["p069", "B", "elderly"], ["p146", "B", "elderly"]], "(7, 'r06')": [["p015", "B", "elderly"], ["p051", "B", "adult"]], "(7, 'r07')": [["p121", "B", "elderly"], ["p133", "B", "adult"], ["p212", "B", "elderly"]], "(7, 'r08')": [["p184", "B", "elderly"], ["p191", "B", "elderly"]], "(7, 'r09')": [["p199", "B", "adult"]], "(7, 'r10')": [["p000", "B", "elderly"]], "(7, 'r11')": [["p102", "A", "elderly"], ["p163", "A", "elderly"], ["p225", "A", "elderly"]], "(7, 'r12')": [["p198", "A", "elderly"]], "(7, 'r13')": [["p166", "B", "elderly"], ["p207", "B", "elderly"]], "(7, 'r14')": [], "(7, 'r15')": [["p214", "B", "infant"]], "(7, 'r16')": [["p116", "A", "adult"], ["p161", "A", "adult"]], "(7, 'r17')": [["p010", "A", "elderly"]], "(7, 'r18')": [["p030", "B", "adult"], ["p072", "B", "adult"]], "(7, 'r19')": [["p047", "B", "elderly"], ["p119", "B", "elderly"]], "(7, 'r20')": [["p220", "B", "elderly"]], "(7, 'r21')": [["p106", "A", "elderly"], ["p122", "A", "elderly"], ["p193", "A", "adult"], ["p219", "A", "elderly"]], "(7, 'r22')": [["p094", "A", "elderly"]], "(7, 'r23')": [["p033", "A", "elderly"], ["p189", "A", "elderly"]], "(7, 'r24')": [["p026", "B", "elderly"]], "(7, 'r25')": [], "(7, 'r26')": [["p054", "A", "elderly"], ["p088", "A", "elderly"], ["p130", "A", "elderly"]], "(7, 'r27')": [], "(7, 'r28')": [], "(8, 'r00')": [["p210", "B", "elderly"]], "(8, 'r01')": [["p109", "A", "elderly"]], "(8, 'r02')": [["p034", "A", "elderly"], ["p104", "A", "elderly"], ["p023", "A", "adult"]], "(8, 'r03')": [["p012", "A", "elderly"], ["p058", "A", "adult"]], "(8, 'r04')": [["p016", "A", "elderly"], ["p067", "A", "adult"]], "(8, 'r05')": [["p069", "B", "elderly"], ["p204", "B", "adult"], ["p146", "B", "elderly"]], "(8, 'r06')": [["p123", "A", "adult"]], "(8, 'r07')": [["p121", "B", "elderly"]], "(8, 'r08')": [["p066", "A", "elderly"]], "(8, 'r09')": [["p155", "A", "elderly"]], "(8, 'r10')": [["p041", "B", "elderly"]], "(8, 'r11')": [["p101", "A", "elderly"], ["p102", "A", "elderly"], ["p163", "A", "elderly"]], "(8, 'r12')": [["p198", "A", "elderly"]], "(8, 'r13')": [["p166", "B", "elderly"], ["p207", "B", "elderly"]], "(8, 'r14')": [], "(8, 'r15')": [], "(8, 'r16')": [["p029", "B", "elderly"]], "(8, 'r17')": [["p108", "B", "elderly"], ["p181", "B", "elderly"]], "(8, 'r18')": [["p030", "B", "adult"]], "(8, 'r19')": [["p047", "B", "elderly"], ["p119", "B", "elderly"]], "(8, 'r20')": [["p220", "B", "elderly"]], "(8, 'r21')": [["p106", "A", "elderly"], ["p219", "A", "elderly"]], "(8, 'r22')": [["p094", "A", "elderly"]], "(8, 'r23')": [["p033", "A", "elderly"], ["p189", "A", "elderly"]], "(8, 'r24')": [["p026", "B", "elderly"]], "(8, 'r25')": [["p055", "B", "adult"]], "(8, 'r26')": [["p054", "A", "elderly"], ["p088", "A", "elderly"], ["p089", "A", "elderly"], ["p130", "A", "elderly"]], "(8, 'r27')": [], "(8, 'r28')": [["p078", "B", "elderly"]], "(9, 'r00')": [], "(9, 'r01')": [["p109", "A", "elderly"]], "(9, 'r02')": [["p034", "A", "elderly"]], "(9, 'r03')": [["p058", "A", "adult"]], "(9, 'r04')": [["p067", "A", "adult"], ["p226", "A", "adult"]], "(9, 'r05')": [["p204", "B", "adult"], ["p146", "B", "elderly"]], "(9, 'r06')": [["p123", "A", "adult"], ["p151", "A", "infant"]], "(9, 'r07')": [["p121", "B", "elderly"]], "(9, 'r08')": [["p066", "A", "elderly"], ["p087", "A", "elderly"]], "(9, 'r09')": [["p129", "A", "elderly"], ["p155", "A", "elderly"]], "(9, 'r10')": [["p041", "B", "elderly"], ["p186", "B", "elderly"]], "(9, 'r11')": [["p101", "A", "elderly"], ["p102", "A", "elderly"], ["p163", "A", "elderly"]], "(9, 'r12')": [], "(9, 'r13')": [["p008", "B", "elderly"], ["p166", "B", "elderly"]], "(9, 'r14')": [["p141", "A", "adult"], ["p158", "A", "elderly"]], "(9, 'r15')": [], "(9, 'r16')": [["p029", "B", "elderly"], ["p075", "B", "elderly"], ["p131", "B", "elderly"]], "(9, 'r17')": [["p108", "B", "elderly"], ["p181", "B", "elderly"]], "(9, 'r18')": [["p005", "B", "elderly"]], "(9, 'r19')": [["p047", "B", "elderly"], ["p119", "B", "elderly"]], "(9, 'r20')": [["p220", "B", "elderly"]], "(9, 'r21')": [["p106", "A", "elderly"], ["p180", "A", "adult"], ["p182", "A", "adult"], ["p219", "A", "elderly"]], "(9, 'r22')": [["p094", "A", "elderly"]], "(9, 'r23')": [["p017", "A", "elderly"], ["p033", "A", "elderly"], ["p189", "A", "elderly"]], "(9, 'r24')": [["p026", "B", "elderly"], ["p060", "B", "elderly"]], "(9, 'r25')": [["p050", "B", "adult"], ["p055", "B", "adult"]], "(9, 'r26')": [["p088", "A", "elderly"], ["p089", "A", "elderly"]], "(9, 'r27')": [["p006", "B", "elderly"], ["p223", "B", "elderly"]], "(9, 'r28')": [["p073", "B", "elderly"], ["p078", "B", "elderly"]], "(10, 'r00')": [["p096", "B", "elderly"]], "(10, 'r01')": [["p109", "A", "elderly"]], "(10, 'r02')": [], "(10, 'r03')": [["p058", "A", "adult"]], "(10, 'r04')": [["p067", "A", "adult"], ["p085", "A", "adult"], ["p226", "A", "adult"]], "(10, 'r05')": [["p204", "B", "adult"]], "(10, 'r06')": [["p123", "A", "adult"], ["p151", "A", "infant"]], "(10, 'r07')": [["p121", "B", "elderly"]], "(10, 'r08')": [["p066", "A", "elderly"], ["p087", "A", "elderly"]], "(10, 'r09')": [["p129", "A", "elderly"], ["p155", "A", "elderly"]], "(10, 'r10')": [["p041", "B", "elderly"], ["p186", "B", "elderly"]], "(10, 'r11')": [["p101", "A", "elderly"], ["p102", "A", "elderly"], ["p163", "A", "elderly"]], "(10, 'r12')": [["p018", "A", "elderly"], ["p128", "A", "elderly"]], "(10, 'r13')": [["p008", "B", "elderly"]], "(10, 'r14')": [["p141", "A", "adult"], ["p158", "A", "elderly"], ["p165", "A", "elderly"]], "(10, 'r15')": [], "(10, 'r16')": [["p075", "B", "elderly"], ["p131", "B", "elderly"]], "(10, 'r17')": [["p108", "B", "elderly"], ["p181", "B", "elderly"]], "(10, 'r18')": [["p005", "B", "elderly"]], "(10, 'r19')": [["p047", "B", "elderly"]], "(10, 'r20')": [], "(10, 'r21')": [["p106", "A", "elderly"], ["p180", "A", "adult"], ["p182", "A", "adult"]], "(10, 'r22')": [], "(10, 'r23')": [["p017", "A", "elderly"], ["p033", "A", "elderly"], ["p189", "A", "elderly"]], "(10, 'r24')": [["p026", "B", "elderly"], ["p032", "B", "elderly"], ["p060", "B", "elderly"]], "(10, 'r25')": [["p050", "B", "adult"], ["p055", "B", "adult"]], "(10, 'r26')": [["p088", "A", "elderly"], ["p089", "A", "elderly"]], "(10, 'r27')": [["p006", "B", "elderly"], ["p223", "B", "elderly"]], "(10, 'r28')": [["p073", "B", "elderly"], ["p078", "B", "elderly"]], "(11, 'r00')": [["p096", "B", "elderly"]], "(11, 'r01')": [["p109", "A", "elderly"]], "(11, 'r02')": [["p080", "A", "elderly"]], "(11, 'r03')": [["p036", "B", "elderly"], ["p147", "B", "elderly"]], "(11, 'r04')": [["p085", "A", "adult"]], "(11, 'r05')": [["p204", "B", "adult"]], "(11, 'r06')": [["p123", "A", "adult"], ["p151", "A", "infant"]], "(11, 'r07')": [["p160", "B", "adult"]], "(11, 'r08')": [["p014", "A", "elderly"], ["p111", "A", "elderly"]], "(11, 'r09')": [["p129", "A", "elderly"]], "(11, 'r10')": [["p186", "B", "elderly"]], "(11, 'r11')": [["p101", "A", "elderly"], ["p163", "A", "elderly"]], "(11, 'r12')": [["p018", "A", "elderly"], ["p128", "A", "elderly"]], "(11, 'r13')": [["p008", "B", "elderly"]], "(11, 'r14')": [["p141", "A", "adult"], ["p158", "A", "elderly"], ["p165", "A", "elderly"], ["p175", "A", "adult"]], "(11, 'r15')": [["p013", "A", "elderly"], ["p097", "A", "elderly"]], "(11, 'r16')": [["p075", "B", "elderly"], ["p131", "B", "elderly"]], "(11, 'r17')": [["p132", "B", "elderly"], ["p181", "B", "elderly"]], "(11, 'r18')": [["p005", "B", "elderly"]], "(11, 'r19')": [], "(11, 'r20')": [], "(11, 'r21')": [["p053", "A", "elderly"], ["p148", "A", "elderly"], ["p180", "A", "adult"], ["p182", "A", "adult"]], "(11, 'r22')": [["p099", "A", "elderly"]], "(11, 'r23')": [["p017", "A", "elderly"]], "(11, 'r24')": [["p032", "B", "elderly"], ["p060", "B", "elderly"], ["p164", "B", "elderly"]], "(11, 'r25')": [["p050", "B", "adult"], ["p055", "B", "adult"], ["p115", "B", "elderly"], ["p143", "B", "elderly"]], "(11, 'r26')": [["p088", "A", "elderly"], ["p089", "A", "elderly"], ["p092", "A", "adult"]], "(11, 'r27')": [["p006", "B", "elderly"], ["p179", "B", "infant"], ["p223", "B", "elderly"]], "(11, 'r28')": [["p073", "B", "elderly"], ["p078", "B", "elderly"]], "(12, 'r00')": [["p096", "B", "elderly"]], "(12, 'r01')": [["p192", "A", "infant"]], "(12, 'r02')": [["p080", "A", "elderly"]], "(12, 'r03')": [["p036", "B", "elderly"], ["p147", "B", "elderly"]], "(12, 'r04')": [["p085", "A", "adult"]], "(12, 'r05')": [["p204", "B", "adult"]], "(12, 'r06')": [["p123", "A", "adult"]], "(12, 'r07')": [["p160", "B", "adult"]], "(12, 'r08')": [["p014", "A", "elderly"], ["p025", "A", "elderly"], ["p111", "A", "elderly"]], "(12, 'r09')": [["p129", "A", "elderly"], ["p200", "A", "elderly"]], "(12, 'r10')": [], "(12, 'r11')": [["p101", "A", "elderly"]], "(12, 'r12')": [["p018", "A", "elderly"], ["p128", "A", "elderly"]], "(12, 'r13')": [["p008", "B", "elderly"]], "(12, 'r14')": [["p141", "A", "adult"], ["p165", "A", "elderly"], ["p175", "A", "adult"]], "(12, 'r15')": [["p013", "A", "elderly"], ["p097", "A", "elderly"]], "(12, 'r16')": [["p039", "B", "elderly"], ["p075", "B", "elderly"], ["p131", "B", "elderly"]], "(12, 'r17')": [["p002", "B", "elderly"], ["p132", "B", "elderly"], ["p181", "B", "elderly"]], "(12, 'r18')": [], "(12, 'r19')": [], "(12, 'r20')": [["p127", "A", "elderly"]], "(12, 'r21')": [["p053", "A", "elderly"], ["p148", "A", "elderly"], ["p180", "A", "adult"]], "(12, 'r22')": [["p099", "A", "elderly"], ["p201", "A", "elderly"]], "(12, 'r23')": [["p017", "A", "elderly"]], "(12, 'r24')": [["p004", "B", "elderly"], ["p032", "B", "elderly"], ["p060", "B", "elderly"], ["p164", "B", "elderly"]], "(12, 'r25')": [["p050", "B", "adult"], ["p115", "B", "elderly"], ["p143", "B", "elderly"], ["p178", "B", "adult"]], "(12, 'r26')": [["p089", "A", "elderly"], ["p092", "A", "adult"]], "(12, 'r27')": [["p006", "B", "elderly"], ["p179", "B", "infant"]], "(12, 'r28')": [["p073", "B", "elderly"], ["p078", "B", "elderly"]], "(13, 'r00')": [["p096", "B", "elderly"], ["p134", "B", "elderly"]], "(13, 'r01')": [["p192", "A", "infant"]], "(13, 'r02')": [], "(13, 'r03')": [["p036", "B", "elderly"], ["p112", "B", "elderly"], ["p147", "B", "elderly"]], "(13, 'r04')": [["p085", "A", "adult"]], "(13, 'r05')": [["p204", "B", "adult"]], "(13, 'r06')": [["p228", "A", "elderly"], ["p027", "A", "elderly"]], "(13, 'r07')": [["p061", "B", "adult"], ["p160", "B", "adult"]], "(13, 'r08')": [["p014", "A", "elderly"], ["p025", "A", "elderly"], ["p111", "A", "elderly"]], "(13, 'r09')": [["p129", "A", "elderly"], ["p200", "A", "elderly"]], "(13, 'r10')": [["p194", "A", "elderly"]], "(13, 'r11')": [["p059", "B", "elderly"], ["p211", "B", "elderly"]], "(13, 'r12')": [["p128", "A", "elderly"]], "(13, 'r13')": [["p008", "B", "elderly"]], "(13, 'r14')": [["p141", "A", "adult"], ["p165", "A", "elderly"], ["p175", "A", "adult"], ["p208", "A", "adult"]], "(13, 'r15')": [["p013", "A", "elderly"], ["p097", "A", "elderly"]], "(13, 'r16')": [["p039", "B", "elderly"], ["p075", "B", "elderly"]], "(13, 'r17')": [["p002", "B", "elderly"], ["p132", "B", "elderly"], ["p181", "B", "elderly"]], "(13, 'r18')": [["p140", "A", "elderly"]], "(13, 'r19')": [["p153", "A", "adult"]], "(13, 'r20')": [["p120", "A", "elderly"], ["p127", "A", "elderly"]], "(13, 'r21')": [["p053", "A", "elderly"], ["p148", "A", "elderly"], ["p180", "A", "adult"]], "(13, 'r22')": [["p099", "A", "elderly"], ["p149", "A", "elderly"], ["p201", "A", "elderly"]], "(13, 'r23')": [["p169", "B", "elderly"]], "(13, 'r24')": [["p004", "B", "elderly"], ["p032", "B", "elderly"], ["p060", "B", "elderly"], ["p164", "B", "elderly"]], "(13, 'r25')": [["p050", "B", "adult"], ["p115", "B", "elderly"], ["p143", "B", "elderly"], ["p178", "B", "adult"]], "(13, 'r26')": [["p089", "A", "elderly"], ["p092", "A", "adult"]], "(13, 'r27')": [["p056", "B", "infant"], ["p179", "B", "infant"]], "(13, 'r28')": [["p073", "B", "elderly"]]}, "theater_allocation": {"(0, 't0')": 480, "(0, 't1')": 480, "(0, 't2')": 480, "(0, 't3')": 600, "(0, 't4')": 480, "(0, 't5')": 0, "(0, 't6')": -300, "(1, 't0')": 480, "(1, 't1')": 600, "(1, 't2')": 720, "(1, 't3')": 480, "(1, 't4')": 600, "(1, 't5')": 600, "(1, 't6')": -1920, "(2, 't0')": 720, "(2, 't1')": 720, "(2, 't2')": 720, "(2, 't3')": 600, "(2, 't4')": 600, "(2, 't5')": 720, "(2, 't6')": -1740, "(3, 't0')": 600, "(3, 't1')": 600, "(3, 't2')": 720, "(3, 't3')": 600, "(3, 't4')": 600, "(3, 't5')": 720, "(3, 't6')": -2220, "(4, 't0')": 600, "(4, 't1')": 720, "(4, 't2')": 720, "(4, 't3')": 480, "(4, 't4')": 600, "(4, 't5')": 720, "(4, 't6')": -2100, "(5, 't0')": 480, "(5, 't1')": 720, "(5, 't2')": 600, "(5, 't3')": 0, "(5, 't4')": 720, "(5, 't5')": 480, "(5, 't6')": 0, "(6, 't0')": 600, "(6, 't1')": 0, "(6, 't2')": 0, "(6, 't3')": 600, "(6, 't4')": 480, "(6, 't5')": 480, "(6, 't6')": 60, "(7, 't0')": 600, "(7, 't1')": 600, "(7, 't2')": 0, "(7, 't3')": 600, "(7, 't4')": 720, "(7, 't5')": 600, "(7, 't6')": -2130, "(8, 't0')": 600, "(8, 't1')": 600, "(8, 't2')": 720, "(8, 't3')": 720, "(8, 't4')": 600, "(8, 't5')": 480, "(8, 't6')": -1590, "(9, 't0')": 600, "(9, 't1')": 720, "(9, 't2')": 480, "(9, 't3')": 600, "(9, 't4')": 480, "(9, 't5')": 600, "(9, 't6')": -2010, "(10, 't0')": 720, "(10, 't1')": 480, "(10, 't2')": 600, "(10, 't3')": 720, "(10, 't4')": 0, "(10, 't5')": 0, "(10, 't6')": -930, "(11, 't0')": 720, "(11, 't1')": 600, "(11, 't2')": 720, "(11, 't3')": 600, "(11, 't4')": 600, "(11, 't5')": 720, "(11, 't6')": -2250, "(12, 't0')": 480, "(12, 't1')": 480, "(12, 't2')": 600, "(12, 't3')": 0, "(12, 't4')": 720, "(12, 't5')": 480, "(12, 't6')": -780, "(13, 't0')": 600, "(13, 't1')": 600, "(13, 't2')": 600, "(13, 't3')": 600, "(13, 't4')": 720, "(13, 't5')": 720, "(13, 't6')": -1470}, "surgeon_allocation": {"(0, 's0')": 60, "(0, 's1')": 120, "(0, 's2')": 0, "(0, 's3')": 0, "(0, 's4')": 0, "(0, 's5')": 0, "(0, 's6')": 480, "(0, 's7')": 0, "(0, 's8')": 0, "(1, 's0')": 60, "(1, 's1')": 180, "(1, 's2')": 120, "(1, 's3')": 60, "(1, 's4')": 600, "(1, 's5')": 60, "(1, 's6')": 60, "(1, 's7')": 60, "(1, 's8')": 360, "(2, 's0')": 0, "(2, 's1')": 0, "(2, 's2')": 180, "(2, 's3')": 210, "(2, 's4')": 270, "(2, 's5')": 120, "(2, 's6')": 60, "(2, 's7')": 300, "(2, 's8')": 360, "(3, 's0')": 0, "(3, 's1')": 0, "(3, 's2')": 0, "(3, 's3')": 0, "(3, 's4')": 210, "(3, 's5')": 360, "(3, 's6')": 270, "(3, 's7')": 90, "(3, 's8')": 210, "(4, 's0')": 480, "(4, 's1')": 120, "(4, 's2')": 0, "(4, 's3')": 90, "(4, 's4')": 180, "(4, 's5')": 390, "(4, 's6')": 90, "(4, 's7')": 180, "(4, 's8')": 90, "(5, 's0')": 0, "(5, 's1')": 0, "(5, 's2')": 0, "(5, 's3')": 240, "(5, 's4')": 0, "(5, 's5')": 0, "(5, 's6')": 0, "(5, 's7')": 0, "(5, 's8')": 0, "(6, 's0')": 120, "(6, 's1')": 0, "(6, 's2')": 0, "(6, 's3')": 0, "(6, 's4')": 0, "(6, 's5')": 0, "(6, 's6')": 180, "(6, 's7')": 0, "(6, 's8')": 240, "(7, 's0')": 360, "(7, 's1')": 60, "(7, 's2')": 480, "(7, 's3')": 120, "(7, 's4')": 0, "(7, 's5')": 60, "(7, 's6')": 180, "(7, 's7')": 360, "(7, 's8')": 210, "(8, 's0')": 0, "(8, 's1')": 0, "(8, 's2')": 180, "(8, 's3')": 0, "(8, 's4')": 90, "(8, 's5')": 150, "(8, 's6')": 150, "(8, 's7')": 240, "(8, 's8')": 0, "(9, 's0')": 90, "(9, 's1')": 0, "(9, 's2')": 120, "(9, 's3')": 0, "(9, 's4')": 180, "(9, 's5')": 150, "(9, 's6')": 270, "(9, 's7')": 390, "(9, 's8')": 390, "(10, 's0')": 150, "(10, 's1')": 0, "(10, 's2')": 0, "(10, 's3')": 0, "(10, 's4')": 0, "(10, 's5')": 0, "(10, 's6')": 360, "(10, 's7')": 0, "(10, 's8')": 0, "(11, 's0')": 120, "(11, 's1')": 0, "(11, 's2')": 0, "(11, 's3')": 30, "(11, 's4')": 60, "(11, 's5')": 0, "(11, 's6')": 90, "(11, 's7')": 30, "(11, 's8')": 60, "(12, 's0')": 120, "(12, 's1')": 0, "(12, 's2')": 0, "(12, 's3')": 0, "(12, 's4')": 0, "(12, 's5')": 0, "(12, 's6')": 0, "(12, 's7')": 0, "(12, 's8')": 180, "(13, 's0')": 30, "(13, 's1')": 0, "(13, 's2')": 0, "(13, 's3')": 0, "(13, 's4')": 0, "(13, 's5')": 180, "(13, 's6')": 30, "(13, 's7')": 0, "(13, 's8')": 330}, "operator": "['change_patient_room']"}