{"patients": [{"id": "p00", "admission_day": 1, "room": "r00", "operating_theater": "t0"}, {"id": "p24", "admission_day": 1, "room": "r00", "operating_theater": "t0"}, {"id": "p69", "admission_day": 1, "room": "r00", "operating_theater": "t0"}, {"id": "p56", "admission_day": 2, "room": "r04", "operating_theater": "t0"}, {"id": "p13", "admission_day": 2, "room": "r04", "operating_theater": "t0"}, {"id": "p14", "admission_day": 3, "room": "r01", "operating_theater": "t0"}, {"id": "p11", "admission_day": 3, "room": "r01", "operating_theater": "t0"}, {"id": "p75", "admission_day": 3, "room": "r12", "operating_theater": "t0"}, {"id": "p23", "admission_day": 3, "room": "r00", "operating_theater": "t0"}, {"id": "p44", "admission_day": 3, "room": "r02", "operating_theater": "t1"}, {"id": "p36", "admission_day": 3, "room": "r02", "operating_theater": "t0"}, {"id": "p08", "admission_day": 3, "room": "r01", "operating_theater": "t0"}, {"id": "p41", "admission_day": 11, "room": "r03", "operating_theater": "t1"}, {"id": "p05", "admission_day": 4, "room": "r11", "operating_theater": "t0"}, {"id": "p27", "admission_day": 4, "room": "r00", "operating_theater": "t0"}, {"id": "p71", "admission_day": 4, "room": "r00", "operating_theater": "t0"}, {"id": "p35", "admission_day": 4, "room": "r05", "operating_theater": "t0"}, {"id": "p06", "admission_day": 4, "room": "r05", "operating_theater": "t0"}, {"id": "p20", "admission_day": 4, "room": "r06", "operating_theater": "t0"}, {"id": "p73", "admission_day": 7, "room": "r00", "operating_theater": "t0"}, {"id": "p59", "admission_day": 7, "room": "r01", "operating_theater": "t0"}, {"id": "p74", "admission_day": 7, "room": "r03", "operating_theater": "t0"}, {"id": "p40", "admission_day": 12, "room": "r03", "operating_theater": "t2"}, {"id": "p16", "admission_day": 9, "room": "r00", "operating_theater": "t1"}, {"id": "p68", "admission_day": 13, "room": "r07", "operating_theater": "t2"}, {"id": "p01", "admission_day": 11, "room": "r07", "operating_theater": "t0"}, {"id": "p02", "admission_day": 12, "room": "r01", "operating_theater": "t2"}, {"id": "p03", "admission_day": 13, "room": "r11", "operating_theater": "t3"}, {"id": "p07", "admission_day": 7, "room": "r01", "operating_theater": "t0"}, {"id": "p09", "admission_day": 9, "room": "r12", "operating_theater": "t1"}, {"id": "p10", "admission_day": 4, "room": "r12", "operating_theater": "t0"}, {"id": "p12", "admission_day": 13, "room": "r09", "operating_theater": "t2"}, {"id": "p17", "admission_day": 11, "room": "r05", "operating_theater": "t1"}, {"id": "p18", "admission_day": 13, "room": "r05", "operating_theater": "t3"}, {"id": "p19", "admission_day": 3, "room": "r08", "operating_theater": "t3"}, {"id": "p21", "admission_day": 3, "room": "r08", "operating_theater": "t3"}, {"id": "p22", "admission_day": 4, "room": "r09", "operating_theater": "t2"}, {"id": "p25", "admission_day": 7, "room": "r12", "operating_theater": "t1"}, {"id": "p26", "admission_day": 3, "room": "r04", "operating_theater": "t1"}, {"id": "p28", "admission_day": 8, "room": "r10", "operating_theater": "t2"}, {"id": "p29", "admission_day": 13, "room": "r02", "operating_theater": "t3"}, {"id": "p30", "admission_day": 11, "room": "r09", "operating_theater": "t1"}, {"id": "p31", "admission_day": 3, "room": "r08", "operating_theater": "t1"}, {"id": "p32", "admission_day": 8, "room": "r00", "operating_theater": "t1"}, {"id": "p33", "admission_day": 9, "room": "r06", "operating_theater": "t3"}, {"id": "p34", "admission_day": 10, "room": "r12", "operating_theater": "t3"}, {"id": "p37", "admission_day": 1, "room": "r08", "operating_theater": "t0"}, {"id": "p38", "admission_day": 4, "room": "r12", "operating_theater": "t2"}, {"id": "p42", "admission_day": 8, "room": "r07", "operating_theater": "t2"}, {"id": "p43", "admission_day": 10, "room": "r10", "operating_theater": "t3"}, {"id": "p45", "admission_day": 6, "room": "r11", "operating_theater": "t0"}, {"id": "p46", "admission_day": 4, "room": "r03", "operating_theater": "t2"}, {"id": "p47", "admission_day": 8, "room": "r11", "operating_theater": "t1"}, {"id": "p48", "admission_day": 3, "room": "r12", "operating_theater": "t1"}, {"id": "p49", "admission_day": 8, "room": "r07", "operating_theater": "t2"}, {"id": "p50", "admission_day": 8, "room": "r02", "operating_theater": "t2"}, {"id": "p51", "admission_day": 13, "room": "r10", "operating_theater": "t3"}, {"id": "p52", "admission_day": 11, "room": "r05", "operating_theater": "t0"}, {"id": "p53", "admission_day": 3, "room": "r10", "operating_theater": "t1"}, {"id": "p54", "admission_day": 6, "room": "r12", "operating_theater": "t0"}, {"id": "p55", "admission_day": 9, "room": "r04", "operating_theater": "t0"}, {"id": "p57", "admission_day": 12, "room": "r07", "operating_theater": "t2"}, {"id": "p58", "admission_day": 6, "room": "r08", "operating_theater": "t0"}, {"id": "p60", "admission_day": 11, "room": "r12", "operating_theater": "t1"}, {"id": "p61", "admission_day": 9, "room": "r08", "operating_theater": "t3"}, {"id": "p62", "admission_day": 9, "room": "r11", "operating_theater": "t0"}, {"id": "p63", "admission_day": 6, "room": "r10", "operating_theater": "t0"}, {"id": "p64", "admission_day": 12, "room": "r08", "operating_theater": "t2"}, {"id": "p65", "admission_day": 9, "room": "r06", "operating_theater": "t3"}, {"id": "p66", "admission_day": 4, "room": "r11", "operating_theater": "t2"}, {"id": "p67", "admission_day": 11, "room": "r05", "operating_theater": "t1"}, {"id": "p70", "admission_day": 11, "room": "r02", "operating_theater": "t1"}, {"id": "p72", "admission_day": 10, "room": "r12", "operating_theater": "t3"}, {"id": "p77", "admission_day": 13, "room": "r06", "operating_theater": "t3"}, {"id": "p78", "admission_day": 13, "room": "r00", "operating_theater": "t3"}], "nurses": [{"id": "n00", "assignments": [{"day": 0, "shift": "late", "rooms": ["r00", "r01"]}, {"day": 1, "shift": "night", "rooms": ["r00", "r01", "r02", "r03", "r04", "r05", "r06", "r07", "r08", "r09"]}, {"day": 2, "shift": "night", "rooms": ["r00", "r01", "r02", "r03", "r04", "r05", "r06", "r07"]}, {"day": 4, "shift": "early", "rooms": ["r00", "r01", "r02"]}, {"day": 5, "shift": "early", "rooms": ["r00", "r01"]}, {"day": 6, "shift": "early", "rooms": ["r02", "r01", "r00"]}, {"day": 7, "shift": "early", "rooms": ["r00", "r01", "r02"]}, {"day": 8, "shift": "early", "rooms": ["r00", "r01", "r02"]}, {"day": 9, "shift": "night", "rooms": ["r00", "r01", "r02", "r03"]}, {"day": 11, "shift": "late", "rooms": ["r00", "r01", "r02", "r03", "r04", "r05", "r06", "r07", "r08", "r09", "r10", "r11", "r12"]}, {"day": 12, "shift": "night", "rooms": ["r00", "r01", "r02", "r03", "r04", "r05", "r06", "r07", "r08", "r09", "r10", "r11", "r12"]}, {"day": 13, "shift": "night", "rooms": ["r00", "r01", "r02", "r03", "r04", "r05", "r06", "r07", "r08", "r09", "r10", "r11", "r12"]}]}, {"id": "n01", "assignments": [{"day": 0, "shift": "late", "rooms": ["r03", "r02", "r05", "r04"]}, {"day": 1, "shift": "late", "rooms": ["r01"]}, {"day": 2, "shift": "late", "rooms": ["r00", "r01"]}, {"day": 4, "shift": "early", "rooms": ["r05", "r03"]}, {"day": 5, "shift": "early", "rooms": ["r02", "r03", "r04"]}, {"day": 6, "shift": "early", "rooms": ["r04", "r05", "r09", "r07", "r12", "r11", "r06", "r08"]}, {"day": 7, "shift": "early", "rooms": ["r04", "r09", "r03", "r05", "r10", "r06", "r08", "r07"]}, {"day": 8, "shift": "early", "rooms": ["r03", "r04", "r05", "r06", "r07", "r08", "r09", "r10", "r11", "r12"]}, {"day": 9, "shift": "late", "rooms": ["r00"]}, {"day": 10, "shift": "late", "rooms": ["r00", "r01", "r02", "r09", "r12", "r04", "r03", "r05", "r10", "r06", "r08", "r07"]}, {"day": 12, "shift": "late", "rooms": ["r00", "r01", "r02", "r11", "r04", "r09", "r12", "r03", "r05", "r10", "r06", "r08", "r07"]}, {"day": 13, "shift": "late", "rooms": ["r04", "r01", "r07", "r09", "r12", "r02", "r06", "r10", "r11", "r03", "r08", "r00"]}]}, {"id": "n02", "assignments": [{"day": 0, "shift": "late", "rooms": ["r06", "r07", "r08", "r09", "r10"]}, {"day": 1, "shift": "late", "rooms": ["r02", "r04", "r09", "r03", "r05", "r06", "r08", "r07"]}, {"day": 2, "shift": "late", "rooms": ["r02", "r03", "r04", "r05", "r06", "r07"]}, {"day": 3, "shift": "late", "rooms": ["r00", "r01"]}, {"day": 4, "shift": "late", "rooms": ["r08", "r00", "r01"]}, {"day": 5, "shift": "late", "rooms": ["r00", "r01"]}, {"day": 6, "shift": "late", "rooms": ["r00", "r01"]}, {"day": 9, "shift": "late", "rooms": ["r03", "r09", "r07", "r05", "r02", "r08", "r04", "r12", "r06", "r10"]}, {"day": 10, "shift": "night", "rooms": ["r00", "r01", "r02", "r03"]}, {"day": 8, "shift": "early", "rooms": ["r10"]}]}, {"id": "n03", "assignments": [{"day": 0, "shift": "late", "rooms": ["r11", "r12"]}, {"day": 1, "shift": "night", "rooms": ["r10", "r11", "r12"]}, {"day": 3, "shift": "early", "rooms": ["r00"]}, {"day": 4, "shift": "early", "rooms": ["r06", "r07", "r08", "r09", "r10", "r11", "r12"]}, {"day": 5, "shift": "early", "rooms": ["r05", "r06", "r07", "r08", "r09", "r10"]}, {"day": 7, "shift": "night", "rooms": ["r00", "r01", "r02", "r03"]}, {"day": 8, "shift": "night", "rooms": ["r00", "r01"]}, {"day": 9, "shift": "night", "rooms": ["r04", "r05", "r06", "r07", "r08", "r09", "r10", "r11", "r12"]}]}, {"id": "n04", "assignments": [{"day": 3, "shift": "early", "rooms": ["r01", "r02"]}, {"day": 5, "shift": "early", "rooms": ["r11", "r12"]}, {"day": 7, "shift": "late", "rooms": ["r00", "r01"]}, {"day": 8, "shift": "night", "rooms": ["r12", "r11", "r05", "r02", "r04", "r08", "r03", "r07", "r09", "r10"]}, {"day": 10, "shift": "early", "rooms": ["r00", "r01", "r02", "r03", "r04", "r05", "r06", "r07", "r08", "r09", "r10", "r11", "r12"]}, {"day": 11, "shift": "early", "rooms": ["r00", "r01", "r02", "r03", "r04", "r05", "r06", "r07", "r08", "r09", "r10", "r11", "r12"]}, {"day": 0, "shift": "late", "rooms": ["r10", "r07"]}, {"day": 6, "shift": "early", "rooms": ["r12"]}, {"day": 4, "shift": "early", "rooms": ["r04"]}]}, {"id": "n05", "assignments": [{"day": 1, "shift": "late", "rooms": ["r09", "r12", "r10", "r08", "r11"]}, {"day": 2, "shift": "late", "rooms": ["r12", "r00", "r10", "r09", "r08"]}, {"day": 3, "shift": "night", "rooms": ["r00", "r01"]}, {"day": 4, "shift": "night", "rooms": ["r00", "r01", "r02"]}, {"day": 5, "shift": "night", "rooms": ["r00", "r01"]}, {"day": 6, "shift": "night", "rooms": ["r00", "r01", "r02", "r03"]}, {"day": 7, "shift": "night", "rooms": ["r04", "r05", "r06", "r07", "r08", "r09", "r10", "r11", "r12"]}, {"day": 11, "shift": "night", "rooms": ["r00", "r01", "r02", "r03", "r04", "r05", "r06", "r07", "r08", "r09", "r10", "r11", "r12"]}, {"day": 10, "shift": "late", "rooms": ["r12", "r02", "r01"]}, {"day": 8, "shift": "night", "rooms": ["r08"]}, {"day": 13, "shift": "late", "rooms": ["r12", "r05"]}]}, {"id": "n06", "assignments": [{"day": 0, "shift": "night", "rooms": ["r00", "r01"]}, {"day": 2, "shift": "night", "rooms": ["r08", "r09", "r10", "r11", "r12"]}, {"day": 4, "shift": "night", "rooms": ["r03", "r04", "r05", "r06", "r07", "r08", "r09", "r10"]}, {"day": 7, "shift": "early", "rooms": ["r11", "r12"]}, {"day": 10, "shift": "night", "rooms": ["r04", "r05", "r06", "r07", "r08", "r09", "r10", "r11", "r12"]}, {"day": 12, "shift": "early", "rooms": ["r01", "r06", "r10", "r05", "r04", "r09", "r12", "r08", "r02", "r11", "r03", "r07"]}, {"day": 13, "shift": "late", "rooms": ["r03"]}, {"day": 6, "shift": "early", "rooms": ["r03"]}, {"day": 9, "shift": "night", "rooms": ["r07"]}, {"day": 1, "shift": "night", "rooms": ["r09"]}]}, {"id": "n07", "assignments": [{"day": 3, "shift": "night", "rooms": ["r02", "r03", "r04", "r05", "r06", "r07"]}, {"day": 4, "shift": "night", "rooms": ["r11", "r12"]}, {"day": 5, "shift": "night", "rooms": ["r02", "r03", "r04", "r05"]}, {"day": 7, "shift": "night", "rooms": ["r02"]}, {"day": 2, "shift": "late", "rooms": ["r11"]}]}, {"id": "n08", "assignments": [{"day": 3, "shift": "night", "rooms": ["r08", "r09", "r10", "r11", "r12"]}, {"day": 13, "shift": "early", "rooms": ["r00", "r01", "r02", "r03", "r04", "r05", "r06", "r07", "r08", "r09", "r10", "r11", "r12"]}, {"day": 9, "shift": "late", "rooms": ["r01", "r11"]}, {"day": 0, "shift": "late", "rooms": ["r08", "r02", "r03", "r09"]}, {"day": 6, "shift": "early", "rooms": ["r11"]}, {"day": 10, "shift": "late", "rooms": ["r06"]}, {"day": 2, "shift": "late", "rooms": ["r01", "r03"]}, {"day": 11, "shift": "night", "rooms": ["r05"]}, {"day": 1, "shift": "late", "rooms": ["r07", "r03"]}]}, {"id": "n09", "assignments": [{"day": 0, "shift": "night", "rooms": ["r02", "r03", "r04", "r05", "r06", "r07", "r08", "r09", "r10"]}, {"day": 2, "shift": "early", "rooms": ["r00", "r01"]}, {"day": 3, "shift": "early", "rooms": ["r04", "r06", "r03", "r07"]}, {"day": 4, "shift": "late", "rooms": ["r02", "r03", "r04", "r05"]}, {"day": 5, "shift": "night", "rooms": ["r06", "r07", "r08", "r09", "r10", "r11", "r12"]}, {"day": 8, "shift": "late", "rooms": ["r00", "r01", "r02"]}]}, {"id": "n10", "assignments": [{"day": 0, "shift": "night", "rooms": ["r11", "r12"]}, {"day": 6, "shift": "late", "rooms": ["r02", "r03", "r04", "r05"]}, {"day": 7, "shift": "late", "rooms": ["r02", "r03", "r04", "r05"]}, {"day": 4, "shift": "night", "rooms": ["r05"]}]}, {"id": "n11", "assignments": [{"day": 0, "shift": "early", "rooms": ["r00", "r01", "r02"]}, {"day": 1, "shift": "early", "rooms": ["r00", "r01"]}, {"day": 4, "shift": "late", "rooms": ["r06", "r07", "r08", "r09", "r10", "r11", "r12"]}, {"day": 5, "shift": "late", "rooms": ["r02", "r03", "r04", "r05"]}, {"day": 9, "shift": "early", "rooms": ["r00", "r01", "r02"]}, {"day": 13, "shift": "early", "rooms": ["r10"]}, {"day": 2, "shift": "late", "rooms": ["r00"]}]}, {"id": "n12", "assignments": [{"day": 2, "shift": "early", "rooms": ["r02", "r03", "r04", "r05", "r06", "r07"]}, {"day": 3, "shift": "early", "rooms": ["r08", "r09", "r10", "r11", "r12"]}, {"day": 9, "shift": "early", "rooms": ["r03", "r07", "r10", "r05", "r04", "r09", "r11", "r12", "r08"]}, {"day": 10, "shift": "late", "rooms": ["r03"]}, {"day": 4, "shift": "early", "rooms": ["r03"]}, {"day": 6, "shift": "early", "rooms": ["r05", "r10", "r06"]}, {"day": 0, "shift": "night", "rooms": ["r09"]}, {"day": 7, "shift": "night", "rooms": ["r05", "r10"]}]}, {"id": "n13", "assignments": [{"day": 2, "shift": "early", "rooms": ["r08", "r09", "r10"]}, {"day": 5, "shift": "late", "rooms": ["r06", "r07", "r08", "r09", "r10", "r11", "r12"]}, {"day": 6, "shift": "night", "rooms": ["r04", "r12", "r11", "r08", "r06", "r07", "r10", "r05"]}, {"day": 10, "shift": "early", "rooms": ["r09"]}, {"day": 3, "shift": "early", "rooms": ["r04"]}, {"day": 12, "shift": "late", "rooms": ["r10", "r06"]}, {"day": 4, "shift": "late", "rooms": ["r12"]}, {"day": 13, "shift": "late", "rooms": ["r11", "r07"]}, {"day": 8, "shift": "early", "rooms": ["r11"]}]}, {"id": "n14", "assignments": [{"day": 2, "shift": "early", "rooms": []}, {"day": 9, "shift": "early", "rooms": ["r06"]}, {"day": 3, "shift": "early", "rooms": ["r05"]}, {"day": 11, "shift": "early", "rooms": ["r06", "r07", "r09"]}]}, {"id": "n15", "assignments": [{"day": 0, "shift": "early", "rooms": ["r07", "r05", "r04", "r06"]}, {"day": 6, "shift": "late", "rooms": ["r06", "r07", "r08", "r09", "r10", "r11", "r12"]}]}, {"id": "n16", "assignments": [{"day": 1, "shift": "early", "rooms": ["r03", "r04", "r06", "r02", "r05"]}, {"day": 2, "shift": "early", "rooms": ["r03"]}]}, {"id": "n17", "assignments": [{"day": 0, "shift": "early", "rooms": ["r08", "r09", "r10", "r11"]}, {"day": 1, "shift": "early", "rooms": ["r08", "r09", "r10", "r11", "r12"]}, {"day": 3, "shift": "late", "rooms": ["r02", "r03", "r04"]}, {"day": 7, "shift": "late", "rooms": ["r06", "r07", "r08", "r09", "r10", "r11", "r12"]}, {"day": 4, "shift": "late", "rooms": ["r09"]}]}, {"id": "n18", "assignments": [{"day": 3, "shift": "late", "rooms": ["r05", "r06", "r07", "r08", "r09", "r10"]}, {"day": 8, "shift": "late", "rooms": ["r08", "r04", "r03", "r06", "r12", "r05", "r10", "r09"]}, {"day": 1, "shift": "early", "rooms": ["r07"]}]}, {"id": "n19", "assignments": [{"day": 0, "shift": "early", "rooms": ["r03"]}, {"day": 8, "shift": "late", "rooms": ["r11", "r07"]}, {"day": 1, "shift": "late", "rooms": ["r00"]}, {"day": 10, "shift": "late", "rooms": ["r10", "r11"]}, {"day": 12, "shift": "late", "rooms": ["r12", "r11"]}, {"day": 9, "shift": "late", "rooms": ["r08", "r04"]}]}, {"id": "n20", "assignments": [{"day": 3, "shift": "late", "rooms": ["r12", "r08"]}, {"day": 8, "shift": "late", "rooms": ["r08", "r10", "r03"]}, {"day": 1, "shift": "early", "rooms": ["r11"]}, {"day": 0, "shift": "early", "rooms": ["r08", "r11"]}]}], "room_allocation": {"(0, 'r00')": [["a09", "B", "adult"], ["a13", "B", "elderly"]], "(0, 'r01')": [["a06", "B", "adult"], ["a08", "B", "elderly"], ["a12", "B", "elderly"], ["a14", "B", "adult"]], "(0, 'r02')": [["a02", "B", "elderly"], ["a03", "B", "elderly"]], "(0, 'r03')": [["a18", "B", "elderly"]], "(0, 'r04')": [], "(0, 'r05')": [["a04", "B", "elderly"], ["a16", "B", "elderly"], ["a19", "B", "elderly"]], "(0, 'r06')": [], "(0, 'r07')": [["a01", "A", "adult"], ["a15", "A", "elderly"], ["a17", "A", "elderly"]], "(0, 'r08')": [["a00", "B", "adult"]], "(0, 'r09')": [["a11", "B", "elderly"]], "(0, 'r10')": [["a05", "B", "infant"], ["a07", "B", "elderly"]], "(0, 'r11')": [["a10", "B", "adult"]], "(0, 'r12')": [], "(1, 'r00')": [["a09", "B", "adult"], ["p00", "B", "elderly"], ["p24", "B", "adult"], ["p69", "B", "elderly"]], "(1, 'r01')": [["a08", "B", "elderly"], ["a12", "B", "elderly"], ["a14", "B", "adult"]], "(1, 'r02')": [["a03", "B", "elderly"]], "(1, 'r03')": [["a18", "B", "elderly"]], "(1, 'r04')": [], "(1, 'r05')": [["a04", "B", "elderly"]], "(1, 'r06')": [], "(1, 'r07')": [["a01", "A", "adult"], ["a15", "A", "elderly"], ["a17", "A", "elderly"]], "(1, 'r08')": [["p37", "A", "elderly"]], "(1, 'r09')": [["a11", "B", "elderly"]], "(1, 'r10')": [["a05", "B", "infant"], ["a07", "B", "elderly"]], "(1, 'r11')": [["a10", "B", "adult"]], "(1, 'r12')": [], "(2, 'r00')": [["p00", "B", "elderly"], ["p24", "B", "adult"], ["p69", "B", "elderly"]], "(2, 'r01')": [["a08", "B", "elderly"], ["a12", "B", "elderly"], ["a14", "B", "adult"]], "(2, 'r02')": [["a03", "B", "elderly"]], "(2, 'r03')": [["a18", "B", "elderly"]], "(2, 'r04')": [["p56", "A", "adult"], ["p13", "A", "elderly"]], "(2, 'r05')": [["a04", "B", "elderly"]], "(2, 'r06')": [], "(2, 'r07')": [["a01", "A", "adult"], ["a15", "A", "elderly"], ["a17", "A", "elderly"]], "(2, 'r08')": [["p37", "A", "elderly"]], "(2, 'r09')": [["a11", "B", "elderly"]], "(2, 'r10')": [["a07", "B", "elderly"]], "(2, 'r11')": [], "(2, 'r12')": [], "(3, 'r00')": [["p00", "B", "elderly"], ["p24", "B", "adult"], ["p69", "B", "elderly"], ["p23", "B", "elderly"]], "(3, 'r01')": [["p14", "A", "elderly"], ["p11", "A", "elderly"], ["p08", "A", "elderly"]], "(3, 'r02')": [["p44", "B", "elderly"], ["p36", "B", "elderly"]], "(3, 'r03')": [], "(3, 'r04')": [["p56", "A", "adult"], ["p13", "A", "elderly"], ["p26", "A", "adult"]], "(3, 'r05')": [["a04", "B", "elderly"]], "(3, 'r06')": [], "(3, 'r07')": [["a01", "A", "adult"], ["a15", "A", "elderly"], ["a17", "A", "elderly"]], "(3, 'r08')": [["p19", "B", "adult"], ["p21", "B", "elderly"], ["p31", "B", "elderly"]], "(3, 'r09')": [["a11", "B", "elderly"]], "(3, 'r10')": [["a07", "B", "elderly"], ["p53", "B", "elderly"]], "(3, 'r11')": [], "(3, 'r12')": [["p75", "A", "elderly"], ["p48", "A", "elderly"]], "(4, 'r00')": [["p24", "B", "adult"], ["p23", "B", "elderly"], ["p27", "B", "adult"], ["p71", "B", "elderly"]], "(4, 'r01')": [["p14", "A", "elderly"], ["p11", "A", "elderly"], ["p08", "A", "elderly"]], "(4, 'r02')": [["p44", "B", "elderly"], ["p36", "B", "elderly"]], "(4, 'r03')": [["p46", "A", "adult"]], "(4, 'r04')": [["p56", "A", "adult"], ["p13", "A", "elderly"], ["p26", "A", "adult"]], "(4, 'r05')": [["a04", "B", "elderly"], ["p35", "B", "elderly"], ["p06", "B", "elderly"]], "(4, 'r06')": [["p20", "B", "elderly"]], "(4, 'r07')": [["a01", "A", "adult"], ["a15", "A", "elderly"], ["a17", "A", "elderly"]], "(4, 'r08')": [["p19", "B", "adult"], ["p21", "B", "elderly"], ["p31", "B", "elderly"]], "(4, 'r09')": [["a11", "B", "elderly"], ["p22", "B", "elderly"]], "(4, 'r10')": [["a07", "B", "elderly"], ["p53", "B", "elderly"]], "(4, 'r11')": [["p05", "A", "adult"], ["p66", "A", "adult"]], "(4, 'r12')": [["p75", "A", "elderly"], ["p10", "A", "elderly"], ["p38", "A", "elderly"], ["p48", "A", "elderly"]], "(5, 'r00')": [["p24", "B", "adult"], ["p23", "B", "elderly"], ["p27", "B", "adult"], ["p71", "B", "elderly"]], "(5, 'r01')": [["p14", "A", "elderly"], ["p11", "A", "elderly"], ["p08", "A", "elderly"]], "(5, 'r02')": [["p44", "B", "elderly"], ["p36", "B", "elderly"]], "(5, 'r03')": [["p46", "A", "adult"]], "(5, 'r04')": [["p56", "A", "adult"]], "(5, 'r05')": [["a04", "B", "elderly"], ["p35", "B", "elderly"], ["p06", "B", "elderly"]], "(5, 'r06')": [["p20", "B", "elderly"]], "(5, 'r07')": [["a01", "A", "adult"], ["a15", "A", "elderly"], ["a17", "A", "elderly"]], "(5, 'r08')": [["p21", "B", "elderly"], ["p31", "B", "elderly"]], "(5, 'r09')": [["p22", "B", "elderly"]], "(5, 'r10')": [["a07", "B", "elderly"]], "(5, 'r11')": [["p05", "A", "adult"], ["p66", "A", "adult"]], "(5, 'r12')": [["p75", "A", "elderly"], ["p10", "A", "elderly"], ["p38", "A", "elderly"], ["p48", "A", "elderly"]], "(6, 'r00')": [["p24", "B", "adult"], ["p27", "B", "adult"], ["p71", "B", "elderly"]], "(6, 'r01')": [["p14", "A", "elderly"], ["p11", "A", "elderly"], ["p08", "A", "elderly"]], "(6, 'r02')": [["p44", "B", "elderly"], ["p36", "B", "elderly"]], "(6, 'r03')": [["p46", "A", "adult"]], "(6, 'r04')": [], "(6, 'r05')": [["p35", "B", "elderly"], ["p06", "B", "elderly"]], "(6, 'r06')": [["p20", "B", "elderly"]], "(6, 'r07')": [], "(6, 'r08')": [["p58", "A", "adult"]], "(6, 'r09')": [], "(6, 'r10')": [["a07", "B", "elderly"], ["p63", "B", "elderly"]], "(6, 'r11')": [["p05", "A", "adult"], ["p45", "A", "adult"]], "(6, 'r12')": [["p10", "A", "elderly"], ["p38", "A", "elderly"], ["p48", "A", "elderly"], ["p54", "A", "adult"]], "(7, 'r00')": [["p24", "B", "adult"], ["p27", "B", "adult"], ["p71", "B", "elderly"], ["p73", "B", "elderly"]], "(7, 'r01')": [["p11", "A", "elderly"], ["p08", "A", "elderly"], ["p59", "A", "adult"], ["p07", "A", "elderly"]], "(7, 'r02')": [["p44", "B", "elderly"], ["p36", "B", "elderly"]], "(7, 'r03')": [["p74", "A", "elderly"]], "(7, 'r04')": [], "(7, 'r05')": [["p06", "B", "elderly"]], "(7, 'r06')": [["p20", "B", "elderly"]], "(7, 'r07')": [], "(7, 'r08')": [["p58", "A", "adult"]], "(7, 'r09')": [], "(7, 'r10')": [["a07", "B", "elderly"], ["p63", "B", "elderly"]], "(7, 'r11')": [["p45", "A", "adult"]], "(7, 'r12')": [["p10", "A", "elderly"], ["p25", "A", "elderly"], ["p54", "A", "adult"]], "(8, 'r00')": [["p24", "B", "adult"], ["p71", "B", "elderly"], ["p73", "B", "elderly"], ["p32", "B", "elderly"]], "(8, 'r01')": [["p11", "A", "elderly"], ["p08", "A", "elderly"], ["p59", "A", "adult"], ["p07", "A", "elderly"]], "(8, 'r02')": [["p36", "B", "elderly"], ["p50", "B", "elderly"]], "(8, 'r03')": [["p74", "A", "elderly"]], "(8, 'r04')": [], "(8, 'r05')": [], "(8, 'r06')": [], "(8, 'r07')": [["p42", "A", "elderly"], ["p49", "A", "elderly"]], "(8, 'r08')": [["p58", "A", "adult"]], "(8, 'r09')": [], "(8, 'r10')": [["p28", "B", "elderly"]], "(8, 'r11')": [["p47", "B", "elderly"]], "(8, 'r12')": [["p25", "A", "elderly"]], "(9, 'r00')": [["p71", "B", "elderly"], ["p73", "B", "elderly"], ["p16", "B", "elderly"], ["p32", "B", "elderly"]], "(9, 'r01')": [["p11", "A", "elderly"], ["p08", "A", "elderly"], ["p59", "A", "adult"], ["p07", "A", "elderly"]], "(9, 'r02')": [["p36", "B", "elderly"], ["p50", "B", "elderly"]], "(9, 'r03')": [["p74", "A", "elderly"]], "(9, 'r04')": [["p55", "A", "adult"]], "(9, 'r05')": [], "(9, 'r06')": [["p33", "B", "elderly"], ["p65", "B", "elderly"]], "(9, 'r07')": [["p42", "A", "elderly"], ["p49", "A", "elderly"]], "(9, 'r08')": [["p61", "A", "elderly"]], "(9, 'r09')": [], "(9, 'r10')": [["p28", "B", "elderly"]], "(9, 'r11')": [["p47", "B", "elderly"], ["p62", "B", "adult"]], "(9, 'r12')": [["p09", "A", "elderly"], ["p25", "A", "elderly"]], "(10, 'r00')": [["p71", "B", "elderly"], ["p73", "B", "elderly"], ["p16", "B", "elderly"]], "(10, 'r01')": [["p07", "A", "elderly"]], "(10, 'r02')": [["p36", "B", "elderly"], ["p50", "B", "elderly"]], "(10, 'r03')": [["p74", "A", "elderly"]], "(10, 'r04')": [["p55", "A", "adult"]], "(10, 'r05')": [], "(10, 'r06')": [["p33", "B", "elderly"], ["p65", "B", "elderly"]], "(10, 'r07')": [["p42", "A", "elderly"], ["p49", "A", "elderly"]], "(10, 'r08')": [["p61", "A", "elderly"]], "(10, 'r09')": [], "(10, 'r10')": [["p28", "B", "elderly"], ["p43", "B", "elderly"]], "(10, 'r11')": [["p47", "B", "elderly"], ["p62", "B", "adult"]], "(10, 'r12')": [["p09", "A", "elderly"], ["p25", "A", "elderly"], ["p34", "A", "elderly"], ["p72", "A", "elderly"]], "(11, 'r00')": [["p71", "B", "elderly"], ["p73", "B", "elderly"], ["p16", "B", "elderly"]], "(11, 'r01')": [["p07", "A", "elderly"]], "(11, 'r02')": [["p70", "A", "elderly"]], "(11, 'r03')": [["p41", "A", "elderly"], ["p74", "A", "elderly"]], "(11, 'r04')": [["p55", "A", "adult"]], "(11, 'r05')": [["p17", "A", "elderly"], ["p52", "A", "elderly"], ["p67", "A", "elderly"]], "(11, 'r06')": [["p33", "B", "elderly"], ["p65", "B", "elderly"]], "(11, 'r07')": [["p01", "A", "adult"]], "(11, 'r08')": [], "(11, 'r09')": [["p30", "B", "elderly"]], "(11, 'r10')": [["p28", "B", "elderly"], ["p43", "B", "elderly"]], "(11, 'r11')": [["p47", "B", "elderly"], ["p62", "B", "adult"]], "(11, 'r12')": [["p09", "A", "elderly"], ["p34", "A", "elderly"], ["p60", "A", "elderly"], ["p72", "A", "elderly"]], "(12, 'r00')": [], "(12, 'r01')": [["p02", "B", "elderly"]], "(12, 'r02')": [["p70", "A", "elderly"]], "(12, 'r03')": [["p41", "A", "elderly"], ["p40", "A", "elderly"]], "(12, 'r04')": [["p55", "A", "adult"]], "(12, 'r05')": [["p17", "A", "elderly"], ["p52", "A", "elderly"], ["p67", "A", "elderly"]], "(12, 'r06')": [["p33", "B", "elderly"]], "(12, 'r07')": [["p01", "A", "adult"], ["p57", "A", "elderly"]], "(12, 'r08')": [["p64", "B", "adult"]], "(12, 'r09')": [["p30", "B", "elderly"]], "(12, 'r10')": [["p28", "B", "elderly"], ["p43", "B", "elderly"]], "(12, 'r11')": [["p62", "B", "adult"]], "(12, 'r12')": [["p34", "A", "elderly"], ["p60", "A", "elderly"], ["p72", "A", "elderly"]], "(13, 'r00')": [["p78", "B", "elderly"]], "(13, 'r01')": [["p02", "B", "elderly"]], "(13, 'r02')": [["p29", "A", "elderly"]], "(13, 'r03')": [["p41", "A", "elderly"], ["p40", "A", "elderly"]], "(13, 'r04')": [["p55", "A", "adult"]], "(13, 'r05')": [["p17", "A", "elderly"], ["p18", "A", "elderly"], ["p52", "A", "elderly"], ["p67", "A", "elderly"]], "(13, 'r06')": [["p77", "A", "adult"]], "(13, 'r07')": [["p68", "A", "elderly"], ["p01", "A", "adult"], ["p57", "A", "elderly"]], "(13, 'r08')": [["p64", "B", "adult"]], "(13, 'r09')": [["p12", "B", "elderly"], ["p30", "B", "elderly"]], "(13, 'r10')": [["p51", "B", "adult"]], "(13, 'r11')": [["p03", "B", "elderly"], ["p62", "B", "adult"]], "(13, 'r12')": [["p60", "A", "elderly"]]}, "theater_allocation": {"(0, 't0')": 600, "(0, 't1')": 720, "(0, 't2')": 600, "(0, 't3')": 720, "(1, 't0')": 600, "(1, 't1')": 720, "(1, 't2')": 600, "(1, 't3')": 30, "(2, 't0')": 600, "(2, 't1')": 600, "(2, 't2')": 720, "(2, 't3')": -210, "(3, 't0')": 600, "(3, 't1')": 480, "(3, 't2')": 600, "(3, 't3')": -480, "(4, 't0')": 720, "(4, 't1')": 600, "(4, 't2')": 600, "(4, 't3')": -630, "(5, 't0')": 0, "(5, 't1')": 480, "(5, 't2')": 720, "(5, 't3')": 0, "(6, 't0')": 720, "(6, 't1')": 480, "(6, 't2')": 0, "(6, 't3')": -360, "(7, 't0')": 600, "(7, 't1')": 480, "(7, 't2')": 480, "(7, 't3')": 0, "(8, 't0')": 600, "(8, 't1')": 600, "(8, 't2')": 720, "(8, 't3')": -150, "(9, 't0')": 720, "(9, 't1')": 720, "(9, 't2')": 480, "(9, 't3')": -420, "(10, 't0')": 720, "(10, 't1')": 0, "(10, 't2')": 600, "(10, 't3')": 390, "(11, 't0')": 720, "(11, 't1')": 720, "(11, 't2')": 720, "(11, 't3')": -390, "(12, 't0')": 600, "(12, 't1')": 480, "(12, 't2')": 720, "(12, 't3')": 270, "(13, 't0')": 0, "(13, 't1')": 600, "(13, 't2')": 600, "(13, 't3')": -240}, "surgeon_allocation": {"(0, 's0')": 0, "(0, 's1')": 0, "(0, 's2')": 0, "(1, 's0')": 30, "(1, 's1')": 0, "(1, 's2')": 0, "(2, 's0')": 0, "(2, 's1')": 150, "(2, 's2')": 0, "(3, 's0')": 30, "(3, 's1')": 60, "(3, 's2')": 150, "(4, 's0')": 30, "(4, 's1')": 60, "(4, 's2')": 0, "(5, 's0')": 0, "(5, 's1')": 0, "(5, 's2')": 0, "(6, 's0')": 0, "(6, 's1')": 0, "(6, 's2')": 0, "(7, 's0')": 60, "(7, 's1')": 360, "(7, 's2')": 60, "(8, 's0')": 0, "(8, 's1')": 90, "(8, 's2')": 480, "(9, 's0')": 0, "(9, 's1')": 180, "(9, 's2')": 120, "(10, 's0')": 0, "(10, 's1')": 30, "(10, 's2')": 0, "(11, 's0')": 60, "(11, 's1')": 120, "(11, 's2')": 150, "(12, 's0')": 0, "(12, 's1')": 30, "(12, 's2')": 0, "(13, 's0')": 0, "(13, 's1')": 0, "(13, 's2')": 0}, "operator": "['remove_nurse_room']"}