{"patients": [{"id": "p025", "admission_day": 12, "room": "r00", "operating_theater": "t3"}, {"id": "p152", "admission_day": 0, "room": "r01", "operating_theater": "t0"}, {"id": "p017", "admission_day": 1, "room": "r00", "operating_theater": "t2"}, {"id": "p111", "admission_day": 1, "room": "r00", "operating_theater": "t4"}, {"id": "p247", "admission_day": 1, "room": "r15", "operating_theater": "t4"}, {"id": "p271", "admission_day": 1, "room": "r00", "operating_theater": "t0"}, {"id": "p058", "admission_day": 1, "room": "r02", "operating_theater": "t0"}, {"id": "p244", "admission_day": 1, "room": "r02", "operating_theater": "t4"}, {"id": "p223", "admission_day": 1, "room": "r03", "operating_theater": "t2"}, {"id": "p056", "admission_day": 1, "room": "r06", "operating_theater": "t2"}, {"id": "p121", "admission_day": 2, "room": "r05", "operating_theater": "t1"}, {"id": "p208", "admission_day": 21, "room": "r15", "operating_theater": "t1"}, {"id": "p045", "admission_day": 2, "room": "r02", "operating_theater": "t0"}, {"id": "p143", "admission_day": 9, "room": "r08", "operating_theater": "t1"}, {"id": "p285", "admission_day": 2, "room": "r12", "operating_theater": "t0"}, {"id": "p026", "admission_day": 2, "room": "r06", "operating_theater": "t3"}, {"id": "p301", "admission_day": 2, "room": "r06", "operating_theater": "t1"}, {"id": "p281", "admission_day": 3, "room": "r00", "operating_theater": "t1"}, {"id": "p130", "admission_day": 23, "room": "r10", "operating_theater": "t3"}, {"id": "p205", "admission_day": 8, "room": "r12", "operating_theater": "t1"}, {"id": "p278", "admission_day": 9, "room": "r00", "operating_theater": "t0"}, {"id": "p234", "admission_day": 27, "room": "r06", "operating_theater": "t4"}, {"id": "p000", "admission_day": "none"}, {"id": "p001", "admission_day": "none"}, {"id": "p002", "admission_day": "none"}, {"id": "p003", "admission_day": 9, "room": "r11", "operating_theater": "t3"}, {"id": "p004", "admission_day": "none"}, {"id": "p005", "admission_day": 22, "room": "r01", "operating_theater": "t3"}, {"id": "p006", "admission_day": 20, "room": "r13", "operating_theater": "t1"}, {"id": "p007", "admission_day": 3, "room": "r03", "operating_theater": "t1"}, {"id": "p008", "admission_day": 3, "room": "r10", "operating_theater": "t0"}, {"id": "p009", "admission_day": 11, "room": "r15", "operating_theater": "t3"}, {"id": "p010", "admission_day": 18, "room": "r00", "operating_theater": "t0"}, {"id": "p011", "admission_day": 3, "room": "r01", "operating_theater": "t3"}, {"id": "p012", "admission_day": 17, "room": "r12", "operating_theater": "t1"}, {"id": "p013", "admission_day": 27, "room": "r12", "operating_theater": "t1"}, {"id": "p014", "admission_day": 26, "room": "r07", "operating_theater": "t2"}, {"id": "p015", "admission_day": 5, "room": "r14", "operating_theater": "t1"}, {"id": "p016", "admission_day": 14, "room": "r13", "operating_theater": "t3"}, {"id": "p018", "admission_day": "none"}, {"id": "p019", "admission_day": 5, "room": "r17", "operating_theater": "t3"}, {"id": "p020", "admission_day": 0, "room": "r17", "operating_theater": "t4"}, {"id": "p021", "admission_day": 9, "room": "r00", "operating_theater": "t0"}, {"id": "p022", "admission_day": 11, "room": "r09", "operating_theater": "t1"}, {"id": "p023", "admission_day": "none"}, {"id": "p024", "admission_day": 21, "room": "r03", "operating_theater": "t3"}, {"id": "p027", "admission_day": 1, "room": "r12", "operating_theater": "t2"}, {"id": "p028", "admission_day": "none"}, {"id": "p029", "admission_day": "none"}, {"id": "p030", "admission_day": 5, "room": "r17", "operating_theater": "t3"}, {"id": "p031", "admission_day": "none"}, {"id": "p032", "admission_day": 3, "room": "r02", "operating_theater": "t0"}, {"id": "p033", "admission_day": 13, "room": "r13", "operating_theater": "t3"}, {"id": "p034", "admission_day": 16, "room": "r11", "operating_theater": "t0"}, {"id": "p035", "admission_day": 22, "room": "r00", "operating_theater": "t3"}, {"id": "p036", "admission_day": 4, "room": "r00", "operating_theater": "t0"}, {"id": "p037", "admission_day": 27, "room": "r00", "operating_theater": "t1"}, {"id": "p038", "admission_day": 27, "room": "r11", "operating_theater": "t3"}, {"id": "p039", "admission_day": 18, "room": "r16", "operating_theater": "t0"}, {"id": "p040", "admission_day": "none"}, {"id": "p041", "admission_day": "none"}, {"id": "p042", "admission_day": 7, "room": "r15", "operating_theater": "t1"}, {"id": "p043", "admission_day": "none"}, {"id": "p044", "admission_day": 21, "room": "r08", "operating_theater": "t1"}, {"id": "p046", "admission_day": 1, "room": "r01", "operating_theater": "t0"}, {"id": "p047", "admission_day": "none"}, {"id": "p048", "admission_day": "none"}, {"id": "p049", "admission_day": 4, "room": "r08", "operating_theater": "t0"}, {"id": "p050", "admission_day": 23, "room": "r00", "operating_theater": "t1"}, {"id": "p051", "admission_day": 16, "room": "r07", "operating_theater": "t1"}, {"id": "p052", "admission_day": 20, "room": "r10", "operating_theater": "t0"}, {"id": "p054", "admission_day": 13, "room": "r06", "operating_theater": "t1"}, {"id": "p055", "admission_day": 24, "room": "r00", "operating_theater": "t1"}, {"id": "p057", "admission_day": 21, "room": "r14", "operating_theater": "t1"}, {"id": "p060", "admission_day": "none"}, {"id": "p061", "admission_day": "none"}, {"id": "p062", "admission_day": 9, "room": "r11", "operating_theater": "t4"}, {"id": "p063", "admission_day": 0, "room": "r14", "operating_theater": "t1"}, {"id": "p065", "admission_day": "none"}, {"id": "p066", "admission_day": 22, "room": "r00", "operating_theater": "t0"}, {"id": "p067", "admission_day": 8, "room": "r03", "operating_theater": "t4"}, {"id": "p068", "admission_day": 17, "room": "r14", "operating_theater": "t1"}, {"id": "p069", "admission_day": "none"}, {"id": "p070", "admission_day": 19, "room": "r04", "operating_theater": "t1"}, {"id": "p071", "admission_day": 8, "room": "r02", "operating_theater": "t3"}, {"id": "p072", "admission_day": 16, "room": "r17", "operating_theater": "t1"}, {"id": "p073", "admission_day": 3, "room": "r09", "operating_theater": "t3"}, {"id": "p074", "admission_day": "none"}, {"id": "p075", "admission_day": 24, "room": "r13", "operating_theater": "t0"}, {"id": "p076", "admission_day": 9, "room": "r17", "operating_theater": "t3"}, {"id": "p078", "admission_day": 0, "room": "r00", "operating_theater": "t0"}, {"id": "p079", "admission_day": 4, "room": "r16", "operating_theater": "t4"}, {"id": "p080", "admission_day": "none"}, {"id": "p081", "admission_day": 8, "room": "r17", "operating_theater": "t1"}, {"id": "p082", "admission_day": 22, "room": "r14", "operating_theater": "t1"}, {"id": "p083", "admission_day": 16, "room": "r16", "operating_theater": "t0"}, {"id": "p086", "admission_day": 22, "room": "r11", "operating_theater": "t0"}, {"id": "p087", "admission_day": "none"}, {"id": "p088", "admission_day": 14, "room": "r09", "operating_theater": "t3"}, {"id": "p089", "admission_day": 26, "room": "r00", "operating_theater": "t0"}, {"id": "p090", "admission_day": 17, "room": "r05", "operating_theater": "t0"}, {"id": "p091", "admission_day": 2, "room": "r05", "operating_theater": "t1"}, {"id": "p092", "admission_day": 12, "room": "r05", "operating_theater": "t1"}, {"id": "p093", "admission_day": "none"}, {"id": "p094", "admission_day": "none"}, {"id": "p095", "admission_day": "none"}, {"id": "p096", "admission_day": "none"}, {"id": "p097", "admission_day": 9, "room": "r13", "operating_theater": "t0"}, {"id": "p098", "admission_day": "none"}, {"id": "p100", "admission_day": 13, "room": "r06", "operating_theater": "t4"}, {"id": "p101", "admission_day": "none"}, {"id": "p102", "admission_day": "none"}, {"id": "p104", "admission_day": 8, "room": "r02", "operating_theater": "t2"}, {"id": "p105", "admission_day": 19, "room": "r11", "operating_theater": "t2"}, {"id": "p106", "admission_day": 5, "room": "r13", "operating_theater": "t1"}, {"id": "p107", "admission_day": 24, "room": "r02", "operating_theater": "t0"}, {"id": "p108", "admission_day": 19, "room": "r06", "operating_theater": "t2"}, {"id": "p109", "admission_day": 27, "room": "r14", "operating_theater": "t2"}, {"id": "p110", "admission_day": "none"}, {"id": "p112", "admission_day": "none"}, {"id": "p113", "admission_day": 13, "room": "r11", "operating_theater": "t1"}, {"id": "p114", "admission_day": 26, "room": "r13", "operating_theater": "t2"}, {"id": "p115", "admission_day": 27, "room": "r17", "operating_theater": "t4"}, {"id": "p116", "admission_day": 14, "room": "r08", "operating_theater": "t1"}, {"id": "p118", "admission_day": 4, "room": "r08", "operating_theater": "t1"}, {"id": "p119", "admission_day": 17, "room": "r04", "operating_theater": "t1"}, {"id": "p120", "admission_day": 9, "room": "r16", "operating_theater": "t3"}, {"id": "p122", "admission_day": 27, "room": "r10", "operating_theater": "t4"}, {"id": "p123", "admission_day": 5, "room": "r05", "operating_theater": "t3"}, {"id": "p124", "admission_day": 19, "room": "r06", "operating_theater": "t2"}, {"id": "p125", "admission_day": 26, "room": "r15", "operating_theater": "t2"}, {"id": "p126", "admission_day": 21, "room": "r05", "operating_theater": "t3"}, {"id": "p127", "admission_day": "none"}, {"id": "p128", "admission_day": 11, "room": "r03", "operating_theater": "t2"}, {"id": "p129", "admission_day": 27, "room": "r05", "operating_theater": "t4"}, {"id": "p131", "admission_day": "none"}, {"id": "p132", "admission_day": 11, "room": "r08", "operating_theater": "t3"}, {"id": "p133", "admission_day": 19, "room": "r04", "operating_theater": "t3"}, {"id": "p134", "admission_day": 19, "room": "r08", "operating_theater": "t1"}, {"id": "p135", "admission_day": 4, "room": "r12", "operating_theater": "t3"}, {"id": "p136", "admission_day": 11, "room": "r02", "operating_theater": "t2"}, {"id": "p137", "admission_day": "none"}, {"id": "p138", "admission_day": 1, "room": "r05", "operating_theater": "t0"}, {"id": "p139", "admission_day": "none"}, {"id": "p140", "admission_day": 11, "room": "r08", "operating_theater": "t1"}, {"id": "p141", "admission_day": 20, "room": "r14", "operating_theater": "t0"}, {"id": "p142", "admission_day": 21, "room": "r16", "operating_theater": "t2"}, {"id": "p144", "admission_day": 24, "room": "r11", "operating_theater": "t1"}, {"id": "p145", "admission_day": 8, "room": "r17", "operating_theater": "t2"}, {"id": "p146", "admission_day": "none"}, {"id": "p147", "admission_day": 3, "room": "r14", "operating_theater": "t3"}, {"id": "p148", "admission_day": 8, "room": "r17", "operating_theater": "t3"}, {"id": "p149", "admission_day": 8, "room": "r03", "operating_theater": "t3"}, {"id": "p150", "admission_day": "none"}, {"id": "p151", "admission_day": "none"}, {"id": "p153", "admission_day": 27, "room": "r01", "operating_theater": "t2"}, {"id": "p154", "admission_day": 1, "room": "r10", "operating_theater": "t4"}, {"id": "p155", "admission_day": 23, "room": "r16", "operating_theater": "t0"}, {"id": "p156", "admission_day": 21, "room": "r16", "operating_theater": "t2"}, {"id": "p157", "admission_day": 7, "room": "r16", "operating_theater": "t2"}, {"id": "p158", "admission_day": 7, "room": "r01", "operating_theater": "t4"}, {"id": "p159", "admission_day": 4, "room": "r05", "operating_theater": "t0"}, {"id": "p160", "admission_day": 19, "room": "r02", "operating_theater": "t1"}, {"id": "p161", "admission_day": "none"}, {"id": "p162", "admission_day": 8, "room": "r01", "operating_theater": "t1"}, {"id": "p163", "admission_day": 4, "room": "r03", "operating_theater": "t3"}, {"id": "p164", "admission_day": 21, "room": "r15", "operating_theater": "t3"}, {"id": "p165", "admission_day": 11, "room": "r11", "operating_theater": "t0"}, {"id": "p166", "admission_day": 23, "room": "r17", "operating_theater": "t1"}, {"id": "p167", "admission_day": 12, "room": "r09", "operating_theater": "t1"}, {"id": "p170", "admission_day": 9, "room": "r12", "operating_theater": "t3"}, {"id": "p171", "admission_day": "none"}, {"id": "p172", "admission_day": 27, "room": "r11", "operating_theater": "t0"}, {"id": "p173", "admission_day": 19, "room": "r11", "operating_theater": "t3"}, {"id": "p174", "admission_day": 7, "room": "r09", "operating_theater": "t1"}, {"id": "p175", "admission_day": 4, "room": "r17", "operating_theater": "t1"}, {"id": "p177", "admission_day": 27, "room": "r08", "operating_theater": "t4"}, {"id": "p178", "admission_day": 12, "room": "r06", "operating_theater": "t3"}, {"id": "p179", "admission_day": 24, "room": "r09", "operating_theater": "t0"}, {"id": "p180", "admission_day": 19, "room": "r01", "operating_theater": "t3"}, {"id": "p181", "admission_day": 27, "room": "r09", "operating_theater": "t4"}, {"id": "p182", "admission_day": "none"}, {"id": "p184", "admission_day": "none"}, {"id": "p185", "admission_day": "none"}, {"id": "p186", "admission_day": 12, "room": "r05", "operating_theater": "t1"}, {"id": "p187", "admission_day": "none"}, {"id": "p188", "admission_day": 5, "room": "r00", "operating_theater": "t1"}, {"id": "p189", "admission_day": "none"}, {"id": "p191", "admission_day": "none"}, {"id": "p192", "admission_day": "none"}, {"id": "p193", "admission_day": 8, "room": "r10", "operating_theater": "t4"}, {"id": "p194", "admission_day": 27, "room": "r15", "operating_theater": "t0"}, {"id": "p195", "admission_day": "none"}, {"id": "p196", "admission_day": "none"}, {"id": "p197", "admission_day": 8, "room": "r05", "operating_theater": "t1"}, {"id": "p199", "admission_day": 14, "room": "r03", "operating_theater": "t1"}, {"id": "p200", "admission_day": "none"}, {"id": "p201", "admission_day": "none"}, {"id": "p204", "admission_day": 12, "room": "r15", "operating_theater": "t1"}, {"id": "p206", "admission_day": "none"}, {"id": "p209", "admission_day": "none"}, {"id": "p210", "admission_day": "none"}, {"id": "p211", "admission_day": 26, "room": "r02", "operating_theater": "t0"}, {"id": "p212", "admission_day": "none"}, {"id": "p213", "admission_day": 25, "room": "r08", "operating_theater": "t2"}, {"id": "p214", "admission_day": 7, "room": "r05", "operating_theater": "t1"}, {"id": "p215", "admission_day": 8, "room": "r11", "operating_theater": "t3"}, {"id": "p216", "admission_day": 21, "room": "r08", "operating_theater": "t2"}, {"id": "p217", "admission_day": 9, "room": "r16", "operating_theater": "t0"}, {"id": "p218", "admission_day": 7, "room": "r01", "operating_theater": "t1"}, {"id": "p219", "admission_day": 27, "room": "r05", "operating_theater": "t1"}, {"id": "p220", "admission_day": "none"}, {"id": "p221", "admission_day": 25, "room": "r02", "operating_theater": "t2"}, {"id": "p222", "admission_day": 26, "room": "r05", "operating_theater": "t0"}, {"id": "p224", "admission_day": "none"}, {"id": "p225", "admission_day": 16, "room": "r02", "operating_theater": "t2"}, {"id": "p227", "admission_day": 9, "room": "r07", "operating_theater": "t4"}, {"id": "p228", "admission_day": 9, "room": "r04", "operating_theater": "t3"}, {"id": "p229", "admission_day": 11, "room": "r14", "operating_theater": "t3"}, {"id": "p230", "admission_day": 27, "room": "r14", "operating_theater": "t0"}, {"id": "p231", "admission_day": 2, "room": "r13", "operating_theater": "t0"}, {"id": "p232", "admission_day": "none"}, {"id": "p233", "admission_day": 11, "room": "r02", "operating_theater": "t0"}, {"id": "p235", "admission_day": 9, "room": "r09", "operating_theater": "t0"}, {"id": "p236", "admission_day": 3, "room": "r16", "operating_theater": "t0"}, {"id": "p237", "admission_day": 25, "room": "r03", "operating_theater": "t2"}, {"id": "p238", "admission_day": 22, "room": "r07", "operating_theater": "t2"}, {"id": "p239", "admission_day": 23, "room": "r13", "operating_theater": "t0"}, {"id": "p240", "admission_day": 4, "room": "r16", "operating_theater": "t3"}, {"id": "p241", "admission_day": 13, "room": "r06", "operating_theater": "t3"}, {"id": "p242", "admission_day": "none"}, {"id": "p243", "admission_day": 8, "room": "r14", "operating_theater": "t1"}, {"id": "p245", "admission_day": "none"}, {"id": "p246", "admission_day": "none"}, {"id": "p248", "admission_day": 2, "room": "r11", "operating_theater": "t4"}, {"id": "p249", "admission_day": 2, "room": "r12", "operating_theater": "t1"}, {"id": "p250", "admission_day": 4, "room": "r09", "operating_theater": "t3"}, {"id": "p251", "admission_day": 1, "room": "r03", "operating_theater": "t0"}, {"id": "p252", "admission_day": 20, "room": "r05", "operating_theater": "t0"}, {"id": "p253", "admission_day": 16, "room": "r11", "operating_theater": "t1"}, {"id": "p254", "admission_day": "none"}, {"id": "p255", "admission_day": "none"}, {"id": "p256", "admission_day": "none"}, {"id": "p257", "admission_day": 16, "room": "r15", "operating_theater": "t2"}, {"id": "p258", "admission_day": 9, "room": "r05", "operating_theater": "t1"}, {"id": "p259", "admission_day": "none"}, {"id": "p260", "admission_day": 16, "room": "r17", "operating_theater": "t0"}, {"id": "p262", "admission_day": 8, "room": "r00", "operating_theater": "t4"}, {"id": "p263", "admission_day": "none"}, {"id": "p266", "admission_day": 22, "room": "r11", "operating_theater": "t1"}, {"id": "p268", "admission_day": 3, "room": "r07", "operating_theater": "t0"}, {"id": "p269", "admission_day": 7, "room": "r04", "operating_theater": "t2"}, {"id": "p270", "admission_day": "none"}, {"id": "p272", "admission_day": "none"}, {"id": "p273", "admission_day": 22, "room": "r17", "operating_theater": "t2"}, {"id": "p274", "admission_day": 2, "room": "r11", "operating_theater": "t3"}, {"id": "p275", "admission_day": 4, "room": "r10", "operating_theater": "t4"}, {"id": "p276", "admission_day": 4, "room": "r13", "operating_theater": "t0"}, {"id": "p277", "admission_day": 19, "room": "r07", "operating_theater": "t1"}, {"id": "p279", "admission_day": 13, "room": "r10", "operating_theater": "t1"}, {"id": "p280", "admission_day": 22, "room": "r11", "operating_theater": "t1"}, {"id": "p282", "admission_day": 13, "room": "r01", "operating_theater": "t4"}, {"id": "p283", "admission_day": 8, "room": "r00", "operating_theater": "t0"}, {"id": "p284", "admission_day": 19, "room": "r02", "operating_theater": "t3"}, {"id": "p287", "admission_day": 12, "room": "r12", "operating_theater": "t3"}, {"id": "p288", "admission_day": 27, "room": "r07", "operating_theater": "t2"}, {"id": "p289", "admission_day": "none"}, {"id": "p290", "admission_day": "none"}, {"id": "p291", "admission_day": 21, "room": "r08", "operating_theater": "t1"}, {"id": "p292", "admission_day": 11, "room": "r00", "operating_theater": "t3"}, {"id": "p293", "admission_day": 12, "room": "r16", "operating_theater": "t3"}, {"id": "p294", "admission_day": "none"}, {"id": "p295", "admission_day": 3, "room": "r00", "operating_theater": "t2"}, {"id": "p296", "admission_day": 15, "room": "r01", "operating_theater": "t2"}, {"id": "p297", "admission_day": "none"}, {"id": "p298", "admission_day": 13, "room": "r04", "operating_theater": "t1"}, {"id": "p299", "admission_day": 2, "room": "r11", "operating_theater": "t0"}, {"id": "p300", "admission_day": "none"}, {"id": "p302", "admission_day": "none"}, {"id": "p303", "admission_day": "none"}, {"id": "p304", "admission_day": "none"}, {"id": "p305", "admission_day": "none"}, {"id": "p306", "admission_day": "none"}, {"id": "p307", "admission_day": 8, "room": "r06", "operating_theater": "t2"}, {"id": "p308", "admission_day": 15, "room": "r15", "operating_theater": "t2"}, {"id": "p309", "admission_day": 16, "room": "r07", "operating_theater": "t2"}, {"id": "p310", "admission_day": 11, "room": "r14", "operating_theater": "t2"}, {"id": "p311", "admission_day": 27, "room": "r17", "operating_theater": "t0"}, {"id": "p313", "admission_day": 26, "room": "r16", "operating_theater": "t0"}, {"id": "p314", "admission_day": 22, "room": "r09", "operating_theater": "t0"}, {"id": "p315", "admission_day": 3, "room": "r15", "operating_theater": "t2"}, {"id": "p316", "admission_day": "none"}, {"id": "p317", "admission_day": 12, "room": "r13", "operating_theater": "t0"}, {"id": "p318", "admission_day": "none"}, {"id": "p319", "admission_day": 14, "room": "r17", "operating_theater": "t3"}, {"id": "p320", "admission_day": "none"}, {"id": "p321", "admission_day": 14, "room": "r05", "operating_theater": "t1"}, {"id": "p322", "admission_day": 3, "room": "r05", "operating_theater": "t0"}, {"id": "p323", "admission_day": 12, "room": "r13", "operating_theater": "t1"}, {"id": "p324", "admission_day": 12, "room": "r17", "operating_theater": "t3"}], "nurses": [{"id": "n000", "assignments": [{"day": 0, "shift": "late", "rooms": ["r00", "r01", "r02", "r03", "r04", "r05", "r06", "r07", "r08", "r09", "r10"]}, {"day": 1, "shift": "late", "rooms": ["r00", "r01"]}, {"day": 2, "shift": "night", "rooms": ["r00", "r01", "r02"]}, {"day": 4, "shift": "late", "rooms": ["r00", "r01"]}, {"day": 5, "shift": "night", "rooms": ["r00", "r01", "r02", "r03", "r04", "r05", "r06"]}, {"day": 7, "shift": "early", "rooms": ["r00", "r01", "r02", "r03", "r04", "r05", "r06", "r07", "r08", "r09", "r10", "r11", "r12", "r13", "r14", "r15", "r16", "r17"]}, {"day": 8, "shift": "early", "rooms": ["r00", "r01", "r02", "r03"]}, {"day": 9, "shift": "early", "rooms": ["r00", "r01", "r02"]}, {"day": 10, "shift": "early", "rooms": ["r00", "r01", "r02", "r03", "r04", "r05", "r06", "r07", "r08", "r09", "r10", "r11", "r12", "r13", "r14", "r15", "r16", "r17"]}, {"day": 11, "shift": "early", "rooms": ["r00", "r01", "r02", "r03", "r04", "r05", "r06", "r07", "r08", "r09", "r10", "r11", "r12", "r13", "r14", "r15", "r16", "r17"]}, {"day": 12, "shift": "late", "rooms": ["r00", "r01", "r02", "r03", "r04", "r05", "r06", "r07", "r08", "r09", "r10", "r11", "r12", "r13", "r14", "r15", "r16", "r17"]}, {"day": 13, "shift": "late", "rooms": ["r00", "r01", "r02", "r03", "r04", "r05", "r06", "r07", "r08", "r09", "r10", "r11", "r12", "r13", "r14", "r15", "r16", "r17"]}, {"day": 14, "shift": "night", "rooms": ["r00", "r01", "r02", "r03", "r04", "r05", "r06", "r07", "r08", "r09", "r10", "r11", "r12", "r13", "r14", "r15", "r16", "r17"]}, {"day": 15, "shift": "night", "rooms": ["r00", "r01", "r02", "r03", "r04", "r05", "r06", "r07", "r08", "r09", "r10", "r11", "r12", "r13", "r14", "r15", "r16", "r17"]}, {"day": 16, "shift": "night", "rooms": ["r00", "r01", "r02", "r03", "r04", "r05", "r06", "r07", "r08", "r09", "r10", "r11", "r12", "r13", "r14", "r15", "r16", "r17"]}, {"day": 17, "shift": "night", "rooms": ["r00", "r01", "r02", "r03", "r04", "r05", "r06", "r07", "r08", "r09", "r10", "r11", "r12", "r13", "r14", "r15", "r16", "r17"]}, {"day": 19, "shift": "night", "rooms": ["r00", "r01", "r02", "r03", "r04", "r05", "r06", "r07", "r08", "r09", "r10", "r11", "r12", "r13", "r14", "r15", "r16", "r17"]}, {"day": 21, "shift": "late", "rooms": ["r00", "r01", "r02", "r03", "r04", "r05", "r06", "r07", "r08", "r09", "r10", "r11", "r12", "r13", "r14", "r15", "r16", "r17"]}, {"day": 22, "shift": "late", "rooms": ["r00", "r01", "r02", "r03", "r04", "r05", "r06", "r07", "r08", "r09", "r10", "r11", "r12", "r13", "r14", "r15", "r16", "r17"]}, {"day": 23, "shift": "late", "rooms": ["r00", "r01", "r02", "r03", "r04", "r05", "r06", "r07", "r08", "r09", "r10", "r11", "r12", "r13", "r14", "r15", "r16", "r17"]}, {"day": 24, "shift": "late", "rooms": ["r00", "r01", "r02", "r03", "r04", "r05", "r06", "r07", "r08", "r09", "r10", "r11", "r12", "r13", "r14", "r15", "r16", "r17"]}, {"day": 25, "shift": "late", "rooms": ["r00", "r01", "r02", "r03", "r04", "r05", "r06", "r07", "r08", "r09", "r10", "r11", "r12", "r13", "r14", "r15", "r16", "r17"]}, {"day": 26, "shift": "night", "rooms": ["r17", "r00", "r01", "r02", "r16", "r11", "r04", "r09", "r12", "r14", "r03", "r05", "r10", "r06", "r08", "r07", "r13", "r15"]}]}, {"id": "n001", "assignments": [{"day": 0, "shift": "late", "rooms": ["r11", "r12", "r13", "r14", "r15", "r16", "r17"]}, {"day": 1, "shift": "night", "rooms": ["r00", "r01", "r02"]}, {"day": 2, "shift": "night", "rooms": ["r03", "r04", "r05", "r06"]}, {"day": 4, "shift": "late", "rooms": ["r02", "r03", "r04", "r05", "r06"]}, {"day": 5, "shift": "late", "rooms": ["r00", "r01", "r02", "r03"]}, {"day": 6, "shift": "night", "rooms": ["r00", "r01", "r02", "r03", "r04", "r05", "r06", "r07", "r08", "r09", "r10", "r11", "r12", "r13", "r14", "r15", "r16", "r17"]}, {"day": 7, "shift": "night", "rooms": ["r00", "r01", "r02", "r03", "r04", "r05", "r06", "r07", "r08", "r09", "r10", "r11", "r12", "r13", "r14", "r15", "r16", "r17"]}, {"day": 9, "shift": "night", "rooms": ["r00", "r01", "r02", "r03", "r04", "r05", "r06", "r07", "r08", "r09", "r10", "r11", "r12", "r13", "r14", "r15", "r16", "r17"]}, {"day": 10, "shift": "night", "rooms": ["r00", "r01", "r02", "r03", "r04", "r05", "r06", "r07", "r08", "r09", "r10", "r11", "r12", "r13", "r14", "r15", "r16", "r17"]}, {"day": 12, "shift": "early", "rooms": ["r00", "r01", "r02", "r03", "r04", "r05", "r06", "r07", "r08", "r09", "r10", "r11", "r12", "r13", "r14", "r15", "r16", "r17"]}, {"day": 13, "shift": "early", "rooms": ["r00", "r01", "r02", "r03", "r04", "r05", "r06", "r07", "r08", "r09", "r10", "r11", "r12", "r13", "r14", "r15", "r16", "r17"]}, {"day": 14, "shift": "early", "rooms": ["r00", "r01", "r02", "r03", "r04", "r05", "r06", "r07", "r08", "r09", "r10", "r11", "r12", "r13", "r14", "r15", "r16", "r17"]}, {"day": 19, "shift": "late", "rooms": ["r00", "r01", "r02", "r03", "r04", "r05", "r06", "r07", "r08", "r09", "r10", "r11", "r12", "r13", "r14", "r15", "r16", "r17"]}, {"day": 20, "shift": "late", "rooms": ["r00", "r01", "r02", "r03", "r04", "r05", "r06", "r07", "r08", "r09", "r10", "r11", "r12", "r13", "r14", "r15", "r16", "r17"]}, {"day": 25, "shift": "night", "rooms": ["r00", "r01", "r02", "r03", "r04", "r05", "r06", "r07", "r08", "r09", "r10", "r11", "r12", "r13", "r14", "r15", "r16", "r17"]}, {"day": 27, "shift": "early", "rooms": ["r00", "r01", "r02", "r03", "r04", "r05", "r06", "r07", "r08", "r09", "r10", "r11", "r12", "r13", "r14", "r15", "r16", "r17"]}]}, {"id": "n002", "assignments": [{"day": 1, "shift": "night", "rooms": ["r03", "r04", "r05", "r06", "r07"]}, {"day": 2, "shift": "night", "rooms": ["r07", "r08", "r09", "r10", "r11", "r12", "r13", "r14", "r15", "r16", "r17"]}, {"day": 3, "shift": "night", "rooms": ["r00", "r01", "r02"]}, {"day": 5, "shift": "early", "rooms": ["r00", "r01", "r02"]}, {"day": 6, "shift": "late", "rooms": ["r00", "r01", "r02", "r03", "r04", "r05"]}, {"day": 8, "shift": "early", "rooms": ["r04", "r05", "r06", "r07", "r08", "r09", "r10", "r11", "r12", "r13", "r14", "r15", "r16", "r17"]}, {"day": 9, "shift": "early", "rooms": ["r03", "r04", "r05", "r06", "r07", "r08", "r09", "r10", "r11", "r12", "r13", "r14", "r15", "r16", "r17"]}, {"day": 11, "shift": "late", "rooms": ["r00", "r01", "r02", "r03", "r04", "r05", "r06", "r07", "r08", "r09", "r10", "r11", "r12", "r13", "r14", "r15", "r16", "r17"]}, {"day": 13, "shift": "night", "rooms": ["r00", "r01", "r02", "r03", "r04", "r05", "r06", "r07", "r08", "r09", "r10", "r11", "r12", "r13", "r14", "r15", "r16", "r17"]}, {"day": 17, "shift": "early", "rooms": ["r00", "r01", "r02", "r03", "r04", "r05", "r06", "r07", "r08", "r09", "r10", "r11", "r12", "r13", "r14", "r15", "r16", "r17"]}, {"day": 18, "shift": "early", "rooms": ["r00", "r01", "r02", "r03", "r04", "r05", "r06", "r07", "r08", "r09", "r10", "r11", "r12", "r13", "r14", "r15", "r16", "r17"]}, {"day": 19, "shift": "early", "rooms": ["r00", "r01", "r02", "r03", "r04", "r05", "r06", "r07", "r08", "r09", "r10", "r11", "r12", "r13", "r14", "r15", "r16", "r17"]}, {"day": 20, "shift": "early", "rooms": ["r00", "r01", "r02", "r03", "r04", "r05", "r06", "r07", "r08", "r09", "r10", "r11", "r12", "r13", "r14", "r15", "r16", "r17"]}, {"day": 26, "shift": "late", "rooms": ["r00", "r01", "r02", "r03", "r04", "r05", "r06", "r07", "r08", "r09", "r10", "r11", "r12", "r13", "r14", "r15", "r16", "r17"]}, {"day": 27, "shift": "night", "rooms": ["r00", "r01", "r02", "r03", "r04", "r05", "r06", "r07", "r08", "r09", "r10", "r11", "r12", "r13", "r14", "r15", "r16", "r17"]}]}, {"id": "n003", "assignments": [{"day": 1, "shift": "late", "rooms": ["r02", "r03", "r04"]}, {"day": 2, "shift": "late", "rooms": ["r00"]}, {"day": 4, "shift": "early", "rooms": ["r00", "r01", "r02", "r03"]}, {"day": 5, "shift": "early", "rooms": ["r03", "r04", "r05", "r06", "r07", "r08"]}, {"day": 6, "shift": "late", "rooms": ["r06", "r07", "r08", "r09", "r10", "r11", "r12", "r13", "r14", "r15", "r16", "r17"]}, {"day": 8, "shift": "late", "rooms": ["r17", "r00", "r01", "r02", "r16", "r11", "r04", "r09", "r12", "r14", "r03", "r05", "r10", "r06", "r08", "r07", "r13", "r15"]}, {"day": 14, "shift": "late", "rooms": ["r00", "r01", "r02", "r03", "r04", "r05", "r06", "r07", "r08", "r09", "r10", "r11", "r12", "r13", "r14", "r15", "r16", "r17"]}, {"day": 15, "shift": "late", "rooms": ["r00", "r01", "r02", "r03", "r04", "r05", "r06", "r07", "r08", "r09", "r10", "r11", "r12", "r13", "r14", "r15", "r16", "r17"]}, {"day": 22, "shift": "early", "rooms": ["r00", "r01", "r02", "r03", "r04", "r05", "r06", "r07", "r08", "r09", "r10", "r11", "r12", "r13", "r14", "r15", "r16", "r17"]}, {"day": 25, "shift": "early", "rooms": ["r00", "r01", "r02", "r03", "r04", "r05", "r06", "r07", "r08", "r09", "r10", "r11", "r12", "r13", "r14", "r15", "r16", "r17"]}, {"day": 26, "shift": "early", "rooms": ["r00", "r01", "r02", "r03", "r04", "r05", "r06", "r07", "r08", "r09", "r10", "r11", "r12", "r13", "r14", "r15", "r16", "r17"]}]}, {"id": "n004", "assignments": [{"day": 1, "shift": "night", "rooms": ["r08", "r09", "r10", "r11", "r12", "r13", "r14", "r15", "r16", "r17"]}, {"day": 3, "shift": "night", "rooms": ["r03", "r04", "r05", "r06", "r07"]}, {"day": 4, "shift": "night", "rooms": ["r00", "r01", "r02", "r03", "r04", "r05", "r06"]}, {"day": 5, "shift": "night", "rooms": ["r07", "r08", "r09", "r10", "r11", "r12", "r13", "r14", "r15", "r16", "r17"]}, {"day": 7, "shift": "late", "rooms": ["r00", "r01", "r02", "r03", "r04", "r05"]}, {"day": 9, "shift": "late", "rooms": ["r00", "r01", "r02", "r03", "r04", "r05", "r06", "r07", "r08", "r09", "r10", "r11", "r12", "r13", "r14", "r15", "r16", "r17"]}, {"day": 11, "shift": "night", "rooms": ["r00", "r01", "r02", "r03", "r04", "r05", "r06", "r07", "r08", "r09", "r10", "r11", "r12", "r13", "r14", "r15", "r16", "r17"]}, {"day": 12, "shift": "night", "rooms": ["r00", "r01", "r02", "r03", "r04", "r05", "r06", "r07", "r08", "r09", "r10", "r11", "r12", "r13", "r14", "r15", "r16", "r17"]}, {"day": 15, "shift": "early", "rooms": ["r00", "r01", "r02", "r03", "r04", "r05", "r06", "r07", "r08", "r09", "r10", "r11", "r12", "r13", "r14", "r15", "r16", "r17"]}, {"day": 16, "shift": "early", "rooms": ["r00", "r01", "r02", "r03", "r04", "r05", "r06", "r07", "r08", "r09", "r10", "r11", "r12", "r13", "r14", "r15", "r16", "r17"]}, {"day": 26, "shift": "early", "rooms": ["r06"]}]}, {"id": "n005", "assignments": [{"day": 0, "shift": "early", "rooms": ["r00", "r01", "r02", "r03", "r04"]}, {"day": 1, "shift": "late", "rooms": ["r05", "r06", "r07"]}, {"day": 2, "shift": "late", "rooms": ["r01", "r02"]}, {"day": 3, "shift": "night", "rooms": ["r08", "r09", "r10", "r11", "r12", "r13", "r14", "r15", "r16", "r17"]}, {"day": 16, "shift": "late", "rooms": ["r00", "r01", "r02", "r03", "r04", "r05", "r06", "r07", "r08", "r09", "r10", "r11", "r12", "r13", "r14", "r15", "r16", "r17"]}, {"day": 23, "shift": "night", "rooms": ["r00", "r01", "r02", "r03", "r04", "r05", "r06", "r07", "r08", "r09", "r10", "r11", "r12", "r13", "r14", "r15", "r16", "r17"]}, {"day": 24, "shift": "night", "rooms": ["r00", "r01", "r02", "r03", "r04", "r05", "r06", "r07", "r08", "r09", "r10", "r11", "r12", "r13", "r14", "r15", "r16", "r17"]}]}, {"id": "n006", "assignments": [{"day": 0, "shift": "early", "rooms": ["r05", "r06", "r07", "r08", "r09", "r10", "r11", "r12", "r13", "r14", "r15", "r16"]}, {"day": 1, "shift": "early", "rooms": ["r00", "r01"]}, {"day": 2, "shift": "late", "rooms": ["r03", "r04", "r05", "r06"]}, {"day": 3, "shift": "late", "rooms": ["r00", "r01"]}, {"day": 4, "shift": "late", "rooms": ["r07", "r08", "r09", "r10", "r11", "r12", "r13", "r14", "r15", "r16", "r17"]}, {"day": 6, "shift": "early", "rooms": ["r00", "r01", "r02", "r03", "r04", "r05", "r06", "r07", "r08", "r09", "r10", "r11", "r12", "r13", "r14", "r15", "r16", "r17"]}, {"day": 18, "shift": "night", "rooms": ["r00", "r01", "r02", "r03", "r04", "r05", "r06", "r07", "r08", "r09", "r10", "r11", "r12", "r13", "r14", "r15", "r16", "r17"]}, {"day": 21, "shift": "early", "rooms": ["r00", "r01", "r02", "r03", "r04", "r05", "r06", "r07", "r08", "r09", "r10", "r11", "r12", "r13", "r14", "r15", "r16", "r17"]}, {"day": 23, "shift": "early", "rooms": ["r00", "r01", "r02", "r03", "r04", "r05", "r06", "r07", "r08", "r09", "r10", "r11", "r12", "r13", "r14", "r15", "r16", "r17"]}, {"day": 20, "shift": "early", "rooms": ["r11"]}]}, {"id": "n007", "assignments": [{"day": 0, "shift": "night", "rooms": ["r00", "r01", "r02", "r03", "r04", "r05", "r06", "r07", "r08", "r09"]}, {"day": 2, "shift": "early", "rooms": ["r00", "r01"]}, {"day": 3, "shift": "early", "rooms": ["r00", "r01"]}, {"day": 5, "shift": "late", "rooms": ["r04", "r05", "r06", "r07", "r08"]}, {"day": 10, "shift": "late", "rooms": ["r00", "r01", "r02", "r03", "r04", "r05", "r06", "r07", "r08", "r09", "r10", "r11", "r12", "r13", "r14", "r15", "r16", "r17"]}, {"day": 27, "shift": "late", "rooms": ["r00", "r01", "r02", "r03", "r04", "r05", "r06", "r07", "r08", "r09", "r10", "r11", "r12", "r13", "r14", "r15", "r16", "r17"]}, {"day": 11, "shift": "late", "rooms": ["r00"]}, {"day": 26, "shift": "late", "rooms": ["r12", "r16"]}, {"day": 12, "shift": "night", "rooms": ["r03"]}]}, {"id": "n008", "assignments": [{"day": 0, "shift": "night", "rooms": ["r10", "r11", "r12", "r13", "r14", "r15", "r16", "r17"]}, {"day": 4, "shift": "early", "rooms": ["r04", "r05", "r06", "r07"]}, {"day": 5, "shift": "early", "rooms": ["r15", "r10", "r13", "r14", "r17", "r09", "r11", "r16"]}, {"day": 17, "shift": "late", "rooms": ["r00", "r01", "r02", "r03", "r04", "r05", "r06", "r07", "r08", "r09", "r10", "r11", "r12", "r13", "r14", "r15", "r16", "r17"]}]}, {"id": "n009", "assignments": [{"day": 1, "shift": "late", "rooms": ["r08", "r09", "r10", "r11", "r12", "r13", "r14", "r15", "r16"]}, {"day": 2, "shift": "late", "rooms": ["r07", "r08", "r09", "r10", "r11", "r12", "r13", "r14", "r15", "r16", "r17"]}, {"day": 3, "shift": "late", "rooms": ["r02", "r03", "r04", "r05", "r06"]}, {"day": 4, "shift": "night", "rooms": ["r07", "r08", "r09", "r10", "r11", "r12", "r13", "r14", "r15", "r16", "r17"]}, {"day": 18, "shift": "late", "rooms": ["r00", "r01", "r02", "r03", "r04", "r05", "r06", "r07", "r08", "r09", "r10", "r11", "r12", "r13", "r14", "r15", "r16", "r17"]}, {"day": 24, "shift": "early", "rooms": ["r00", "r01", "r02", "r03", "r04", "r05", "r06", "r07", "r08", "r09", "r10", "r11", "r12", "r13", "r14", "r15", "r16", "r17"]}, {"day": 5, "shift": "night", "rooms": ["r16"]}, {"day": 26, "shift": "late", "rooms": ["r07"]}]}, {"id": "n010", "assignments": [{"day": 2, "shift": "early", "rooms": ["r02", "r03", "r04"]}, {"day": 3, "shift": "early", "rooms": ["r02", "r03", "r04"]}]}, {"id": "n011", "assignments": [{"day": 1, "shift": "late", "rooms": ["r17"]}]}, {"id": "n012", "assignments": [{"day": 3, "shift": "early", "rooms": ["r05", "r06", "r07"]}, {"day": 4, "shift": "early", "rooms": ["r08", "r09", "r10", "r11", "r12", "r13", "r14", "r15", "r16", "r17"]}, {"day": 7, "shift": "late", "rooms": ["r06", "r07", "r08", "r09", "r10", "r11", "r12", "r13", "r14", "r15", "r16", "r17"]}, {"day": 20, "shift": "night", "rooms": ["r17", "r00", "r01", "r02", "r16", "r11", "r04", "r09", "r12", "r14", "r03", "r05", "r10", "r06", "r08", "r07", "r13", "r15"]}, {"day": 6, "shift": "early", "rooms": []}, {"day": 17, "shift": "early", "rooms": ["r12"]}]}, {"id": "n013", "assignments": [{"day": 2, "shift": "early", "rooms": ["r05", "r06"]}, {"day": 3, "shift": "early", "rooms": ["r08", "r09", "r10", "r11", "r12", "r13", "r14", "r15", "r16", "r17"]}, {"day": 5, "shift": "late", "rooms": ["r09", "r10", "r11", "r12", "r13", "r14", "r15", "r16", "r17"]}]}, {"id": "n015", "assignments": [{"day": 0, "shift": "early", "rooms": ["r17"]}, {"day": 1, "shift": "early", "rooms": ["r02", "r03", "r04"]}, {"day": 2, "shift": "early", "rooms": ["r07", "r08", "r09", "r10", "r11", "r12", "r13", "r14", "r15", "r16"]}, {"day": 8, "shift": "early", "rooms": ["r17"]}]}, {"id": "n016", "assignments": [{"day": 8, "shift": "night", "rooms": ["r01", "r04", "r15", "r02", "r10", "r00", "r05", "r03", "r14", "r09", "r12", "r17", "r06", "r08", "r13", "r11", "r16"]}, {"day": 13, "shift": "early", "rooms": ["r12"]}, {"day": 5, "shift": "early", "rooms": ["r12"]}]}, {"id": "n018", "assignments": [{"day": 3, "shift": "late", "rooms": ["r16", "r11", "r09", "r12", "r14", "r10", "r08", "r07", "r13", "r15"]}, {"day": 14, "shift": "night", "rooms": []}, {"day": 10, "shift": "late", "rooms": ["r16"]}, {"day": 11, "shift": "late", "rooms": ["r03"]}, {"day": 20, "shift": "early", "rooms": ["r10", "r15"]}, {"day": 9, "shift": "early", "rooms": ["r07"]}, {"day": 18, "shift": "early", "rooms": ["r17"]}]}, {"id": "n019", "assignments": [{"day": 1, "shift": "early", "rooms": ["r05", "r06", "r07", "r08", "r09"]}, {"day": 2, "shift": "early", "rooms": ["r15"]}, {"day": 15, "shift": "early", "rooms": ["r12"]}]}, {"id": "n020", "assignments": [{"day": 1, "shift": "early", "rooms": ["r13", "r15", "r12", "r10", "r16", "r17", "r14"]}, {"day": 21, "shift": "night", "rooms": ["r00", "r01", "r02", "r03", "r04", "r05", "r06", "r07", "r08", "r09", "r10", "r11", "r12", "r13", "r14", "r15", "r16", "r17"]}, {"day": 22, "shift": "night", "rooms": ["r00", "r01", "r02", "r03", "r04", "r05", "r06", "r07", "r08", "r09", "r10", "r11", "r12", "r13", "r14", "r15", "r16", "r17"]}, {"day": 0, "shift": "early", "rooms": ["r02"]}, {"day": 12, "shift": "early", "rooms": []}, {"day": 19, "shift": "early", "rooms": ["r11"]}]}], "room_allocation": {"(0, 'r00')": [["p078", "A", "elderly"]], "(0, 'r01')": [["a01", "B", "elderly"], ["p152", "B", "elderly"]], "(0, 'r02')": [["a13", "A", "elderly"]], "(0, 'r03')": [], "(0, 'r04')": [["a09", "A", "elderly"], ["a11", "A", "elderly"]], "(0, 'r05')": [], "(0, 'r06')": [["a03", "B", "elderly"]], "(0, 'r07')": [["a00", "A", "elderly"], ["a08", "A", "elderly"]], "(0, 'r08')": [["a12", "B", "elderly"]], "(0, 'r09')": [["a02", "B", "elderly"]], "(0, 'r10')": [["a06", "B", "elderly"], ["a10", "B", "elderly"]], "(0, 'r11')": [["a05", "A", "infant"], ["a07", "A", "elderly"]], "(0, 'r12')": [], "(0, 'r13')": [], "(0, 'r14')": [["p063", "A", "elderly"]], "(0, 'r15')": [], "(0, 'r16')": [["a04", "B", "elderly"]], "(0, 'r17')": [["a14", "B", "elderly"], ["p020", "B", "adult"]], "(1, 'r00')": [["p017", "A", "elderly"], ["p111", "A", "adult"], ["p271", "A", "elderly"], ["p078", "A", "elderly"]], "(1, 'r01')": [["a01", "B", "elderly"], ["p152", "B", "elderly"], ["p046", "B", "elderly"]], "(1, 'r02')": [["a13", "A", "elderly"], ["p058", "A", "elderly"], ["p244", "A", "adult"]], "(1, 'r03')": [["p223", "A", "elderly"], ["p251", "A", "elderly"]], "(1, 'r04')": [["a09", "A", "elderly"], ["a11", "A", "elderly"]], "(1, 'r05')": [["p138", "B", "elderly"]], "(1, 'r06')": [["a03", "B", "elderly"], ["p056", "B", "elderly"]], "(1, 'r07')": [["a08", "A", "elderly"]], "(1, 'r08')": [["a12", "B", "elderly"]], "(1, 'r09')": [["a02", "B", "elderly"]], "(1, 'r10')": [["p154", "B", "elderly"]], "(1, 'r11')": [], "(1, 'r12')": [["p027", "B", "elderly"]], "(1, 'r13')": [], "(1, 'r14')": [["p063", "A", "elderly"]], "(1, 'r15')": [["p247", "B", "adult"]], "(1, 'r16')": [["a04", "B", "elderly"]], "(1, 'r17')": [["p020", "B", "adult"]], "(2, 'r00')": [["p017", "A", "elderly"], ["p111", "A", "adult"], ["p271", "A", "elderly"]], "(2, 'r01')": [["a01", "B", "elderly"], ["p152", "B", "elderly"], ["p046", "B", "elderly"]], "(2, 'r02')": [["p058", "A", "elderly"], ["p244", "A", "adult"], ["p045", "A", "elderly"]], "(2, 'r03')": [["p223", "A", "elderly"], ["p251", "A", "elderly"]], "(2, 'r04')": [["a11", "A", "elderly"]], "(2, 'r05')": [["p121", "B", "elderly"], ["p091", "B", "elderly"], ["p138", "B", "elderly"]], "(2, 'r06')": [["a03", "B", "elderly"], ["p056", "B", "elderly"], ["p026", "B", "elderly"], ["p301", "B", "elderly"]], "(2, 'r07')": [["a08", "A", "elderly"]], "(2, 'r08')": [["a12", "B", "elderly"]], "(2, 'r09')": [["a02", "B", "elderly"]], "(2, 'r10')": [["p154", "B", "elderly"]], "(2, 'r11')": [["p248", "A", "elderly"], ["p274", "A", "elderly"], ["p299", "A", "elderly"]], "(2, 'r12')": [["p285", "B", "elderly"], ["p027", "B", "elderly"], ["p249", "B", "adult"]], "(2, 'r13')": [["p231", "A", "adult"]], "(2, 'r14')": [], "(2, 'r15')": [["p247", "B", "adult"]], "(2, 'r16')": [["a04", "B", "elderly"]], "(2, 'r17')": [], "(3, 'r00')": [["p017", "A", "elderly"], ["p111", "A", "adult"], ["p281", "A", "elderly"], ["p295", "A", "elderly"]], "(3, 'r01')": [["a01", "B", "elderly"], ["p152", "B", "elderly"], ["p011", "B", "elderly"]], "(3, 'r02')": [["p058", "A", "elderly"], ["p244", "A", "adult"], ["p045", "A", "elderly"], ["p032", "A", "elderly"]], "(3, 'r03')": [["p007", "B", "elderly"]], "(3, 'r04')": [["a11", "A", "elderly"]], "(3, 'r05')": [["p121", "B", "elderly"], ["p091", "B", "elderly"], ["p322", "B", "elderly"]], "(3, 'r06')": [["a03", "B", "elderly"], ["p056", "B", "elderly"], ["p026", "B", "elderly"], ["p301", "B", "elderly"]], "(3, 'r07')": [["a08", "A", "elderly"], ["p268", "A", "elderly"]], "(3, 'r08')": [["a12", "B", "elderly"]], "(3, 'r09')": [["a02", "B", "elderly"], ["p073", "B", "elderly"]], "(3, 'r10')": [["p008", "B", "adult"]], "(3, 'r11')": [["p248", "A", "elderly"], ["p274", "A", "elderly"], ["p299", "A", "elderly"]], "(3, 'r12')": [["p285", "B", "elderly"], ["p027", "B", "elderly"], ["p249", "B", "adult"]], "(3, 'r13')": [["p231", "A", "adult"]], "(3, 'r14')": [["p147", "B", "elderly"]], "(3, 'r15')": [["p247", "B", "adult"], ["p315", "B", "infant"]], "(3, 'r16')": [["p236", "B", "elderly"]], "(3, 'r17')": [], "(4, 'r00')": [["p017", "A", "elderly"], ["p281", "A", "elderly"], ["p036", "A", "elderly"], ["p295", "A", "elderly"]], "(4, 'r01')": [["p011", "B", "elderly"]], "(4, 'r02')": [["p058", "A", "elderly"], ["p244", "A", "adult"], ["p045", "A", "elderly"], ["p032", "A", "elderly"]], "(4, 'r03')": [["p007", "B", "elderly"], ["p163", "B", "elderly"]], "(4, 'r04')": [["a11", "A", "elderly"]], "(4, 'r05')": [["p091", "B", "elderly"], ["p159", "B", "elderly"], ["p322", "B", "elderly"]], "(4, 'r06')": [["a03", "B", "elderly"], ["p056", "B", "elderly"], ["p026", "B", "elderly"]], "(4, 'r07')": [["a08", "A", "elderly"], ["p268", "A", "elderly"]], "(4, 'r08')": [["p049", "A", "elderly"], ["p118", "A", "elderly"]], "(4, 'r09')": [["a02", "B", "elderly"], ["p073", "B", "elderly"], ["p250", "B", "elderly"]], "(4, 'r10')": [["p008", "B", "adult"], ["p275", "B", "adult"]], "(4, 'r11')": [["p248", "A", "elderly"], ["p274", "A", "elderly"]], "(4, 'r12')": [["p285", "B", "elderly"], ["p027", "B", "elderly"], ["p135", "B", "infant"]], "(4, 'r13')": [["p276", "B", "elderly"]], "(4, 'r14')": [["p147", "B", "elderly"]], "(4, 'r15')": [["p247", "B", "adult"], ["p315", "B", "infant"]], "(4, 'r16')": [["p079", "B", "elderly"], ["p236", "B", "elderly"], ["p240", "B", "elderly"]], "(4, 'r17')": [["p175", "B", "infant"]], "(5, 'r00')": [["p017", "A", "elderly"], ["p281", "A", "elderly"], ["p036", "A", "elderly"], ["p188", "A", "adult"]], "(5, 'r01')": [["p011", "B", "elderly"]], "(5, 'r02')": [["p244", "A", "adult"], ["p045", "A", "elderly"], ["p032", "A", "elderly"]], "(5, 'r03')": [["p007", "B", "elderly"], ["p163", "B", "elderly"]], "(5, 'r04')": [["a11", "A", "elderly"]], "(5, 'r05')": [["p123", "B", "adult"], ["p159", "B", "elderly"], ["p322", "B", "elderly"]], "(5, 'r06')": [["a03", "B", "elderly"], ["p056", "B", "elderly"], ["p026", "B", "elderly"]], "(5, 'r07')": [["a08", "A", "elderly"], ["p268", "A", "elderly"]], "(5, 'r08')": [["p049", "A", "elderly"], ["p118", "A", "elderly"]], "(5, 'r09')": [["a02", "B", "elderly"], ["p073", "B", "elderly"], ["p250", "B", "elderly"]], "(5, 'r10')": [["p008", "B", "adult"], ["p275", "B", "adult"]], "(5, 'r11')": [["p248", "A", "elderly"], ["p274", "A", "elderly"]], "(5, 'r12')": [["p285", "B", "elderly"], ["p135", "B", "infant"]], "(5, 'r13')": [["p106", "B", "elderly"], ["p276", "B", "elderly"]], "(5, 'r14')": [["p015", "B", "elderly"], ["p147", "B", "elderly"]], "(5, 'r15')": [["p247", "B", "adult"], ["p315", "B", "infant"]], "(5, 'r16')": [["p079", "B", "elderly"], ["p236", "B", "elderly"], ["p240", "B", "elderly"]], "(5, 'r17')": [["p019", "B", "elderly"], ["p030", "B", "elderly"], ["p175", "B", "infant"]], "(6, 'r00')": [["p017", "A", "elderly"], ["p281", "A", "elderly"], ["p188", "A", "adult"]], "(6, 'r01')": [], "(6, 'r02')": [["p244", "A", "adult"], ["p032", "A", "elderly"]], "(6, 'r03')": [["p007", "B", "elderly"], ["p163", "B", "elderly"]], "(6, 'r04')": [], "(6, 'r05')": [["p123", "B", "adult"]], "(6, 'r06')": [], "(6, 'r07')": [], "(6, 'r08')": [["p049", "A", "elderly"], ["p118", "A", "elderly"]], "(6, 'r09')": [["a02", "B", "elderly"], ["p073", "B", "elderly"], ["p250", "B", "elderly"]], "(6, 'r10')": [["p008", "B", "adult"], ["p275", "B", "adult"]], "(6, 'r11')": [["p248", "A", "elderly"]], "(6, 'r12')": [["p285", "B", "elderly"], ["p135", "B", "infant"]], "(6, 'r13')": [["p106", "B", "elderly"], ["p276", "B", "elderly"]], "(6, 'r14')": [["p015", "B", "elderly"]], "(6, 'r15')": [["p315", "B", "infant"]], "(6, 'r16')": [["p079", "B", "elderly"], ["p236", "B", "elderly"], ["p240", "B", "elderly"]], "(6, 'r17')": [["p019", "B", "elderly"], ["p030", "B", "elderly"], ["p175", "B", "infant"]], "(7, 'r00')": [["p017", "A", "elderly"], ["p281", "A", "elderly"]], "(7, 'r01')": [["p158", "A", "elderly"], ["p218", "A", "elderly"]], "(7, 'r02')": [["p244", "A", "adult"]], "(7, 'r03')": [["p007", "B", "elderly"], ["p163", "B", "elderly"]], "(7, 'r04')": [["p269", "A", "elderly"]], "(7, 'r05')": [["p123", "B", "adult"], ["p214", "B", "adult"]], "(7, 'r06')": [], "(7, 'r07')": [], "(7, 'r08')": [["p049", "A", "elderly"], ["p118", "A", "elderly"]], "(7, 'r09')": [["p073", "B", "elderly"], ["p174", "B", "elderly"]], "(7, 'r10')": [["p008", "B", "adult"], ["p275", "B", "adult"]], "(7, 'r11')": [], "(7, 'r12')": [["p285", "B", "elderly"], ["p135", "B", "infant"]], "(7, 'r13')": [["p106", "B", "elderly"], ["p276", "B", "elderly"]], "(7, 'r14')": [["p015", "B", "elderly"]], "(7, 'r15')": [["p042", "B", "elderly"]], "(7, 'r16')": [["p157", "A", "elderly"]], "(7, 'r17')": [["p019", "B", "elderly"], ["p030", "B", "elderly"], ["p175", "B", "infant"]], "(8, 'r00')": [["p262", "A", "elderly"], ["p283", "A", "elderly"]], "(8, 'r01')": [["p158", "A", "elderly"], ["p162", "A", "elderly"], ["p218", "A", "elderly"]], "(8, 'r02')": [["p244", "A", "adult"], ["p071", "A", "elderly"], ["p104", "A", "elderly"]], "(8, 'r03')": [["p067", "B", "elderly"], ["p149", "B", "elderly"]], "(8, 'r04')": [["p269", "A", "elderly"]], "(8, 'r05')": [["p123", "B", "adult"], ["p197", "B", "elderly"], ["p214", "B", "adult"]], "(8, 'r06')": [["p307", "A", "elderly"]], "(8, 'r07')": [], "(8, 'r08')": [], "(8, 'r09')": [["p174", "B", "elderly"]], "(8, 'r10')": [["p193", "B", "elderly"]], "(8, 'r11')": [["p215", "B", "infant"]], "(8, 'r12')": [["p205", "A", "elderly"]], "(8, 'r13')": [["p106", "B", "elderly"], ["p276", "B", "elderly"]], "(8, 'r14')": [["p243", "A", "elderly"]], "(8, 'r15')": [["p042", "B", "elderly"]], "(8, 'r16')": [["p157", "A", "elderly"]], "(8, 'r17')": [["p030", "B", "elderly"], ["p081", "B", "elderly"], ["p145", "B", "elderly"], ["p148", "B", "elderly"]], "(9, 'r00')": [["p278", "A", "elderly"], ["p021", "A", "elderly"], ["p262", "A", "elderly"], ["p283", "A", "elderly"]], "(9, 'r01')": [["p158", "A", "elderly"], ["p162", "A", "elderly"], ["p218", "A", "elderly"]], "(9, 'r02')": [["p244", "A", "adult"], ["p071", "A", "elderly"], ["p104", "A", "elderly"]], "(9, 'r03')": [["p067", "B", "elderly"], ["p149", "B", "elderly"]], "(9, 'r04')": [["p228", "A", "elderly"], ["p269", "A", "elderly"]], "(9, 'r05')": [["p197", "B", "elderly"], ["p214", "B", "adult"], ["p258", "B", "adult"]], "(9, 'r06')": [["p307", "A", "elderly"]], "(9, 'r07')": [["p227", "A", "elderly"]], "(9, 'r08')": [["p143", "B", "elderly"]], "(9, 'r09')": [["p174", "B", "elderly"], ["p235", "B", "elderly"]], "(9, 'r10')": [["p193", "B", "elderly"]], "(9, 'r11')": [["p003", "B", "elderly"], ["p062", "B", "elderly"], ["p215", "B", "infant"]], "(9, 'r12')": [["p205", "A", "elderly"], ["p170", "A", "elderly"]], "(9, 'r13')": [["p097", "A", "adult"]], "(9, 'r14')": [["p243", "A", "elderly"]], "(9, 'r15')": [["p042", "B", "elderly"]], "(9, 'r16')": [["p120", "B", "elderly"], ["p217", "B", "elderly"]], "(9, 'r17')": [["p076", "B", "elderly"], ["p081", "B", "elderly"], ["p145", "B", "elderly"], ["p148", "B", "elderly"]], "(10, 'r00')": [["p278", "A", "elderly"], ["p021", "A", "elderly"], ["p262", "A", "elderly"], ["p283", "A", "elderly"]], "(10, 'r01')": [["p162", "A", "elderly"], ["p218", "A", "elderly"]], "(10, 'r02')": [["p244", "A", "adult"], ["p071", "A", "elderly"], ["p104", "A", "elderly"]], "(10, 'r03')": [["p149", "B", "elderly"]], "(10, 'r04')": [["p228", "A", "elderly"]], "(10, 'r05')": [["p197", "B", "elderly"], ["p214", "B", "adult"], ["p258", "B", "adult"]], "(10, 'r06')": [["p307", "A", "elderly"]], "(10, 'r07')": [["p227", "A", "elderly"]], "(10, 'r08')": [["p143", "B", "elderly"]], "(10, 'r09')": [["p235", "B", "elderly"]], "(10, 'r10')": [["p193", "B", "elderly"]], "(10, 'r11')": [["p003", "B", "elderly"], ["p062", "B", "elderly"], ["p215", "B", "infant"]], "(10, 'r12')": [["p205", "A", "elderly"], ["p170", "A", "elderly"]], "(10, 'r13')": [["p097", "A", "adult"]], "(10, 'r14')": [], "(10, 'r15')": [], "(10, 'r16')": [["p120", "B", "elderly"], ["p217", "B", "elderly"]], "(10, 'r17')": [["p076", "B", "elderly"], ["p081", "B", "elderly"], ["p145", "B", "elderly"]], "(11, 'r00')": [["p278", "A", "elderly"], ["p021", "A", "elderly"], ["p292", "A", "elderly"]], "(11, 'r01')": [["p162", "A", "elderly"], ["p218", "A", "elderly"]], "(11, 'r02')": [["p071", "A", "elderly"], ["p104", "A", "elderly"], ["p136", "A", "elderly"], ["p233", "A", "adult"]], "(11, 'r03')": [["p128", "A", "elderly"]], "(11, 'r04')": [["p228", "A", "elderly"]], "(11, 'r05')": [["p197", "B", "elderly"], ["p214", "B", "adult"]], "(11, 'r06')": [["p307", "A", "elderly"]], "(11, 'r07')": [["p227", "A", "elderly"]], "(11, 'r08')": [["p143", "B", "elderly"], ["p132", "B", "adult"], ["p140", "B", "elderly"]], "(11, 'r09')": [["p022", "B", "elderly"], ["p235", "B", "elderly"]], "(11, 'r10')": [], "(11, 'r11')": [["p003", "B", "elderly"], ["p062", "B", "elderly"], ["p165", "B", "infant"]], "(11, 'r12')": [["p205", "A", "elderly"]], "(11, 'r13')": [["p097", "A", "adult"]], "(11, 'r14')": [["p229", "A", "elderly"], ["p310", "A", "elderly"]], "(11, 'r15')": [["p009", "B", "elderly"]], "(11, 'r16')": [["p120", "B", "elderly"], ["p217", "B", "elderly"]], "(11, 'r17')": [["p076", "B", "elderly"], ["p081", "B", "elderly"], ["p145", "B", "elderly"]], "(12, 'r00')": [["p025", "A", "elderly"], ["p278", "A", "elderly"], ["p021", "A", "elderly"], ["p292", "A", "elderly"]], "(12, 'r01')": [], "(12, 'r02')": [["p104", "A", "elderly"], ["p136", "A", "elderly"], ["p233", "A", "adult"]], "(12, 'r03')": [["p128", "A", "elderly"]], "(12, 'r04')": [["p228", "A", "elderly"]], "(12, 'r05')": [["p092", "B", "elderly"], ["p186", "B", "adult"], ["p197", "B", "elderly"]], "(12, 'r06')": [["p178", "B", "elderly"]], "(12, 'r07')": [["p227", "A", "elderly"]], "(12, 'r08')": [["p143", "B", "elderly"], ["p132", "B", "adult"], ["p140", "B", "elderly"]], "(12, 'r09')": [["p022", "B", "elderly"], ["p167", "B", "elderly"], ["p235", "B", "elderly"]], "(12, 'r10')": [], "(12, 'r11')": [["p003", "B", "elderly"], ["p062", "B", "elderly"], ["p165", "B", "infant"]], "(12, 'r12')": [["p287", "B", "elderly"]], "(12, 'r13')": [["p317", "B", "elderly"], ["p323", "B", "adult"]], "(12, 'r14')": [["p229", "A", "elderly"], ["p310", "A", "elderly"]], "(12, 'r15')": [["p009", "B", "elderly"], ["p204", "B", "elderly"]], "(12, 'r16')": [["p293", "B", "elderly"]], "(12, 'r17')": [["p076", "B", "elderly"], ["p081", "B", "elderly"], ["p324", "B", "elderly"]], "(13, 'r00')": [["p025", "A", "elderly"], ["p292", "A", "elderly"]], "(13, 'r01')": [["p282", "B", "elderly"]], "(13, 'r02')": [["p136", "A", "elderly"], ["p233", "A", "adult"]], "(13, 'r03')": [["p128", "A", "elderly"]], "(13, 'r04')": [["p298", "A", "adult"]], "(13, 'r05')": [["p092", "B", "elderly"], ["p186", "B", "adult"]], "(13, 'r06')": [["p054", "B", "elderly"], ["p100", "B", "elderly"], ["p178", "B", "elderly"], ["p241", "B", "elderly"]], "(13, 'r07')": [], "(13, 'r08')": [["p143", "B", "elderly"], ["p132", "B", "adult"], ["p140", "B", "elderly"]], "(13, 'r09')": [["p022", "B", "elderly"], ["p167", "B", "elderly"], ["p235", "B", "elderly"]], "(13, 'r10')": [["p279", "B", "elderly"]], "(13, 'r11')": [["p003", "B", "elderly"], ["p113", "B", "elderly"], ["p165", "B", "infant"]], "(13, 'r12')": [["p287", "B", "elderly"]], "(13, 'r13')": [["p033", "B", "elderly"], ["p317", "B", "elderly"], ["p323", "B", "adult"]], "(13, 'r14')": [["p229", "A", "elderly"], ["p310", "A", "elderly"]], "(13, 'r15')": [["p009", "B", "elderly"], ["p204", "B", "elderly"]], "(13, 'r16')": [["p293", "B", "elderly"]], "(13, 'r17')": [["p324", "B", "elderly"]], "(14, 'r00')": [["p025", "A", "elderly"], ["p292", "A", "elderly"]], "(14, 'r01')": [["p282", "B", "elderly"]], "(14, 'r02')": [["p136", "A", "elderly"], ["p233", "A", "adult"]], "(14, 'r03')": [["p199", "A", "adult"]], "(14, 'r04')": [["p298", "A", "adult"]], "(14, 'r05')": [["p092", "B", "elderly"], ["p186", "B", "adult"], ["p321", "B", "adult"]], "(14, 'r06')": [["p054", "B", "elderly"], ["p100", "B", "elderly"], ["p241", "B", "elderly"]], "(14, 'r07')": [], "(14, 'r08')": [["p143", "B", "elderly"], ["p116", "B", "elderly"], ["p132", "B", "adult"]], "(14, 'r09')": [["p088", "B", "adult"]], "(14, 'r10')": [["p279", "B", "elderly"]], "(14, 'r11')": [["p113", "B", "elderly"], ["p165", "B", "infant"]], "(14, 'r12')": [["p287", "B", "elderly"]], "(14, 'r13')": [["p016", "B", "elderly"], ["p033", "B", "elderly"], ["p317", "B", "elderly"]], "(14, 'r14')": [["p229", "A", "elderly"], ["p310", "A", "elderly"]], "(14, 'r15')": [["p204", "B", "elderly"]], "(14, 'r16')": [["p293", "B", "elderly"]], "(14, 'r17')": [["p319", "B", "elderly"], ["p324", "B", "elderly"]], "(15, 'r00')": [["p025", "A", "elderly"], ["p292", "A", "elderly"]], "(15, 'r01')": [["p296", "B", "elderly"]], "(15, 'r02')": [["p136", "A", "elderly"], ["p233", "A", "adult"]], "(15, 'r03')": [["p199", "A", "adult"]], "(15, 'r04')": [["p298", "A", "adult"]], "(15, 'r05')": [["p321", "B", "adult"]], "(15, 'r06')": [["p054", "B", "elderly"], ["p241", "B", "elderly"]], "(15, 'r07')": [], "(15, 'r08')": [["p116", "B", "elderly"]], "(15, 'r09')": [["p088", "B", "adult"]], "(15, 'r10')": [], "(15, 'r11')": [], "(15, 'r12')": [], "(15, 'r13')": [["p016", "B", "elderly"], ["p033", "B", "elderly"]], "(15, 'r14')": [["p310", "A", "elderly"]], "(15, 'r15')": [["p308", "A", "elderly"]], "(15, 'r16')": [["p293", "B", "elderly"]], "(15, 'r17')": [["p319", "B", "elderly"]], "(16, 'r00')": [], "(16, 'r01')": [["p296", "B", "elderly"]], "(16, 'r02')": [["p225", "B", "elderly"]], "(16, 'r03')": [["p199", "A", "adult"]], "(16, 'r04')": [], "(16, 'r05')": [["p321", "B", "adult"]], "(16, 'r06')": [["p054", "B", "elderly"], ["p241", "B", "elderly"]], "(16, 'r07')": [["p051", "B", "elderly"], ["p309", "B", "elderly"]], "(16, 'r08')": [["p116", "B", "elderly"]], "(16, 'r09')": [["p088", "B", "adult"]], "(16, 'r10')": [], "(16, 'r11')": [["p034", "B", "elderly"], ["p253", "B", "elderly"]], "(16, 'r12')": [], "(16, 'r13')": [["p016", "B", "elderly"], ["p033", "B", "elderly"]], "(16, 'r14')": [], "(16, 'r15')": [["p257", "A", "elderly"], ["p308", "A", "elderly"]], "(16, 'r16')": [["p083", "B", "adult"]], "(16, 'r17')": [["p072", "B", "elderly"], ["p260", "B", "elderly"], ["p319", "B", "elderly"]], "(17, 'r00')": [], "(17, 'r01')": [["p296", "B", "elderly"]], "(17, 'r02')": [["p225", "B", "elderly"]], "(17, 'r03')": [["p199", "A", "adult"]], "(17, 'r04')": [["p119", "A", "adult"]], "(17, 'r05')": [["p090", "B", "adult"]], "(17, 'r06')": [["p054", "B", "elderly"], ["p241", "B", "elderly"]], "(17, 'r07')": [["p051", "B", "elderly"], ["p309", "B", "elderly"]], "(17, 'r08')": [["p116", "B", "elderly"]], "(17, 'r09')": [["p088", "B", "adult"]], "(17, 'r10')": [], "(17, 'r11')": [["p034", "B", "elderly"], ["p253", "B", "elderly"]], "(17, 'r12')": [["p012", "A", "elderly"]], "(17, 'r13')": [["p016", "B", "elderly"], ["p033", "B", "elderly"]], "(17, 'r14')": [["p068", "A", "elderly"]], "(17, 'r15')": [["p257", "A", "elderly"], ["p308", "A", "elderly"]], "(17, 'r16')": [["p083", "B", "adult"]], "(17, 'r17')": [["p072", "B", "elderly"], ["p260", "B", "elderly"]], "(18, 'r00')": [["p010", "B", "elderly"]], "(18, 'r01')": [["p296", "B", "elderly"]], "(18, 'r02')": [["p225", "B", "elderly"]], "(18, 'r03')": [["p199", "A", "adult"]], "(18, 'r04')": [["p119", "A", "adult"]], "(18, 'r05')": [["p090", "B", "adult"]], "(18, 'r06')": [], "(18, 'r07')": [["p051", "B", "elderly"], ["p309", "B", "elderly"]], "(18, 'r08')": [], "(18, 'r09')": [], "(18, 'r10')": [], "(18, 'r11')": [["p034", "B", "elderly"]], "(18, 'r12')": [["p012", "A", "elderly"]], "(18, 'r13')": [["p016", "B", "elderly"]], "(18, 'r14')": [["p068", "A", "elderly"]], "(18, 'r15')": [["p257", "A", "elderly"], ["p308", "A", "elderly"]], "(18, 'r16')": [["p039", "B", "elderly"], ["p083", "B", "adult"]], "(18, 'r17')": [["p072", "B", "elderly"], ["p260", "B", "elderly"]], "(19, 'r00')": [["p010", "B", "elderly"]], "(19, 'r01')": [["p180", "A", "elderly"]], "(19, 'r02')": [["p160", "B", "elderly"], ["p225", "B", "elderly"], ["p284", "B", "adult"]], "(19, 'r03')": [], "(19, 'r04')": [["p070", "A", "elderly"], ["p133", "A", "elderly"]], "(19, 'r05')": [["p090", "B", "adult"]], "(19, 'r06')": [["p108", "A", "elderly"], ["p124", "A", "elderly"]], "(19, 'r07')": [["p051", "B", "elderly"], ["p277", "B", "elderly"]], "(19, 'r08')": [["p134", "B", "elderly"]], "(19, 'r09')": [], "(19, 'r10')": [], "(19, 'r11')": [["p034", "B", "elderly"], ["p105", "B", "elderly"], ["p173", "B", "elderly"]], "(19, 'r12')": [["p012", "A", "elderly"]], "(19, 'r13')": [], "(19, 'r14')": [["p068", "A", "elderly"]], "(19, 'r15')": [["p257", "A", "elderly"]], "(19, 'r16')": [["p039", "B", "elderly"]], "(19, 'r17')": [["p072", "B", "elderly"], ["p260", "B", "elderly"]], "(20, 'r00')": [["p010", "B", "elderly"]], "(20, 'r01')": [["p180", "A", "elderly"]], "(20, 'r02')": [["p160", "B", "elderly"], ["p284", "B", "adult"]], "(20, 'r03')": [], "(20, 'r04')": [["p070", "A", "elderly"], ["p133", "A", "elderly"]], "(20, 'r05')": [["p252", "A", "adult"]], "(20, 'r06')": [["p108", "A", "elderly"], ["p124", "A", "elderly"]], "(20, 'r07')": [["p051", "B", "elderly"], ["p277", "B", "elderly"]], "(20, 'r08')": [["p134", "B", "elderly"]], "(20, 'r09')": [], "(20, 'r10')": [["p052", "A", "elderly"]], "(20, 'r11')": [["p034", "B", "elderly"], ["p105", "B", "elderly"], ["p173", "B", "elderly"]], "(20, 'r12')": [], "(20, 'r13')": [["p006", "A", "adult"]], "(20, 'r14')": [["p141", "B", "elderly"]], "(20, 'r15')": [["p257", "A", "elderly"]], "(20, 'r16')": [["p039", "B", "elderly"]], "(20, 'r17')": [], "(21, 'r00')": [["p010", "B", "elderly"]], "(21, 'r01')": [["p180", "A", "elderly"]], "(21, 'r02')": [["p160", "B", "elderly"], ["p284", "B", "adult"]], "(21, 'r03')": [["p024", "A", "elderly"]], "(21, 'r04')": [["p070", "A", "elderly"], ["p133", "A", "elderly"]], "(21, 'r05')": [["p126", "A", "adult"], ["p252", "A", "adult"]], "(21, 'r06')": [["p108", "A", "elderly"], ["p124", "A", "elderly"]], "(21, 'r07')": [["p277", "B", "elderly"]], "(21, 'r08')": [["p044", "A", "elderly"], ["p216", "A", "elderly"], ["p291", "A", "elderly"]], "(21, 'r09')": [], "(21, 'r10')": [["p052", "A", "elderly"]], "(21, 'r11')": [["p034", "B", "elderly"], ["p105", "B", "elderly"], ["p173", "B", "elderly"]], "(21, 'r12')": [], "(21, 'r13')": [["p006", "A", "adult"]], "(21, 'r14')": [["p057", "B", "adult"], ["p141", "B", "elderly"]], "(21, 'r15')": [["p208", "B", "elderly"], ["p164", "B", "adult"]], "(21, 'r16')": [["p142", "A", "elderly"], ["p156", "A", "elderly"]], "(21, 'r17')": [], "(22, 'r00')": [["p035", "B", "elderly"], ["p066", "B", "elderly"]], "(22, 'r01')": [["p005", "A", "elderly"], ["p180", "A", "elderly"]], "(22, 'r02')": [["p284", "B", "adult"]], "(22, 'r03')": [["p024", "A", "elderly"]], "(22, 'r04')": [["p070", "A", "elderly"], ["p133", "A", "elderly"]], "(22, 'r05')": [["p126", "A", "adult"], ["p252", "A", "adult"]], "(22, 'r06')": [["p108", "A", "elderly"], ["p124", "A", "elderly"]], "(22, 'r07')": [["p238", "A", "adult"]], "(22, 'r08')": [["p044", "A", "elderly"], ["p216", "A", "elderly"], ["p291", "A", "elderly"]], "(22, 'r09')": [["p314", "B", "adult"]], "(22, 'r10')": [["p052", "A", "elderly"]], "(22, 'r11')": [["p086", "A", "elderly"], ["p266", "A", "elderly"], ["p280", "A", "elderly"]], "(22, 'r12')": [], "(22, 'r13')": [["p006", "A", "adult"]], "(22, 'r14')": [["p057", "B", "adult"], ["p082", "B", "adult"]], "(22, 'r15')": [["p208", "B", "elderly"], ["p164", "B", "adult"]], "(22, 'r16')": [["p142", "A", "elderly"], ["p156", "A", "elderly"]], "(22, 'r17')": [["p273", "A", "adult"]], "(23, 'r00')": [["p035", "B", "elderly"], ["p050", "B", "elderly"], ["p066", "B", "elderly"]], "(23, 'r01')": [["p005", "A", "elderly"]], "(23, 'r02')": [], "(23, 'r03')": [["p024", "A", "elderly"]], "(23, 'r04')": [], "(23, 'r05')": [["p126", "A", "adult"], ["p252", "A", "adult"]], "(23, 'r06')": [], "(23, 'r07')": [["p238", "A", "adult"]], "(23, 'r08')": [["p044", "A", "elderly"], ["p216", "A", "elderly"], ["p291", "A", "elderly"]], "(23, 'r09')": [["p314", "B", "adult"]], "(23, 'r10')": [["p130", "B", "elderly"]], "(23, 'r11')": [["p086", "A", "elderly"], ["p266", "A", "elderly"], ["p280", "A", "elderly"]], "(23, 'r12')": [], "(23, 'r13')": [["p006", "A", "adult"], ["p239", "A", "elderly"]], "(23, 'r14')": [["p057", "B", "adult"], ["p082", "B", "adult"]], "(23, 'r15')": [["p208", "B", "elderly"], ["p164", "B", "adult"]], "(23, 'r16')": [["p142", "A", "elderly"], ["p155", "A", "adult"], ["p156", "A", "elderly"]], "(23, 'r17')": [["p166", "A", "elderly"], ["p273", "A", "adult"]], "(24, 'r00')": [["p035", "B", "elderly"], ["p050", "B", "elderly"], ["p055", "B", "elderly"], ["p066", "B", "elderly"]], "(24, 'r01')": [["p005", "A", "elderly"]], "(24, 'r02')": [["p107", "A", "adult"]], "(24, 'r03')": [["p024", "A", "elderly"]], "(24, 'r04')": [], "(24, 'r05')": [], "(24, 'r06')": [], "(24, 'r07')": [["p238", "A", "adult"]], "(24, 'r08')": [["p044", "A", "elderly"], ["p291", "A", "elderly"]], "(24, 'r09')": [["p179", "B", "adult"], ["p314", "B", "adult"]], "(24, 'r10')": [["p130", "B", "elderly"]], "(24, 'r11')": [["p144", "A", "elderly"], ["p266", "A", "elderly"], ["p280", "A", "elderly"]], "(24, 'r12')": [], "(24, 'r13')": [["p006", "A", "adult"], ["p075", "A", "elderly"], ["p239", "A", "elderly"]], "(24, 'r14')": [["p082", "B", "adult"]], "(24, 'r15')": [["p208", "B", "elderly"], ["p164", "B", "adult"]], "(24, 'r16')": [["p155", "A", "adult"]], "(24, 'r17')": [["p166", "A", "elderly"], ["p273", "A", "adult"]], "(25, 'r00')": [["p035", "B", "elderly"], ["p050", "B", "elderly"], ["p055", "B", "elderly"]], "(25, 'r01')": [["p005", "A", "elderly"]], "(25, 'r02')": [["p107", "A", "adult"], ["p221", "A", "adult"]], "(25, 'r03')": [["p024", "A", "elderly"], ["p237", "A", "elderly"]], "(25, 'r04')": [], "(25, 'r05')": [], "(25, 'r06')": [], "(25, 'r07')": [["p238", "A", "adult"]], "(25, 'r08')": [["p044", "A", "elderly"], ["p213", "A", "elderly"]], "(25, 'r09')": [["p179", "B", "adult"], ["p314", "B", "adult"]], "(25, 'r10')": [["p130", "B", "elderly"]], "(25, 'r11')": [["p144", "A", "elderly"], ["p266", "A", "elderly"], ["p280", "A", "elderly"]], "(25, 'r12')": [], "(25, 'r13')": [["p075", "A", "elderly"], ["p239", "A", "elderly"]], "(25, 'r14')": [], "(25, 'r15')": [["p208", "B", "elderly"]], "(25, 'r16')": [["p155", "A", "adult"]], "(25, 'r17')": [["p166", "A", "elderly"], ["p273", "A", "adult"]], "(26, 'r00')": [["p035", "B", "elderly"], ["p050", "B", "elderly"], ["p055", "B", "elderly"], ["p089", "B", "elderly"]], "(26, 'r01')": [], "(26, 'r02')": [["p211", "A", "elderly"], ["p221", "A", "adult"]], "(26, 'r03')": [["p237", "A", "elderly"]], "(26, 'r04')": [], "(26, 'r05')": [["p222", "A", "adult"]], "(26, 'r06')": [], "(26, 'r07')": [["p014", "A", "elderly"]], "(26, 'r08')": [["p213", "A", "elderly"]], "(26, 'r09')": [["p179", "B", "adult"], ["p314", "B", "adult"]], "(26, 'r10')": [["p130", "B", "elderly"]], "(26, 'r11')": [["p144", "A", "elderly"]], "(26, 'r12')": [], "(26, 'r13')": [["p114", "A", "elderly"], ["p239", "A", "elderly"]], "(26, 'r14')": [], "(26, 'r15')": [["p125", "A", "elderly"]], "(26, 'r16')": [["p155", "A", "adult"], ["p313", "A", "elderly"]], "(26, 'r17')": [["p273", "A", "adult"]], "(27, 'r00')": [["p037", "B", "elderly"], ["p050", "B", "elderly"], ["p055", "B", "elderly"], ["p089", "B", "elderly"]], "(27, 'r01')": [["p153", "B", "adult"]], "(27, 'r02')": [["p211", "A", "elderly"], ["p221", "A", "adult"]], "(27, 'r03')": [["p237", "A", "elderly"]], "(27, 'r04')": [], "(27, 'r05')": [["p129", "A", "elderly"], ["p219", "A", "elderly"], ["p222", "A", "adult"]], "(27, 'r06')": [["p234", "A", "elderly"]], "(27, 'r07')": [["p014", "A", "elderly"], ["p288", "A", "elderly"]], "(27, 'r08')": [["p177", "A", "adult"], ["p213", "A", "elderly"]], "(27, 'r09')": [["p179", "B", "adult"], ["p181", "B", "adult"]], "(27, 'r10')": [["p130", "B", "elderly"], ["p122", "B", "infant"]], "(27, 'r11')": [["p038", "A", "elderly"], ["p144", "A", "elderly"], ["p172", "A", "elderly"]], "(27, 'r12')": [["p013", "B", "adult"]], "(27, 'r13')": [["p114", "A", "elderly"], ["p239", "A", "elderly"]], "(27, 'r14')": [["p109", "A", "elderly"], ["p230", "A", "elderly"]], "(27, 'r15')": [["p125", "A", "elderly"], ["p194", "A", "elderly"]], "(27, 'r16')": [["p155", "A", "adult"], ["p313", "A", "elderly"]], "(27, 'r17')": [["p115", "A", "adult"], ["p311", "A", "adult"]]}, "theater_allocation": {"(0, 't0')": 600, "(0, 't1')": 720, "(0, 't2')": 0, "(0, 't3')": 600, "(0, 't4')": 270, "(1, 't0')": 600, "(1, 't1')": 480, "(1, 't2')": 720, "(1, 't3')": 600, "(1, 't4')": -1230, "(2, 't0')": 600, "(2, 't1')": 480, "(2, 't2')": 600, "(2, 't3')": 720, "(2, 't4')": -660, "(3, 't0')": 720, "(3, 't1')": 720, "(3, 't2')": 600, "(3, 't3')": 600, "(3, 't4')": -750, "(4, 't0')": 600, "(4, 't1')": 600, "(4, 't2')": 600, "(4, 't3')": 720, "(4, 't4')": -1140, "(5, 't0')": 0, "(5, 't1')": 600, "(5, 't2')": 0, "(5, 't3')": 480, "(5, 't4')": -270, "(6, 't0')": 480, "(6, 't1')": 0, "(6, 't2')": 600, "(6, 't3')": 480, "(6, 't4')": 0, "(7, 't0')": 720, "(7, 't1')": 600, "(7, 't2')": 600, "(7, 't3')": 600, "(7, 't4')": -120, "(8, 't0')": 720, "(8, 't1')": 720, "(8, 't2')": 720, "(8, 't3')": 600, "(8, 't4')": -1260, "(9, 't0')": 720, "(9, 't1')": 600, "(9, 't2')": 0, "(9, 't3')": 600, "(9, 't4')": -720, "(10, 't0')": 0, "(10, 't1')": 600, "(10, 't2')": 0, "(10, 't3')": 720, "(10, 't4')": 480, "(11, 't0')": 600, "(11, 't1')": 720, "(11, 't2')": 600, "(11, 't3')": 600, "(11, 't4')": -870, "(12, 't0')": 480, "(12, 't1')": 600, "(12, 't2')": 0, "(12, 't3')": 600, "(12, 't4')": -390, "(13, 't0')": 720, "(13, 't1')": 720, "(13, 't2')": 600, "(13, 't3')": 720, "(13, 't4')": -570, "(14, 't0')": 480, "(14, 't1')": 720, "(14, 't2')": 600, "(14, 't3')": 720, "(14, 't4')": -300, "(15, 't0')": 480, "(15, 't1')": 0, "(15, 't2')": 600, "(15, 't3')": 480, "(15, 't4')": -360, "(16, 't0')": 480, "(16, 't1')": 720, "(16, 't2')": 720, "(16, 't3')": 600, "(16, 't4')": -780, "(17, 't0')": 600, "(17, 't1')": 600, "(17, 't2')": 600, "(17, 't3')": 480, "(17, 't4')": 150, "(18, 't0')": 720, "(18, 't1')": 480, "(18, 't2')": 0, "(18, 't3')": 480, "(18, 't4')": 330, "(19, 't0')": 600, "(19, 't1')": 600, "(19, 't2')": 720, "(19, 't3')": 600, "(19, 't4')": -930, "(20, 't0')": 600, "(20, 't1')": 720, "(20, 't2')": 600, "(20, 't3')": 0, "(20, 't4')": -630, "(21, 't0')": 600, "(21, 't1')": 720, "(21, 't2')": 600, "(21, 't3')": 600, "(21, 't4')": -810, "(22, 't0')": 720, "(22, 't1')": 720, "(22, 't2')": 720, "(22, 't3')": 480, "(22, 't4')": -720, "(23, 't0')": 600, "(23, 't1')": 600, "(23, 't2')": 720, "(23, 't3')": 600, "(23, 't4')": -150, "(24, 't0')": 480, "(24, 't1')": 720, "(24, 't2')": 600, "(24, 't3')": 600, "(24, 't4')": -660, "(25, 't0')": 0, "(25, 't1')": 600, "(25, 't2')": 600, "(25, 't3')": 0, "(25, 't4')": -450, "(26, 't0')": 600, "(26, 't1')": 720, "(26, 't2')": 600, "(26, 't3')": 720, "(26, 't4')": -420, "(27, 't0')": 600, "(27, 't1')": 600, "(27, 't2')": 600, "(27, 't3')": 600, "(27, 't4')": -1110}, "surgeon_allocation": {"(0, 's0')": 0, "(0, 's1')": 360, "(0, 's2')": 420, "(0, 's3')": 0, "(0, 's4')": 600, "(0, 's5')": 90, "(1, 's0')": 60, "(1, 's1')": 150, "(1, 's2')": 90, "(1, 's3')": 0, "(1, 's4')": 480, "(1, 's5')": 150, "(2, 's0')": 60, "(2, 's1')": 60, "(2, 's2')": 300, "(2, 's3')": 540, "(2, 's4')": 360, "(2, 's5')": 60, "(3, 's0')": 0, "(3, 's1')": 180, "(3, 's2')": 300, "(3, 's3')": 0, "(3, 's4')": 240, "(3, 's5')": 90, "(4, 's0')": 120, "(4, 's1')": 240, "(4, 's2')": 330, "(4, 's3')": 60, "(4, 's4')": 0, "(4, 's5')": 390, "(5, 's0')": 180, "(5, 's1')": 150, "(5, 's2')": 0, "(5, 's3')": 480, "(5, 's4')": 120, "(5, 's5')": 0, "(6, 's0')": 0, "(6, 's1')": 0, "(6, 's2')": 0, "(6, 's3')": 0, "(6, 's4')": 0, "(6, 's5')": 0, "(7, 's0')": 0, "(7, 's1')": 360, "(7, 's2')": 360, "(7, 's3')": 0, "(7, 's4')": 0, "(7, 's5')": 240, "(8, 's0')": 60, "(8, 's1')": 480, "(8, 's2')": 120, "(8, 's3')": 30, "(8, 's4')": 90, "(8, 's5')": 120, "(9, 's0')": 180, "(9, 's1')": 240, "(9, 's2')": 180, "(9, 's3')": 270, "(9, 's4')": 0, "(9, 's5')": 90, "(10, 's0')": 0, "(10, 's1')": 0, "(10, 's2')": 480, "(10, 's3')": 0, "(10, 's4')": 0, "(10, 's5')": 600, "(11, 's0')": 60, "(11, 's1')": 120, "(11, 's2')": 120, "(11, 's3')": 360, "(11, 's4')": 0, "(11, 's5')": 150, "(12, 's0')": 0, "(12, 's1')": 0, "(12, 's2')": 330, "(12, 's3')": 360, "(12, 's4')": 0, "(12, 's5')": 120, "(13, 's0')": 0, "(13, 's1')": 60, "(13, 's2')": 0, "(13, 's3')": 0, "(13, 's4')": 60, "(13, 's5')": 150, "(14, 's0')": 120, "(14, 's1')": 60, "(14, 's2')": 420, "(14, 's3')": 0, "(14, 's4')": 0, "(14, 's5')": 420, "(15, 's0')": 0, "(15, 's1')": 0, "(15, 's2')": 0, "(15, 's3')": 0, "(15, 's4')": 0, "(15, 's5')": 0, "(16, 's0')": 0, "(16, 's1')": 60, "(16, 's2')": 60, "(16, 's3')": 300, "(16, 's4')": 0, "(16, 's5')": 480, "(17, 's0')": 0, "(17, 's1')": 0, "(17, 's2')": 240, "(17, 's3')": 360, "(17, 's4')": 0, "(17, 's5')": 510, "(18, 's0')": 0, "(18, 's1')": 0, "(18, 's2')": 390, "(18, 's3')": 420, "(18, 's4')": 0, "(18, 's5')": 360, "(19, 's0')": 480, "(19, 's1')": 240, "(19, 's2')": 270, "(19, 's3')": 120, "(19, 's4')": 0, "(19, 's5')": 240, "(20, 's0')": 0, "(20, 's1')": 180, "(20, 's2')": 270, "(20, 's3')": 0, "(20, 's4')": 0, "(20, 's5')": 0, "(21, 's0')": 0, "(21, 's1')": 120, "(21, 's2')": 90, "(21, 's3')": 300, "(21, 's4')": 0, "(21, 's5')": 360, "(22, 's0')": 120, "(22, 's1')": 0, "(22, 's2')": 150, "(22, 's3')": 0, "(22, 's4')": 0, "(22, 's5')": 90, "(23, 's0')": 60, "(23, 's1')": 300, "(23, 's2')": 480, "(23, 's3')": 0, "(23, 's4')": 0, "(23, 's5')": 450, "(24, 's0')": 0, "(24, 's1')": 90, "(24, 's2')": 210, "(24, 's3')": 0, "(24, 's4')": 0, "(24, 's5')": 0, "(25, 's0')": 0, "(25, 's1')": 0, "(25, 's2')": 0, "(25, 's3')": 120, "(25, 's4')": 0, "(25, 's5')": 150, "(26, 's0')": 60, "(26, 's1')": 0, "(26, 's2')": 0, "(26, 's3')": 0, "(26, 's4')": 0, "(26, 's5')": 120, "(27, 's0')": 0, "(27, 's1')": 0, "(27, 's2')": 0, "(27, 's3')": 60, "(27, 's4')": 0, "(27, 's5')": 30}, "operator": "['change_patient_room']"}