{"patients": [{"id": "p023", "admission_day": 0, "room": "r1", "operating_theater": "t1"}, {"id": "p082", "admission_day": 0, "room": "r1", "operating_theater": "t5"}, {"id": "p092", "admission_day": 0, "room": "r0", "operating_theater": "t1"}, {"id": "p045", "admission_day": 0, "room": "r3", "operating_theater": "t4"}, {"id": "p108", "admission_day": 0, "room": "r3", "operating_theater": "t1"}, {"id": "p071", "admission_day": 1, "room": "r0", "operating_theater": "t0"}, {"id": "p042", "admission_day": 1, "room": "r1", "operating_theater": "t0"}, {"id": "p116", "admission_day": 1, "room": "r1", "operating_theater": "t5"}, {"id": "p065", "admission_day": 1, "room": "r2", "operating_theater": "t3"}, {"id": "p027", "admission_day": 1, "room": "r2", "operating_theater": "t1"}, {"id": "p068", "admission_day": 1, "room": "r6", "operating_theater": "t1"}, {"id": "p105", "admission_day": 1, "room": "r6", "operating_theater": "t5"}, {"id": "p085", "admission_day": 2, "room": "r4", "operating_theater": "t0"}, {"id": "p079", "admission_day": 2, "room": "r2", "operating_theater": "t4"}, {"id": "p047", "admission_day": 2, "room": "r2", "operating_theater": "t0"}, {"id": "p056", "admission_day": 2, "room": "r3", "operating_theater": "t0"}, {"id": "p121", "admission_day": 2, "room": "r5", "operating_theater": "t4"}, {"id": "p033", "admission_day": 3, "room": "r0", "operating_theater": "t2"}, {"id": "p057", "admission_day": 3, "room": "r9", "operating_theater": "t1"}, {"id": "p090", "admission_day": 3, "room": "r4", "operating_theater": "t1"}, {"id": "p103", "admission_day": 3, "room": "r8", "operating_theater": "t1"}, {"id": "p104", "admission_day": 4, "room": "r1", "operating_theater": "t5"}, {"id": "p046", "admission_day": 8, "room": "r2", "operating_theater": "t0"}, {"id": "p083", "admission_day": 4, "room": "r8", "operating_theater": "t3"}, {"id": "p106", "admission_day": 7, "room": "r4", "operating_theater": "t0"}, {"id": "p025", "admission_day": 9, "room": "r1", "operating_theater": "t7"}, {"id": "p102", "admission_day": 11, "room": "r0", "operating_theater": "t0"}, {"id": "p000", "admission_day": 13, "room": "r6", "operating_theater": "t1"}, {"id": "p001", "admission_day": 9, "room": "r3", "operating_theater": "t6"}, {"id": "p002", "admission_day": "none"}, {"id": "p003", "admission_day": 11, "room": "r3", "operating_theater": "t0"}, {"id": "p004", "admission_day": 3, "room": "r8", "operating_theater": "t0"}, {"id": "p005", "admission_day": "none"}, {"id": "p006", "admission_day": "none"}, {"id": "p007", "admission_day": 12, "room": "r7", "operating_theater": "t4"}, {"id": "p008", "admission_day": 13, "room": "r4", "operating_theater": "t4"}, {"id": "p009", "admission_day": 9, "room": "r0", "operating_theater": "t7"}, {"id": "p010", "admission_day": "none"}, {"id": "p011", "admission_day": 2, "room": "r5", "operating_theater": "t0"}, {"id": "p012", "admission_day": 3, "room": "r9", "operating_theater": "t2"}, {"id": "p013", "admission_day": "none"}, {"id": "p014", "admission_day": "none"}, {"id": "p015", "admission_day": "none"}, {"id": "p016", "admission_day": "none"}, {"id": "p017", "admission_day": 4, "room": "r0", "operating_theater": "t3"}, {"id": "p018", "admission_day": "none"}, {"id": "p019", "admission_day": 13, "room": "r5", "operating_theater": "t2"}, {"id": "p020", "admission_day": "none"}, {"id": "p021", "admission_day": 9, "room": "r2", "operating_theater": "t7"}, {"id": "p022", "admission_day": 13, "room": "r1", "operating_theater": "t2"}, {"id": "p024", "admission_day": 4, "room": "r2", "operating_theater": "t3"}, {"id": "p026", "admission_day": 8, "room": "r8", "operating_theater": "t0"}, {"id": "p028", "admission_day": "none"}, {"id": "p029", "admission_day": 8, "room": "r6", "operating_theater": "t7"}, {"id": "p030", "admission_day": "none"}, {"id": "p032", "admission_day": 9, "room": "r0", "operating_theater": "t4"}, {"id": "p035", "admission_day": 13, "room": "r8", "operating_theater": "t0"}, {"id": "p036", "admission_day": 9, "room": "r7", "operating_theater": "t7"}, {"id": "p037", "admission_day": "none"}, {"id": "p038", "admission_day": 8, "room": "r7", "operating_theater": "t7"}, {"id": "p039", "admission_day": 4, "room": "r2", "operating_theater": "t3"}, {"id": "p040", "admission_day": 5, "room": "r4", "operating_theater": "t7"}, {"id": "p041", "admission_day": 5, "room": "r3", "operating_theater": "t5"}, {"id": "p043", "admission_day": 12, "room": "r7", "operating_theater": "t7"}, {"id": "p044", "admission_day": "none"}, {"id": "p048", "admission_day": 11, "room": "r1", "operating_theater": "t1"}, {"id": "p049", "admission_day": "none"}, {"id": "p050", "admission_day": 1, "room": "r7", "operating_theater": "t2"}, {"id": "p051", "admission_day": 7, "room": "r8", "operating_theater": "t5"}, {"id": "p052", "admission_day": 12, "room": "r1", "operating_theater": "t0"}, {"id": "p053", "admission_day": "none"}, {"id": "p054", "admission_day": "none"}, {"id": "p055", "admission_day": 13, "room": "r7", "operating_theater": "t4"}, {"id": "p058", "admission_day": 13, "room": "r7", "operating_theater": "t5"}, {"id": "p059", "admission_day": 11, "room": "r8", "operating_theater": "t1"}, {"id": "p060", "admission_day": 9, "room": "r6", "operating_theater": "t4"}, {"id": "p061", "admission_day": 0, "room": "r7", "operating_theater": "t5"}, {"id": "p062", "admission_day": 8, "room": "r0", "operating_theater": "t0"}, {"id": "p063", "admission_day": 10, "room": "r5", "operating_theater": "t4"}, {"id": "p064", "admission_day": 11, "room": "r4", "operating_theater": "t0"}, {"id": "p066", "admission_day": "none"}, {"id": "p067", "admission_day": "none"}, {"id": "p069", "admission_day": 4, "room": "r5", "operating_theater": "t6"}, {"id": "p070", "admission_day": 7, "room": "r2", "operating_theater": "t0"}, {"id": "p072", "admission_day": "none"}, {"id": "p073", "admission_day": 0, "room": "r9", "operating_theater": "t5"}, {"id": "p074", "admission_day": 10, "room": "r9", "operating_theater": "t3"}, {"id": "p075", "admission_day": "none"}, {"id": "p076", "admission_day": 10, "room": "r7", "operating_theater": "t3"}, {"id": "p077", "admission_day": 3, "room": "r7", "operating_theater": "t0"}, {"id": "p078", "admission_day": 13, "room": "r3", "operating_theater": "t4"}, {"id": "p080", "admission_day": 5, "room": "r2", "operating_theater": "t7"}, {"id": "p081", "admission_day": 1, "room": "r8", "operating_theater": "t3"}, {"id": "p084", "admission_day": 12, "room": "r2", "operating_theater": "t7"}, {"id": "p086", "admission_day": "none"}, {"id": "p087", "admission_day": 5, "room": "r0", "operating_theater": "t5"}, {"id": "p089", "admission_day": 5, "room": "r8", "operating_theater": "t5"}, {"id": "p091", "admission_day": 10, "room": "r5", "operating_theater": "t4"}, {"id": "p093", "admission_day": 13, "room": "r9", "operating_theater": "t1"}, {"id": "p094", "admission_day": 7, "room": "r3", "operating_theater": "t5"}, {"id": "p095", "admission_day": 7, "room": "r3", "operating_theater": "t0"}, {"id": "p096", "admission_day": 11, "room": "r3", "operating_theater": "t1"}, {"id": "p097", "admission_day": 7, "room": "r8", "operating_theater": "t0"}, {"id": "p098", "admission_day": 7, "room": "r3", "operating_theater": "t0"}, {"id": "p099", "admission_day": 12, "room": "r8", "operating_theater": "t4"}, {"id": "p100", "admission_day": 11, "room": "r0", "operating_theater": "t0"}, {"id": "p101", "admission_day": 11, "room": "r0", "operating_theater": "t1"}, {"id": "p107", "admission_day": 8, "room": "r1", "operating_theater": "t7"}, {"id": "p109", "admission_day": "none"}, {"id": "p110", "admission_day": 2, "room": "r7", "operating_theater": "t4"}, {"id": "p111", "admission_day": 13, "room": "r4", "operating_theater": "t2"}, {"id": "p112", "admission_day": "none"}, {"id": "p113", "admission_day": "none"}, {"id": "p114", "admission_day": 13, "room": "r5", "operating_theater": "t1"}, {"id": "p115", "admission_day": 9, "room": "r2", "operating_theater": "t7"}, {"id": "p117", "admission_day": 12, "room": "r1", "operating_theater": "t7"}, {"id": "p119", "admission_day": 13, "room": "r2", "operating_theater": "t5"}, {"id": "p120", "admission_day": "none"}, {"id": "p122", "admission_day": 6, "room": "r7", "operating_theater": "t1"}, {"id": "p123", "admission_day": "none"}, {"id": "p124", "admission_day": 12, "room": "r6", "operating_theater": "t0"}, {"id": "p125", "admission_day": 12, "room": "r8", "operating_theater": "t7"}, {"id": "p127", "admission_day": 11, "room": "r2", "operating_theater": "t0"}, {"id": "p128", "admission_day": "none"}], "nurses": [{"id": "n000", "assignments": [{"day": 0, "shift": "late", "rooms": ["r1"]}, {"day": 1, "shift": "night", "rooms": ["r0", "r1"]}, {"day": 2, "shift": "night", "rooms": ["r0", "r1", "r2"]}, {"day": 4, "shift": "late", "rooms": ["r0", "r1"]}, {"day": 6, "shift": "early", "rooms": ["r0", "r1"]}, {"day": 7, "shift": "late", "rooms": ["r0", "r1"]}, {"day": 9, "shift": "early", "rooms": ["r0", "r1"]}, {"day": 10, "shift": "early", "rooms": ["r5", "r2", "r1", "r3", "r8", "r7", "r6", "r0"]}, {"day": 11, "shift": "early", "rooms": ["r0", "r1", "r2", "r3", "r4", "r5", "r6", "r7", "r8", "r9"]}, {"day": 12, "shift": "late", "rooms": ["r6", "r4", "r9", "r3", "r0", "r5", "r8", "r2", "r7", "r1"]}, {"day": 13, "shift": "late", "rooms": ["r0", "r1", "r2", "r3", "r4", "r5", "r6", "r7", "r8", "r9"]}]}, {"id": "n001", "assignments": [{"day": 0, "shift": "night", "rooms": ["r0", "r1", "r2", "r3"]}, {"day": 2, "shift": "late", "rooms": ["r0", "r1"]}, {"day": 4, "shift": "early", "rooms": ["r0", "r1"]}, {"day": 5, "shift": "early", "rooms": ["r0", "r1"]}, {"day": 6, "shift": "early", "rooms": ["r2", "r3", "r4", "r5", "r6"]}, {"day": 7, "shift": "late", "rooms": ["r2", "r3", "r4", "r5", "r6"]}, {"day": 9, "shift": "early", "rooms": ["r8", "r9", "r4", "r2", "r7", "r3", "r5"]}, {"day": 10, "shift": "early", "rooms": ["r4", "r9", "r2"]}, {"day": 13, "shift": "late", "rooms": ["r4"]}, {"day": 12, "shift": "late", "rooms": ["r9"]}]}, {"id": "n002", "assignments": [{"day": 0, "shift": "late", "rooms": ["r2", "r3", "r4"]}, {"day": 1, "shift": "night", "rooms": ["r2", "r3", "r4", "r5"]}, {"day": 3, "shift": "late", "rooms": ["r0", "r1"]}, {"day": 4, "shift": "late", "rooms": ["r2", "r3"]}, {"day": 5, "shift": "night", "rooms": ["r0", "r1", "r2"]}, {"day": 7, "shift": "early", "rooms": ["r0", "r1"]}, {"day": 8, "shift": "early", "rooms": ["r0", "r1"]}, {"day": 12, "shift": "early", "rooms": ["r2", "r8", "r1", "r7", "r0", "r3", "r4", "r6", "r9"]}, {"day": 13, "shift": "early", "rooms": ["r0", "r1", "r2", "r3", "r4", "r5", "r6", "r7", "r8", "r9"]}]}, {"id": "n003", "assignments": [{"day": 0, "shift": "night", "rooms": ["r4", "r5", "r6"]}, {"day": 1, "shift": "night", "rooms": ["r6", "r7", "r8"]}, {"day": 3, "shift": "early", "rooms": ["r0", "r1"]}, {"day": 4, "shift": "early", "rooms": ["r2", "r3", "r4"]}, {"day": 5, "shift": "early", "rooms": ["r2", "r3", "r4", "r5", "r6"]}, {"day": 6, "shift": "early", "rooms": ["r7", "r8", "r9"]}, {"day": 7, "shift": "early", "rooms": ["r2", "r3", "r4"]}, {"day": 8, "shift": "late", "rooms": ["r0", "r1", "r2", "r3", "r4"]}, {"day": 9, "shift": "late", "rooms": ["r0", "r1", "r2", "r3", "r4", "r5", "r6", "r7"]}, {"day": 13, "shift": "night", "rooms": ["r1", "r4", "r3", "r2", "r6", "r7", "r0", "r8", "r5"]}, {"day": 12, "shift": "early", "rooms": ["r5"]}, {"day": 11, "shift": "early", "rooms": ["r2"]}]}, {"id": "n004", "assignments": [{"day": 0, "shift": "night", "rooms": ["r7", "r8", "r9"]}, {"day": 2, "shift": "early", "rooms": ["r0", "r1"]}, {"day": 3, "shift": "early", "rooms": ["r2"]}, {"day": 4, "shift": "late", "rooms": ["r4", "r5", "r6", "r7"]}, {"day": 5, "shift": "late", "rooms": ["r0", "r1"]}, {"day": 6, "shift": "late", "rooms": ["r0", "r1"]}, {"day": 7, "shift": "night", "rooms": ["r0", "r1", "r2", "r3", "r4"]}, {"day": 8, "shift": "night", "rooms": ["r0", "r1", "r2", "r3", "r4"]}, {"day": 9, "shift": "night", "rooms": ["r0", "r1", "r2", "r3", "r4"]}, {"day": 11, "shift": "late", "rooms": ["r0", "r1", "r2", "r3", "r4", "r5", "r6", "r7", "r8", "r9"]}]}, {"id": "n005", "assignments": [{"day": 0, "shift": "late", "rooms": ["r8", "r5", "r7"]}, {"day": 1, "shift": "night", "rooms": ["r9", "r5", "r7"]}, {"day": 3, "shift": "late", "rooms": ["r2", "r3"]}, {"day": 4, "shift": "late", "rooms": ["r8", "r9"]}, {"day": 5, "shift": "late", "rooms": ["r2", "r3", "r4", "r5", "r6"]}, {"day": 6, "shift": "night", "rooms": ["r4", "r3", "r0", "r2", "r1"]}, {"day": 7, "shift": "night", "rooms": ["r5", "r6", "r7", "r8", "r9"]}, {"day": 8, "shift": "night", "rooms": ["r5", "r6", "r7", "r8", "r9"]}, {"day": 9, "shift": "night", "rooms": ["r5", "r6", "r7", "r8", "r9"]}, {"day": 10, "shift": "night", "rooms": ["r0", "r1", "r2", "r3", "r4", "r5", "r6", "r7", "r8", "r9"]}, {"day": 11, "shift": "night", "rooms": ["r0", "r1", "r2", "r3", "r4", "r5", "r6", "r7", "r8", "r9"]}, {"day": 12, "shift": "night", "rooms": ["r0", "r1", "r2", "r3", "r4", "r5", "r6", "r7", "r8", "r9"]}, {"day": 13, "shift": "night", "rooms": ["r9"]}]}, {"id": "n006", "assignments": [{"day": 0, "shift": "late", "rooms": ["r9", "r0", "r8", "r2"]}, {"day": 1, "shift": "late", "rooms": ["r0", "r1"]}, {"day": 3, "shift": "early", "rooms": ["r4", "r5", "r6", "r7", "r8"]}, {"day": 5, "shift": "late", "rooms": ["r7", "r8"]}, {"day": 6, "shift": "late", "rooms": ["r2", "r3", "r4", "r5", "r6", "r7", "r8"]}, {"day": 8, "shift": "early", "rooms": ["r2", "r3", "r4", "r5", "r6", "r7"]}, {"day": 10, "shift": "early", "rooms": []}, {"day": 9, "shift": "early", "rooms": ["r6"]}, {"day": 13, "shift": "late", "rooms": []}]}, {"id": "n007", "assignments": [{"day": 2, "shift": "night", "rooms": ["r3", "r4", "r5", "r6", "r7"]}, {"day": 4, "shift": "early", "rooms": ["r5", "r6", "r7", "r8", "r9"]}, {"day": 5, "shift": "late", "rooms": ["r9"]}, {"day": 6, "shift": "late", "rooms": ["r9", "r3"]}, {"day": 7, "shift": "late", "rooms": ["r7", "r8", "r9"]}, {"day": 10, "shift": "late", "rooms": ["r0", "r1", "r2", "r3", "r4", "r5", "r6", "r7", "r8", "r9"]}, {"day": 0, "shift": "late", "rooms": ["r6"]}]}, {"id": "n008", "assignments": [{"day": 2, "shift": "night", "rooms": ["r8", "r9"]}, {"day": 3, "shift": "night", "rooms": ["r0", "r1", "r2"]}, {"day": 4, "shift": "night", "rooms": ["r0", "r1", "r2", "r3"]}, {"day": 5, "shift": "night", "rooms": ["r3", "r4", "r5", "r6", "r7", "r8"]}, {"day": 6, "shift": "night", "rooms": ["r6", "r9", "r5", "r8", "r7", "r1"]}, {"day": 0, "shift": "night", "rooms": ["r8"]}, {"day": 10, "shift": "late", "rooms": ["r1"]}]}, {"id": "n009", "assignments": [{"day": 1, "shift": "late", "rooms": ["r2", "r3"]}, {"day": 3, "shift": "night", "rooms": ["r3", "r4", "r5", "r6", "r7"]}, {"day": 5, "shift": "early", "rooms": ["r9", "r7"]}, {"day": 9, "shift": "early", "rooms": ["r7"]}, {"day": 2, "shift": "night", "rooms": ["r2"]}]}, {"id": "n010", "assignments": [{"day": 2, "shift": "early", "rooms": ["r2"]}, {"day": 3, "shift": "early", "rooms": ["r9"]}, {"day": 7, "shift": "early", "rooms": ["r6", "r8", "r7", "r9"]}, {"day": 8, "shift": "early", "rooms": ["r8", "r9"]}, {"day": 9, "shift": "early", "rooms": ["r8"]}, {"day": 4, "shift": "early", "rooms": []}, {"day": 5, "shift": "early", "rooms": ["r8"]}]}, {"id": "n011", "assignments": [{"day": 1, "shift": "early", "rooms": ["r0", "r1"]}, {"day": 2, "shift": "early", "rooms": ["r4", "r5", "r6"]}, {"day": 8, "shift": "late", "rooms": ["r5", "r6", "r9", "r8"]}, {"day": 9, "shift": "late", "rooms": ["r8", "r9"]}]}, {"id": "n012", "assignments": [{"day": 0, "shift": "early", "rooms": ["r0", "r1"]}, {"day": 1, "shift": "early", "rooms": ["r2"]}, {"day": 2, "shift": "early", "rooms": ["r4", "r7", "r8"]}, {"day": 3, "shift": "late", "rooms": ["r4", "r5", "r6", "r7", "r8"]}, {"day": 4, "shift": "late", "rooms": ["r8"]}, {"day": 7, "shift": "early", "rooms": ["r6"]}]}, {"id": "n013", "assignments": [{"day": 1, "shift": "early", "rooms": ["r6", "r4", "r3", "r5", "r8", "r7"]}, {"day": 2, "shift": "late", "rooms": ["r2", "r3"]}, {"day": 4, "shift": "night", "rooms": ["r8", "r6", "r7"]}, {"day": 8, "shift": "late", "rooms": ["r5", "r7"]}]}, {"id": "n014", "assignments": [{"day": 0, "shift": "early", "rooms": ["r2", "r3"]}, {"day": 1, "shift": "early", "rooms": ["r9"]}, {"day": 4, "shift": "night", "rooms": ["r4", "r9", "r5"]}, {"day": 5, "shift": "night", "rooms": ["r9"]}, {"day": 3, "shift": "early", "rooms": ["r4", "r3"]}, {"day": 2, "shift": "early", "rooms": ["r3"]}, {"day": 10, "shift": "late", "rooms": ["r4"]}]}, {"id": "n015", "assignments": [{"day": 0, "shift": "early", "rooms": ["r5", "r6", "r7"]}, {"day": 3, "shift": "late", "rooms": ["r9"]}, {"day": 7, "shift": "early", "rooms": ["r5"]}, {"day": 2, "shift": "early", "rooms": ["r5"]}, {"day": 4, "shift": "night", "rooms": ["r5"]}, {"day": 8, "shift": "early", "rooms": ["r9"]}]}, {"id": "n016", "assignments": [{"day": 2, "shift": "late", "rooms": ["r5", "r4"]}, {"day": 1, "shift": "early", "rooms": ["r4"]}]}, {"id": "n017", "assignments": [{"day": 0, "shift": "early", "rooms": ["r8", "r9"]}, {"day": 1, "shift": "late", "rooms": ["r7", "r4", "r6"]}, {"day": 2, "shift": "late", "rooms": ["r7"]}, {"day": 3, "shift": "night", "rooms": ["r8", "r9"]}]}, {"id": "n018", "assignments": [{"day": 1, "shift": "late", "rooms": ["r9", "r5", "r8"]}, {"day": 0, "shift": "early", "rooms": ["r4", "r9"]}, {"day": 13, "shift": "early", "rooms": []}, {"day": 2, "shift": "late", "rooms": ["r6", "r8"]}]}], "room_allocation": {"(0, 'r0')": [["a02", "B", "elderly"], ["a09", "B", "adult"], ["a15", "B", "elderly"], ["p092", "B", "elderly"]], "(0, 'r1')": [["a07", "A", "adult"], ["p023", "A", "elderly"], ["p082", "A", "elderly"]], "(0, 'r2')": [["a01", "A", "elderly"]], "(0, 'r3')": [["a11", "B", "adult"], ["a12", "B", "adult"], ["p045", "B", "elderly"], ["p108", "B", "elderly"]], "(0, 'r4')": [["a06", "A", "elderly"], ["a17", "A", "elderly"]], "(0, 'r5')": [["a10", "B", "elderly"], ["a13", "B", "elderly"]], "(0, 'r6')": [["a03", "B", "elderly"], ["a05", "B", "elderly"]], "(0, 'r7')": [["a04", "A", "elderly"], ["a14", "A", "elderly"], ["p061", "A", "elderly"]], "(0, 'r8')": [["a08", "B", "elderly"], ["a16", "B", "adult"]], "(0, 'r9')": [["a00", "B", "elderly"], ["p073", "B", "elderly"]], "(1, 'r0')": [["a02", "B", "elderly"], ["a15", "B", "elderly"], ["p092", "B", "elderly"], ["p071", "B", "adult"]], "(1, 'r1')": [["p023", "A", "elderly"], ["p082", "A", "elderly"], ["p042", "A", "elderly"], ["p116", "A", "elderly"]], "(1, 'r2')": [["p065", "B", "elderly"], ["p027", "B", "elderly"]], "(1, 'r3')": [["a11", "B", "adult"], ["a12", "B", "adult"], ["p045", "B", "elderly"], ["p108", "B", "elderly"]], "(1, 'r4')": [["a06", "A", "elderly"], ["a17", "A", "elderly"]], "(1, 'r5')": [["a13", "B", "elderly"]], "(1, 'r6')": [["p068", "A", "elderly"], ["p105", "A", "elderly"]], "(1, 'r7')": [["a04", "A", "elderly"], ["a14", "A", "elderly"], ["p050", "A", "elderly"], ["p061", "A", "elderly"]], "(1, 'r8')": [["a08", "B", "elderly"], ["a16", "B", "adult"], ["p081", "B", "adult"]], "(1, 'r9')": [["a00", "B", "elderly"], ["p073", "B", "elderly"]], "(2, 'r0')": [["a02", "B", "elderly"], ["a15", "B", "elderly"], ["p092", "B", "elderly"], ["p071", "B", "adult"]], "(2, 'r1')": [["p023", "A", "elderly"], ["p082", "A", "elderly"], ["p042", "A", "elderly"], ["p116", "A", "elderly"]], "(2, 'r2')": [["p065", "B", "elderly"], ["p027", "B", "elderly"], ["p079", "B", "elderly"], ["p047", "B", "elderly"]], "(2, 'r3')": [["a11", "B", "adult"], ["a12", "B", "adult"], ["p045", "B", "elderly"], ["p056", "B", "elderly"]], "(2, 'r4')": [["a17", "A", "elderly"], ["p085", "A", "infant"]], "(2, 'r5')": [["p121", "A", "elderly"], ["p011", "A", "elderly"]], "(2, 'r6')": [["p068", "A", "elderly"], ["p105", "A", "elderly"]], "(2, 'r7')": [["a04", "A", "elderly"], ["a14", "A", "elderly"], ["p050", "A", "elderly"], ["p110", "A", "elderly"]], "(2, 'r8')": [["a08", "B", "elderly"], ["a16", "B", "adult"], ["p081", "B", "adult"]], "(2, 'r9')": [], "(3, 'r0')": [["a02", "B", "elderly"], ["a15", "B", "elderly"], ["p071", "B", "adult"], ["p033", "B", "adult"]], "(3, 'r1')": [["p023", "A", "elderly"], ["p082", "A", "elderly"], ["p042", "A", "elderly"], ["p116", "A", "elderly"]], "(3, 'r2')": [["p065", "B", "elderly"], ["p027", "B", "elderly"], ["p079", "B", "elderly"], ["p047", "B", "elderly"]], "(3, 'r3')": [["a11", "B", "adult"], ["a12", "B", "adult"], ["p045", "B", "elderly"], ["p056", "B", "elderly"]], "(3, 'r4')": [["p085", "A", "infant"], ["p090", "A", "elderly"]], "(3, 'r5')": [["p121", "A", "elderly"], ["p011", "A", "elderly"]], "(3, 'r6')": [["p068", "A", "elderly"], ["p105", "A", "elderly"]], "(3, 'r7')": [["a04", "A", "elderly"], ["p050", "A", "elderly"], ["p077", "A", "adult"], ["p110", "A", "elderly"]], "(3, 'r8')": [["a08", "B", "elderly"], ["a16", "B", "adult"], ["p103", "B", "elderly"], ["p004", "B", "elderly"]], "(3, 'r9')": [["p057", "B", "elderly"], ["p012", "B", "elderly"]], "(4, 'r0')": [["a02", "B", "elderly"], ["a15", "B", "elderly"], ["p033", "B", "adult"], ["p017", "B", "elderly"]], "(4, 'r1')": [["p023", "A", "elderly"], ["p042", "A", "elderly"], ["p116", "A", "elderly"], ["p104", "A", "elderly"]], "(4, 'r2')": [["p027", "B", "elderly"], ["p047", "B", "elderly"], ["p024", "B", "elderly"], ["p039", "B", "elderly"]], "(4, 'r3')": [["a11", "B", "adult"], ["a12", "B", "adult"], ["p045", "B", "elderly"], ["p056", "B", "elderly"]], "(4, 'r4')": [["p085", "A", "infant"], ["p090", "A", "elderly"]], "(4, 'r5')": [["p121", "A", "elderly"], ["p069", "A", "adult"]], "(4, 'r6')": [["p068", "A", "elderly"], ["p105", "A", "elderly"]], "(4, 'r7')": [["a04", "A", "elderly"], ["p050", "A", "elderly"], ["p077", "A", "adult"], ["p110", "A", "elderly"]], "(4, 'r8')": [["a16", "B", "adult"], ["p103", "B", "elderly"], ["p083", "B", "adult"], ["p004", "B", "elderly"]], "(4, 'r9')": [["p057", "B", "elderly"], ["p012", "B", "elderly"]], "(5, 'r0')": [["a02", "B", "elderly"], ["a15", "B", "elderly"], ["p017", "B", "elderly"], ["p087", "B", "elderly"]], "(5, 'r1')": [["p023", "A", "elderly"], ["p042", "A", "elderly"], ["p116", "A", "elderly"], ["p104", "A", "elderly"]], "(5, 'r2')": [["p027", "B", "elderly"], ["p024", "B", "elderly"], ["p039", "B", "elderly"], ["p080", "B", "infant"]], "(5, 'r3')": [["a12", "B", "adult"], ["p045", "B", "elderly"], ["p056", "B", "elderly"], ["p041", "B", "adult"]], "(5, 'r4')": [["p090", "A", "elderly"], ["p040", "A", "adult"]], "(5, 'r5')": [["p121", "A", "elderly"], ["p069", "A", "adult"]], "(5, 'r6')": [["p068", "A", "elderly"], ["p105", "A", "elderly"]], "(5, 'r7')": [["a04", "A", "elderly"], ["p050", "A", "elderly"], ["p077", "A", "adult"]], "(5, 'r8')": [["a16", "B", "adult"], ["p103", "B", "elderly"], ["p083", "B", "adult"], ["p089", "B", "adult"]], "(5, 'r9')": [["p057", "B", "elderly"], ["p012", "B", "elderly"]], "(6, 'r0')": [["a02", "B", "elderly"], ["a15", "B", "elderly"], ["p017", "B", "elderly"], ["p087", "B", "elderly"]], "(6, 'r1')": [["p023", "A", "elderly"], ["p042", "A", "elderly"], ["p116", "A", "elderly"], ["p104", "A", "elderly"]], "(6, 'r2')": [["p027", "B", "elderly"], ["p024", "B", "elderly"], ["p080", "B", "infant"]], "(6, 'r3')": [["a12", "B", "adult"], ["p041", "B", "adult"]], "(6, 'r4')": [["p090", "A", "elderly"], ["p040", "A", "adult"]], "(6, 'r5')": [["p121", "A", "elderly"], ["p069", "A", "adult"]], "(6, 'r6')": [["p068", "A", "elderly"], ["p105", "A", "elderly"]], "(6, 'r7')": [["a04", "A", "elderly"], ["p050", "A", "elderly"], ["p077", "A", "adult"], ["p122", "A", "elderly"]], "(6, 'r8')": [["p103", "B", "elderly"], ["p083", "B", "adult"], ["p089", "B", "adult"]], "(6, 'r9')": [["p057", "B", "elderly"], ["p012", "B", "elderly"]], "(7, 'r0')": [["a02", "B", "elderly"], ["a15", "B", "elderly"], ["p017", "B", "elderly"], ["p087", "B", "elderly"]], "(7, 'r1')": [["p023", "A", "elderly"], ["p042", "A", "elderly"], ["p116", "A", "elderly"], ["p104", "A", "elderly"]], "(7, 'r2')": [["p027", "B", "elderly"], ["p024", "B", "elderly"], ["p070", "B", "elderly"], ["p080", "B", "infant"]], "(7, 'r3')": [["p041", "B", "adult"], ["p094", "B", "adult"], ["p095", "B", "elderly"], ["p098", "B", "infant"]], "(7, 'r4')": [["p090", "A", "elderly"], ["p106", "A", "elderly"]], "(7, 'r5')": [["p121", "A", "elderly"]], "(7, 'r6')": [["p068", "A", "elderly"], ["p105", "A", "elderly"]], "(7, 'r7')": [["a04", "A", "elderly"], ["p050", "A", "elderly"], ["p077", "A", "adult"], ["p122", "A", "elderly"]], "(7, 'r8')": [["p103", "B", "elderly"], ["p051", "B", "adult"], ["p089", "B", "adult"], ["p097", "B", "adult"]], "(7, 'r9')": [["p057", "B", "elderly"], ["p012", "B", "elderly"]], "(8, 'r0')": [["a02", "B", "elderly"], ["a15", "B", "elderly"], ["p062", "B", "elderly"], ["p087", "B", "elderly"]], "(8, 'r1')": [["p042", "A", "elderly"], ["p116", "A", "elderly"], ["p104", "A", "elderly"], ["p107", "A", "elderly"]], "(8, 'r2')": [["p027", "B", "elderly"], ["p046", "B", "elderly"], ["p070", "B", "elderly"]], "(8, 'r3')": [["p041", "B", "adult"], ["p094", "B", "adult"], ["p095", "B", "elderly"], ["p098", "B", "infant"]], "(8, 'r4')": [["p090", "A", "elderly"], ["p106", "A", "elderly"]], "(8, 'r5')": [], "(8, 'r6')": [["p029", "B", "elderly"]], "(8, 'r7')": [["a04", "A", "elderly"], ["p038", "A", "adult"], ["p050", "A", "elderly"], ["p122", "A", "elderly"]], "(8, 'r8')": [["p103", "B", "elderly"], ["p026", "B", "elderly"], ["p051", "B", "adult"], ["p097", "B", "adult"]], "(8, 'r9')": [["p057", "B", "elderly"]], "(9, 'r0')": [["a15", "B", "elderly"], ["p009", "B", "adult"], ["p032", "B", "elderly"], ["p062", "B", "elderly"]], "(9, 'r1')": [["p116", "A", "elderly"], ["p104", "A", "elderly"], ["p025", "A", "elderly"], ["p107", "A", "elderly"]], "(9, 'r2')": [["p027", "B", "elderly"], ["p046", "B", "elderly"], ["p021", "B", "elderly"], ["p115", "B", "elderly"]], "(9, 'r3')": [["p001", "B", "elderly"], ["p041", "B", "adult"], ["p094", "B", "adult"], ["p098", "B", "infant"]], "(9, 'r4')": [["p090", "A", "elderly"], ["p106", "A", "elderly"]], "(9, 'r5')": [], "(9, 'r6')": [["p029", "B", "elderly"], ["p060", "B", "elderly"]], "(9, 'r7')": [["a04", "A", "elderly"], ["p036", "A", "elderly"], ["p038", "A", "adult"], ["p122", "A", "elderly"]], "(9, 'r8')": [["p103", "B", "elderly"], ["p026", "B", "elderly"], ["p097", "B", "adult"]], "(9, 'r9')": [], "(10, 'r0')": [["p009", "B", "adult"], ["p032", "B", "elderly"], ["p062", "B", "elderly"]], "(10, 'r1')": [["p116", "A", "elderly"], ["p025", "A", "elderly"], ["p107", "A", "elderly"]], "(10, 'r2')": [["p046", "B", "elderly"], ["p021", "B", "elderly"], ["p115", "B", "elderly"]], "(10, 'r3')": [["p001", "B", "elderly"], ["p041", "B", "adult"], ["p094", "B", "adult"]], "(10, 'r4')": [["p090", "A", "elderly"], ["p106", "A", "elderly"]], "(10, 'r5')": [["p063", "B", "adult"], ["p091", "B", "adult"]], "(10, 'r6')": [["p029", "B", "elderly"], ["p060", "B", "elderly"]], "(10, 'r7')": [["p036", "A", "elderly"], ["p038", "A", "adult"], ["p076", "A", "elderly"]], "(10, 'r8')": [["p103", "B", "elderly"]], "(10, 'r9')": [["p074", "A", "elderly"]], "(11, 'r0')": [["p102", "B", "elderly"], ["p009", "B", "adult"], ["p100", "B", "adult"], ["p101", "B", "elderly"]], "(11, 'r1')": [["p116", "A", "elderly"], ["p025", "A", "elderly"], ["p048", "A", "elderly"]], "(11, 'r2')": [["p046", "B", "elderly"], ["p021", "B", "elderly"], ["p115", "B", "elderly"], ["p127", "B", "elderly"]], "(11, 'r3')": [["p001", "B", "elderly"], ["p003", "B", "elderly"], ["p041", "B", "adult"], ["p096", "B", "elderly"]], "(11, 'r4')": [["p090", "A", "elderly"], ["p064", "A", "elderly"]], "(11, 'r5')": [["p063", "B", "adult"], ["p091", "B", "adult"]], "(11, 'r6')": [["p029", "B", "elderly"], ["p060", "B", "elderly"]], "(11, 'r7')": [["p036", "A", "elderly"], ["p038", "A", "adult"], ["p076", "A", "elderly"]], "(11, 'r8')": [["p059", "A", "adult"]], "(11, 'r9')": [["p074", "A", "elderly"]], "(12, 'r0')": [["p102", "B", "elderly"], ["p009", "B", "adult"], ["p100", "B", "adult"], ["p101", "B", "elderly"]], "(12, 'r1')": [["p025", "A", "elderly"], ["p048", "A", "elderly"], ["p052", "A", "elderly"], ["p117", "A", "elderly"]], "(12, 'r2')": [["p046", "B", "elderly"], ["p084", "B", "elderly"], ["p127", "B", "elderly"]], "(12, 'r3')": [["p001", "B", "elderly"], ["p003", "B", "elderly"], ["p041", "B", "adult"], ["p096", "B", "elderly"]], "(12, 'r4')": [["p090", "A", "elderly"], ["p064", "A", "elderly"]], "(12, 'r5')": [["p063", "B", "adult"], ["p091", "B", "adult"]], "(12, 'r6')": [["p124", "B", "elderly"]], "(12, 'r7')": [["p007", "A", "adult"], ["p036", "A", "elderly"], ["p038", "A", "adult"], ["p043", "A", "elderly"]], "(12, 'r8')": [["p059", "A", "adult"], ["p099", "A", "elderly"], ["p125", "A", "infant"]], "(12, 'r9')": [["p074", "A", "elderly"]], "(13, 'r0')": [["p102", "B", "elderly"], ["p009", "B", "adult"], ["p100", "B", "adult"], ["p101", "B", "elderly"]], "(13, 'r1')": [["p022", "A", "elderly"], ["p048", "A", "elderly"], ["p052", "A", "elderly"], ["p117", "A", "elderly"]], "(13, 'r2')": [["p046", "B", "elderly"], ["p084", "B", "elderly"], ["p119", "B", "elderly"], ["p127", "B", "elderly"]], "(13, 'r3')": [["p001", "B", "elderly"], ["p003", "B", "elderly"], ["p078", "B", "adult"], ["p096", "B", "elderly"]], "(13, 'r4')": [["p008", "B", "adult"], ["p111", "B", "adult"]], "(13, 'r5')": [["p019", "A", "elderly"], ["p114", "A", "infant"]], "(13, 'r6')": [["p000", "B", "infant"], ["p124", "B", "elderly"]], "(13, 'r7')": [["p007", "A", "adult"], ["p043", "A", "elderly"], ["p055", "A", "elderly"], ["p058", "A", "elderly"]], "(13, 'r8')": [["p035", "A", "elderly"], ["p059", "A", "adult"], ["p099", "A", "elderly"], ["p125", "A", "infant"]], "(13, 'r9')": [["p074", "A", "elderly"], ["p093", "A", "elderly"]]}, "theater_allocation": {"(0, 't0')": 0, "(0, 't1')": 480, "(0, 't2')": 0, "(0, 't3')": 0, "(0, 't4')": 480, "(0, 't5')": 720, "(0, 't6')": 0, "(0, 't7')": -300, "(1, 't0')": 480, "(1, 't1')": 720, "(1, 't2')": 720, "(1, 't3')": 480, "(1, 't4')": 720, "(1, 't5')": 720, "(1, 't6')": 600, "(1, 't7')": -1080, "(2, 't0')": 600, "(2, 't1')": 600, "(2, 't2')": 0, "(2, 't3')": 0, "(2, 't4')": 600, "(2, 't5')": 720, "(2, 't6')": 720, "(2, 't7')": -300, "(3, 't0')": 600, "(3, 't1')": 600, "(3, 't2')": 720, "(3, 't3')": 600, "(3, 't4')": 720, "(3, 't5')": 600, "(3, 't6')": 600, "(3, 't7')": -420, "(4, 't0')": 0, "(4, 't1')": 600, "(4, 't2')": 720, "(4, 't3')": 720, "(4, 't4')": 720, "(4, 't5')": 600, "(4, 't6')": 600, "(4, 't7')": -330, "(5, 't0')": 0, "(5, 't1')": 600, "(5, 't2')": 0, "(5, 't3')": 720, "(5, 't4')": 720, "(5, 't5')": 720, "(5, 't6')": 600, "(5, 't7')": 90, "(6, 't0')": 600, "(6, 't1')": 600, "(6, 't2')": 480, "(6, 't3')": 600, "(6, 't4')": 480, "(6, 't5')": 600, "(6, 't6')": 720, "(6, 't7')": 540, "(7, 't0')": 720, "(7, 't1')": 720, "(7, 't2')": 600, "(7, 't3')": 480, "(7, 't4')": 720, "(7, 't5')": 600, "(7, 't6')": 720, "(7, 't7')": -900, "(8, 't0')": 600, "(8, 't1')": 600, "(8, 't2')": 600, "(8, 't3')": 720, "(8, 't4')": 720, "(8, 't5')": 720, "(8, 't6')": 600, "(8, 't7')": -360, "(9, 't0')": 600, "(9, 't1')": 720, "(9, 't2')": 720, "(9, 't3')": 480, "(9, 't4')": 480, "(9, 't5')": 600, "(9, 't6')": 720, "(9, 't7')": -600, "(10, 't0')": 600, "(10, 't1')": 0, "(10, 't2')": 0, "(10, 't3')": 480, "(10, 't4')": 480, "(10, 't5')": 480, "(10, 't6')": 0, "(10, 't7')": 30, "(11, 't0')": 720, "(11, 't1')": 720, "(11, 't2')": 600, "(11, 't3')": 720, "(11, 't4')": 600, "(11, 't5')": 600, "(11, 't6')": 600, "(11, 't7')": -510, "(12, 't0')": 480, "(12, 't1')": 0, "(12, 't2')": 480, "(12, 't3')": 600, "(12, 't4')": 480, "(12, 't5')": 720, "(12, 't6')": 0, "(12, 't7')": -510, "(13, 't0')": 720, "(13, 't1')": 600, "(13, 't2')": 480, "(13, 't3')": 600, "(13, 't4')": 720, "(13, 't5')": 600, "(13, 't6')": 0, "(13, 't7')": -1350}, "surgeon_allocation": {"(0, 's0')": 0, "(0, 's1')": 120, "(0, 's2')": 0, "(0, 's3')": 60, "(0, 's4')": 0, "(1, 's0')": 360, "(1, 's1')": 0, "(1, 's2')": 0, "(1, 's3')": 120, "(1, 's4')": 240, "(2, 's0')": 360, "(2, 's1')": 30, "(2, 's2')": 0, "(2, 's3')": 360, "(2, 's4')": 270, "(3, 's0')": 0, "(3, 's1')": 360, "(3, 's2')": 0, "(3, 's3')": 0, "(3, 's4')": 300, "(4, 's0')": 0, "(4, 's1')": 60, "(4, 's2')": 0, "(4, 's3')": 240, "(4, 's4')": 90, "(5, 's0')": 450, "(5, 's1')": 0, "(5, 's2')": 360, "(5, 's3')": 0, "(5, 's4')": 0, "(6, 's0')": 300, "(6, 's1')": 0, "(6, 's2')": 0, "(6, 's3')": 0, "(6, 's4')": 0, "(7, 's0')": 0, "(7, 's1')": 0, "(7, 's2')": 120, "(7, 's3')": 180, "(7, 's4')": 600, "(8, 's0')": 0, "(8, 's1')": 60, "(8, 's2')": 0, "(8, 's3')": 0, "(8, 's4')": 60, "(9, 's0')": 0, "(9, 's1')": 210, "(9, 's2')": 90, "(9, 's3')": 60, "(9, 's4')": 120, "(10, 's0')": 240, "(10, 's1')": 210, "(10, 's2')": 0, "(10, 's3')": 0, "(10, 's4')": 300, "(11, 's0')": 30, "(11, 's1')": 180, "(11, 's2')": 30, "(11, 's3')": 390, "(11, 's4')": 540, "(12, 's0')": 0, "(12, 's1')": 300, "(12, 's2')": 180, "(12, 's3')": 0, "(12, 's4')": 90, "(13, 's0')": 0, "(13, 's1')": 0, "(13, 's2')": 0, "(13, 's3')": 0, "(13, 's4')": 90}, "operator": "['nurse_compound']"}