{"patients": [{"id": "p33", "admission_day": 1, "room": "r6", "operating_theater": "t0"}, {"id": "p26", "admission_day": 4, "room": "r5", "operating_theater": "t0"}, {"id": "p68", "admission_day": 1, "room": "r1", "operating_theater": "t0"}, {"id": "p31", "admission_day": 2, "room": "r1", "operating_theater": "t0"}, {"id": "p48", "admission_day": 7, "room": "r0", "operating_theater": "t1"}, {"id": "p66", "admission_day": 7, "room": "r1", "operating_theater": "t1"}, {"id": "p00", "admission_day": "none"}, {"id": "p01", "admission_day": 19, "room": "r4", "operating_theater": "t0"}, {"id": "p02", "admission_day": 7, "room": "r2", "operating_theater": "t1"}, {"id": "p03", "admission_day": "none"}, {"id": "p04", "admission_day": 19, "room": "r7", "operating_theater": "t0"}, {"id": "p05", "admission_day": 2, "room": "r1", "operating_theater": "t0"}, {"id": "p06", "admission_day": "none"}, {"id": "p07", "admission_day": 19, "room": "r7", "operating_theater": "t0"}, {"id": "p08", "admission_day": "none"}, {"id": "p10", "admission_day": "none"}, {"id": "p11", "admission_day": "none"}, {"id": "p12", "admission_day": "none"}, {"id": "p13", "admission_day": "none"}, {"id": "p14", "admission_day": 11, "room": "r3", "operating_theater": "t0"}, {"id": "p16", "admission_day": 2, "room": "r6", "operating_theater": "t0"}, {"id": "p17", "admission_day": 7, "room": "r3", "operating_theater": "t1"}, {"id": "p18", "admission_day": "none"}, {"id": "p19", "admission_day": "none"}, {"id": "p22", "admission_day": 8, "room": "r7", "operating_theater": "t0"}, {"id": "p23", "admission_day": "none"}, {"id": "p24", "admission_day": 8, "room": "r1", "operating_theater": "t0"}, {"id": "p28", "admission_day": 1, "room": "r9", "operating_theater": "t0"}, {"id": "p29", "admission_day": 19, "room": "r4", "operating_theater": "t0"}, {"id": "p32", "admission_day": 18, "room": "r8", "operating_theater": "t0"}, {"id": "p34", "admission_day": 4, "room": "r2", "operating_theater": "t0"}, {"id": "p35", "admission_day": "none"}, {"id": "p36", "admission_day": 15, "room": "r5", "operating_theater": "t1"}, {"id": "p39", "admission_day": "none"}, {"id": "p40", "admission_day": 11, "room": "r4", "operating_theater": "t1"}, {"id": "p41", "admission_day": 1, "room": "r8", "operating_theater": "t0"}, {"id": "p42", "admission_day": 15, "room": "r6", "operating_theater": "t1"}, {"id": "p43", "admission_day": "none"}, {"id": "p44", "admission_day": 13, "room": "r0", "operating_theater": "t0"}, {"id": "p45", "admission_day": "none"}, {"id": "p46", "admission_day": "none"}, {"id": "p47", "admission_day": 8, "room": "r0", "operating_theater": "t0"}, {"id": "p49", "admission_day": 8, "room": "r5", "operating_theater": "t0"}, {"id": "p51", "admission_day": 11, "room": "r5", "operating_theater": "t0"}, {"id": "p52", "admission_day": 15, "room": "r7", "operating_theater": "t1"}, {"id": "p53", "admission_day": "none"}, {"id": "p54", "admission_day": 1, "room": "r9", "operating_theater": "t0"}, {"id": "p55", "admission_day": 4, "room": "r8", "operating_theater": "t0"}, {"id": "p56", "admission_day": "none"}, {"id": "p57", "admission_day": "none"}, {"id": "p59", "admission_day": "none"}, {"id": "p60", "admission_day": 19, "room": "r1", "operating_theater": "t0"}, {"id": "p62", "admission_day": "none"}, {"id": "p63", "admission_day": 7, "room": "r7", "operating_theater": "t1"}, {"id": "p64", "admission_day": "none"}, {"id": "p65", "admission_day": "none"}, {"id": "p67", "admission_day": "none"}, {"id": "p69", "admission_day": 18, "room": "r2", "operating_theater": "t0"}, {"id": "p70", "admission_day": "none"}, {"id": "p71", "admission_day": "none"}, {"id": "p72", "admission_day": "none"}, {"id": "p73", "admission_day": "none"}, {"id": "p74", "admission_day": 16, "room": "r3", "operating_theater": "t1"}, {"id": "p75", "admission_day": 11, "room": "r5", "operating_theater": "t0"}, {"id": "p76", "admission_day": "none"}, {"id": "p77", "admission_day": 15, "room": "r6", "operating_theater": "t1"}, {"id": "p78", "admission_day": "none"}, {"id": "p79", "admission_day": "none"}, {"id": "p80", "admission_day": 4, "room": "r9", "operating_theater": "t0"}, {"id": "p82", "admission_day": "none"}, {"id": "p83", "admission_day": 2, "room": "r3", "operating_theater": "t0"}, {"id": "p84", "admission_day": "none"}, {"id": "p85", "admission_day": 11, "room": "r5", "operating_theater": "t1"}, {"id": "p86", "admission_day": 4, "room": "r0", "operating_theater": "t0"}, {"id": "p87", "admission_day": "none"}, {"id": "p88", "admission_day": "none"}, {"id": "p89", "admission_day": 16, "room": "r4", "operating_theater": "t1"}, {"id": "p90", "admission_day": 13, "room": "r0", "operating_theater": "t0"}, {"id": "p92", "admission_day": "none"}], "nurses": [{"id": "n00", "assignments": [{"day": 0, "shift": "night", "rooms": ["r0", "r1", "r2", "r3", "r4", "r5", "r6", "r7", "r8"]}, {"day": 2, "shift": "early", "rooms": ["r0", "r1"]}, {"day": 3, "shift": "early", "rooms": ["r8", "r4", "r7", "r5", "r1", "r2", "r9", "r3", "r0"]}, {"day": 4, "shift": "late", "rooms": ["r0", "r1", "r2", "r3", "r4", "r5", "r6", "r7", "r8", "r9"]}, {"day": 5, "shift": "late", "rooms": ["r3", "r0", "r6", "r5", "r4", "r2", "r1", "r9", "r7"]}, {"day": 6, "shift": "late", "rooms": ["r0", "r1", "r2", "r3", "r4", "r5", "r6", "r7", "r8", "r9"]}, {"day": 7, "shift": "night", "rooms": ["r0", "r1", "r2", "r3", "r4", "r5", "r6", "r7", "r8", "r9"]}, {"day": 8, "shift": "night", "rooms": ["r0", "r1", "r2", "r3", "r4", "r5", "r6", "r7", "r8", "r9"]}, {"day": 9, "shift": "night", "rooms": ["r0", "r1", "r2", "r3", "r4", "r5", "r6", "r7", "r8", "r9"]}, {"day": 11, "shift": "early", "rooms": ["r0", "r1", "r2", "r3", "r4", "r5", "r6", "r7", "r8", "r9"]}, {"day": 12, "shift": "early", "rooms": ["r0", "r1", "r2", "r3", "r4", "r5", "r6", "r7", "r8", "r9"]}, {"day": 13, "shift": "early", "rooms": ["r0", "r1", "r2", "r3", "r4", "r5", "r6", "r7", "r8", "r9"]}, {"day": 14, "shift": "late", "rooms": ["r0", "r1", "r2", "r3", "r4", "r5", "r6", "r7", "r8", "r9"]}, {"day": 15, "shift": "late", "rooms": ["r8", "r6", "r4", "r5", "r7", "r1", "r2", "r3", "r9", "r0"]}, {"day": 17, "shift": "early", "rooms": ["r0", "r1", "r2", "r3", "r4", "r5", "r6", "r7", "r8", "r9"]}, {"day": 18, "shift": "early", "rooms": ["r0", "r1", "r2", "r3", "r4", "r5", "r6", "r7", "r8", "r9"]}, {"day": 19, "shift": "late", "rooms": ["r0", "r1", "r2", "r3", "r4", "r5", "r6", "r7", "r8", "r9"]}]}, {"id": "n01", "assignments": [{"day": 0, "shift": "night", "rooms": ["r9", "r5"]}, {"day": 1, "shift": "night", "rooms": ["r0", "r1", "r2", "r3", "r4", "r5", "r6", "r7", "r8", "r9"]}, {"day": 2, "shift": "night", "rooms": ["r0", "r1", "r2", "r3", "r4", "r5", "r6", "r7", "r8", "r9"]}, {"day": 3, "shift": "night", "rooms": ["r0", "r1", "r2", "r3", "r4", "r5", "r6", "r7", "r8", "r9"]}, {"day": 4, "shift": "night", "rooms": ["r0", "r1", "r2", "r3", "r4", "r5", "r6", "r7", "r8", "r9"]}, {"day": 5, "shift": "night", "rooms": ["r0", "r1", "r2", "r3", "r4", "r5", "r6", "r7", "r8", "r9"]}, {"day": 7, "shift": "early", "rooms": ["r0", "r1"]}, {"day": 8, "shift": "early", "rooms": ["r8", "r6", "r4", "r5", "r1", "r2", "r9", "r3", "r0"]}, {"day": 9, "shift": "early", "rooms": ["r0", "r1"]}, {"day": 10, "shift": "early", "rooms": ["r0", "r1", "r2", "r3", "r4", "r5", "r6", "r7", "r8", "r9"]}, {"day": 11, "shift": "late", "rooms": ["r0", "r1", "r2", "r3", "r4", "r5", "r6", "r7", "r8", "r9"]}, {"day": 12, "shift": "night", "rooms": ["r7", "r0", "r1", "r3", "r2", "r6", "r5", "r8", "r4"]}, {"day": 13, "shift": "night", "rooms": ["r0", "r1", "r2", "r3", "r4", "r5", "r6", "r7", "r8", "r9"]}, {"day": 14, "shift": "night", "rooms": ["r0", "r1", "r2", "r3", "r4", "r5", "r6", "r7", "r8", "r9"]}, {"day": 15, "shift": "night", "rooms": ["r0", "r1", "r2", "r3", "r4", "r5", "r6", "r7", "r8", "r9"]}, {"day": 16, "shift": "night", "rooms": ["r0", "r1", "r2", "r3", "r4", "r5", "r6", "r7", "r8", "r9"]}, {"day": 19, "shift": "early", "rooms": ["r0", "r1", "r2", "r3", "r4", "r5", "r6", "r7", "r8", "r9"]}, {"day": 20, "shift": "late", "rooms": ["r0", "r1", "r2", "r3", "r4", "r5", "r6", "r7", "r8", "r9"]}, {"day": 18, "shift": "early", "rooms": ["r8", "r7"]}]}, {"id": "n02", "assignments": [{"day": 2, "shift": "late", "rooms": ["r0", "r1", "r2", "r3", "r4", "r5", "r6", "r7", "r8"]}, {"day": 3, "shift": "late", "rooms": ["r0", "r1", "r2", "r3", "r4"]}, {"day": 6, "shift": "early", "rooms": ["r0", "r1", "r2", "r3", "r4", "r5", "r6", "r7", "r8", "r9"]}, {"day": 7, "shift": "early", "rooms": ["r2", "r3", "r4", "r5", "r6", "r7", "r8", "r9"]}, {"day": 9, "shift": "late", "rooms": ["r0", "r1", "r2", "r3", "r4", "r5", "r6", "r7", "r8", "r9"]}, {"day": 10, "shift": "late", "rooms": ["r0", "r1", "r2", "r3", "r4", "r5", "r6", "r7", "r8", "r9"]}, {"day": 11, "shift": "night", "rooms": ["r0", "r1", "r2", "r3", "r4", "r5", "r6", "r7", "r8", "r9"]}, {"day": 14, "shift": "early", "rooms": ["r0", "r1", "r2", "r3", "r4", "r5", "r6", "r7", "r8", "r9"]}, {"day": 16, "shift": "late", "rooms": ["r0", "r1", "r2", "r3", "r4", "r5", "r6", "r7", "r8", "r9"]}, {"day": 17, "shift": "late", "rooms": ["r0", "r1", "r2", "r3", "r4", "r5", "r6", "r7", "r8", "r9"]}, {"day": 18, "shift": "late", "rooms": ["r0", "r1", "r2", "r3", "r4", "r5", "r6", "r7", "r8", "r9"]}, {"day": 19, "shift": "night", "rooms": ["r0", "r1", "r2", "r3", "r4", "r5", "r6", "r7", "r8", "r9"]}, {"day": 20, "shift": "night", "rooms": ["r0", "r1", "r2", "r3", "r4", "r5", "r6", "r7", "r8", "r9"]}, {"day": 15, "shift": "late", "rooms": ["r9"]}]}, {"id": "n03", "assignments": [{"day": 4, "shift": "early", "rooms": ["r1", "r7", "r5", "r6", "r0", "r8", "r2", "r4", "r9"]}, {"day": 6, "shift": "night", "rooms": ["r5", "r0", "r2", "r4", "r9", "r3", "r6", "r8"]}, {"day": 7, "shift": "night", "rooms": ["r4"]}, {"day": 5, "shift": "late", "rooms": ["r8", "r0"]}]}, {"id": "n04", "assignments": [{"day": 1, "shift": "early", "rooms": ["r0", "r1", "r2", "r3", "r4"]}, {"day": 2, "shift": "early", "rooms": ["r5", "r2", "r6", "r4", "r3", "r9", "r7"]}, {"day": 3, "shift": "late", "rooms": ["r5", "r6", "r7", "r8", "r9"]}, {"day": 15, "shift": "early", "rooms": ["r9", "r2", "r3", "r4", "r5", "r7", "r0", "r1", "r6"]}, {"day": 16, "shift": "early", "rooms": ["r0", "r1", "r2", "r3", "r4", "r5", "r6", "r7", "r8", "r9"]}, {"day": 12, "shift": "early", "rooms": ["r5"]}]}, {"id": "n05", "assignments": [{"day": 0, "shift": "late", "rooms": ["r2", "r3", "r1"]}, {"day": 1, "shift": "late", "rooms": ["r0", "r1", "r2", "r3", "r4"]}, {"day": 2, "shift": "late", "rooms": ["r9"]}, {"day": 10, "shift": "night", "rooms": ["r8", "r7", "r1", "r9", "r2", "r3", "r5", "r4", "r6"]}]}, {"id": "n06", "assignments": [{"day": 0, "shift": "late", "rooms": ["r4", "r5", "r6", "r7", "r8", "r9"]}, {"day": 1, "shift": "late", "rooms": ["r5", "r6", "r7", "r8", "r9"]}, {"day": 9, "shift": "early", "rooms": ["r2", "r3", "r4", "r5", "r6", "r7", "r8", "r9"]}, {"day": 20, "shift": "early", "rooms": ["r1", "r8", "r2", "r4", "r0", "r6", "r7", "r5"]}, {"day": 8, "shift": "early", "rooms": ["r3", "r7"]}, {"day": 3, "shift": "late", "rooms": ["r8"]}]}, {"id": "n07", "assignments": [{"day": 0, "shift": "early", "rooms": ["r1", "r0", "r3", "r4"]}, {"day": 5, "shift": "early", "rooms": ["r9", "r5", "r0", "r1", "r2", "r8", "r4", "r7", "r6"]}, {"day": 10, "shift": "night", "rooms": ["r6"]}]}, {"id": "n08", "assignments": [{"day": 13, "shift": "late", "rooms": ["r6", "r0", "r4", "r5", "r8", "r1", "r2", "r7"]}, {"day": 11, "shift": "night", "rooms": ["r1"]}]}, {"id": "n09", "assignments": [{"day": 17, "shift": "night", "rooms": ["r0", "r1", "r2", "r3", "r4", "r5", "r6", "r7", "r8", "r9"]}, {"day": 0, "shift": "late", "rooms": ["r0"]}]}, {"id": "n10", "assignments": [{"day": 8, "shift": "late", "rooms": ["r0", "r1", "r2", "r3", "r4", "r5", "r6", "r7", "r8", "r9"]}, {"day": 12, "shift": "late", "rooms": ["r0", "r1", "r2", "r3", "r4", "r5", "r6", "r7", "r8", "r9"]}, {"day": 14, "shift": "late", "rooms": ["r1"]}]}, {"id": "n13", "assignments": [{"day": 0, "shift": "early", "rooms": ["r8", "r6", "r7", "r5", "r2"]}, {"day": 18, "shift": "night", "rooms": ["r8", "r9", "r0", "r3", "r2", "r4", "r1", "r7", "r6"]}, {"day": 3, "shift": "early", "rooms": ["r6"]}, {"day": 12, "shift": "early", "rooms": ["r5"]}, {"day": 13, "shift": "late", "rooms": ["r3"]}, {"day": 10, "shift": "night", "rooms": ["r5", "r0"]}]}, {"id": "n14", "assignments": [{"day": 1, "shift": "early", "rooms": ["r5", "r6", "r7", "r8", "r9"]}]}, {"id": "n15", "assignments": [{"day": 7, "shift": "late", "rooms": ["r0", "r1", "r2", "r3", "r4", "r5", "r6", "r7", "r8", "r9"]}, {"day": 2, "shift": "early", "rooms": ["r8"]}, {"day": 1, "shift": "early", "rooms": ["r0"]}, {"day": 18, "shift": "early", "rooms": ["r0"]}]}], "room_allocation": {"(0, 'r0')": [["a03", "B", "elderly"], ["a06", "B", "elderly"]], "(0, 'r1')": [], "(0, 'r2')": [["a05", "B", "adult"], ["a11", "B", "adult"]], "(0, 'r3')": [["a04", "B", "adult"], ["a09", "B", "elderly"]], "(0, 'r4')": [["a02", "B", "elderly"], ["a07", "B", "elderly"], ["a12", "B", "elderly"]], "(0, 'r5')": [["a01", "A", "elderly"]], "(0, 'r6')": [], "(0, 'r7')": [["a00", "B", "elderly"], ["a08", "B", "elderly"]], "(0, 'r8')": [["a10", "A", "elderly"]], "(0, 'r9')": [], "(1, 'r0')": [["a06", "B", "elderly"]], "(1, 'r1')": [["p68", "A", "elderly"]], "(1, 'r2')": [["a05", "B", "adult"]], "(1, 'r3')": [], "(1, 'r4')": [["a02", "B", "elderly"], ["a12", "B", "elderly"]], "(1, 'r5')": [["a01", "A", "elderly"]], "(1, 'r6')": [["p33", "B", "elderly"]], "(1, 'r7')": [["a08", "B", "elderly"]], "(1, 'r8')": [["a10", "A", "elderly"], ["p41", "A", "elderly"]], "(1, 'r9')": [["p28", "B", "elderly"], ["p54", "B", "elderly"]], "(2, 'r0')": [["a06", "B", "elderly"]], "(2, 'r1')": [["p68", "A", "elderly"], ["p31", "A", "adult"], ["p05", "A", "elderly"]], "(2, 'r2')": [["a05", "B", "adult"]], "(2, 'r3')": [["p83", "B", "elderly"]], "(2, 'r4')": [["a02", "B", "elderly"], ["a12", "B", "elderly"]], "(2, 'r5')": [], "(2, 'r6')": [["p33", "B", "elderly"], ["p16", "B", "elderly"]], "(2, 'r7')": [], "(2, 'r8')": [["a10", "A", "elderly"], ["p41", "A", "elderly"]], "(2, 'r9')": [["p28", "B", "elderly"], ["p54", "B", "elderly"]], "(3, 'r0')": [], "(3, 'r1')": [["p68", "A", "elderly"], ["p31", "A", "adult"], ["p05", "A", "elderly"]], "(3, 'r2')": [], "(3, 'r3')": [["p83", "B", "elderly"]], "(3, 'r4')": [["a02", "B", "elderly"]], "(3, 'r5')": [], "(3, 'r6')": [["p33", "B", "elderly"], ["p16", "B", "elderly"]], "(3, 'r7')": [], "(3, 'r8')": [["a10", "A", "elderly"]], "(3, 'r9')": [["p28", "B", "elderly"]], "(4, 'r0')": [["p86", "B", "adult"]], "(4, 'r1')": [["p31", "A", "adult"], ["p05", "A", "elderly"]], "(4, 'r2')": [["p34", "A", "adult"]], "(4, 'r3')": [], "(4, 'r4')": [], "(4, 'r5')": [["p26", "A", "elderly"]], "(4, 'r6')": [["p33", "B", "elderly"]], "(4, 'r7')": [], "(4, 'r8')": [["a10", "A", "elderly"], ["p55", "A", "elderly"]], "(4, 'r9')": [["p80", "A", "elderly"]], "(5, 'r0')": [["p86", "B", "adult"]], "(5, 'r1')": [["p05", "A", "elderly"]], "(5, 'r2')": [["p34", "A", "adult"]], "(5, 'r3')": [], "(5, 'r4')": [], "(5, 'r5')": [["p26", "A", "elderly"]], "(5, 'r6')": [["p33", "B", "elderly"]], "(5, 'r7')": [], "(5, 'r8')": [["a10", "A", "elderly"], ["p55", "A", "elderly"]], "(5, 'r9')": [["p80", "A", "elderly"]], "(6, 'r0')": [], "(6, 'r1')": [], "(6, 'r2')": [], "(6, 'r3')": [], "(6, 'r4')": [], "(6, 'r5')": [], "(6, 'r6')": [["p33", "B", "elderly"]], "(6, 'r7')": [], "(6, 'r8')": [["a10", "A", "elderly"]], "(6, 'r9')": [], "(7, 'r0')": [["p48", "B", "elderly"]], "(7, 'r1')": [["p66", "B", "elderly"]], "(7, 'r2')": [["p02", "A", "elderly"]], "(7, 'r3')": [["p17", "A", "elderly"]], "(7, 'r4')": [], "(7, 'r5')": [], "(7, 'r6')": [["p33", "B", "elderly"]], "(7, 'r7')": [["p63", "B", "adult"]], "(7, 'r8')": [["a10", "A", "elderly"]], "(7, 'r9')": [], "(8, 'r0')": [["p48", "B", "elderly"], ["p47", "B", "elderly"]], "(8, 'r1')": [["p66", "B", "elderly"], ["p24", "B", "elderly"]], "(8, 'r2')": [["p02", "A", "elderly"]], "(8, 'r3')": [["p17", "A", "elderly"]], "(8, 'r4')": [], "(8, 'r5')": [["p49", "A", "elderly"]], "(8, 'r6')": [["p33", "B", "elderly"]], "(8, 'r7')": [["p22", "B", "adult"], ["p63", "B", "adult"]], "(8, 'r8')": [["a10", "A", "elderly"]], "(8, 'r9')": [], "(9, 'r0')": [["p48", "B", "elderly"], ["p47", "B", "elderly"]], "(9, 'r1')": [["p66", "B", "elderly"], ["p24", "B", "elderly"]], "(9, 'r2')": [["p02", "A", "elderly"]], "(9, 'r3')": [["p17", "A", "elderly"]], "(9, 'r4')": [], "(9, 'r5')": [["p49", "A", "elderly"]], "(9, 'r6')": [["p33", "B", "elderly"]], "(9, 'r7')": [["p22", "B", "adult"], ["p63", "B", "adult"]], "(9, 'r8')": [["a10", "A", "elderly"]], "(9, 'r9')": [], "(10, 'r0')": [["p48", "B", "elderly"], ["p47", "B", "elderly"]], "(10, 'r1')": [["p66", "B", "elderly"], ["p24", "B", "elderly"]], "(10, 'r2')": [], "(10, 'r3')": [], "(10, 'r4')": [], "(10, 'r5')": [["p49", "A", "elderly"]], "(10, 'r6')": [["p33", "B", "elderly"]], "(10, 'r7')": [["p22", "B", "adult"]], "(10, 'r8')": [], "(10, 'r9')": [], "(11, 'r0')": [["p48", "B", "elderly"]], "(11, 'r1')": [], "(11, 'r2')": [], "(11, 'r3')": [["p14", "A", "adult"]], "(11, 'r4')": [["p40", "B", "elderly"]], "(11, 'r5')": [["p51", "A", "elderly"], ["p75", "A", "elderly"], ["p85", "A", "elderly"]], "(11, 'r6')": [], "(11, 'r7')": [], "(11, 'r8')": [], "(11, 'r9')": [], "(12, 'r0')": [], "(12, 'r1')": [], "(12, 'r2')": [], "(12, 'r3')": [["p14", "A", "adult"]], "(12, 'r4')": [["p40", "B", "elderly"]], "(12, 'r5')": [["p51", "A", "elderly"], ["p75", "A", "elderly"], ["p85", "A", "elderly"]], "(12, 'r6')": [], "(12, 'r7')": [], "(12, 'r8')": [], "(12, 'r9')": [], "(13, 'r0')": [["p44", "A", "elderly"], ["p90", "A", "elderly"]], "(13, 'r1')": [], "(13, 'r2')": [], "(13, 'r3')": [["p14", "A", "adult"]], "(13, 'r4')": [["p40", "B", "elderly"]], "(13, 'r5')": [["p51", "A", "elderly"], ["p75", "A", "elderly"], ["p85", "A", "elderly"]], "(13, 'r6')": [], "(13, 'r7')": [], "(13, 'r8')": [], "(13, 'r9')": [], "(14, 'r0')": [["p44", "A", "elderly"], ["p90", "A", "elderly"]], "(14, 'r1')": [], "(14, 'r2')": [], "(14, 'r3')": [["p14", "A", "adult"]], "(14, 'r4')": [["p40", "B", "elderly"]], "(14, 'r5')": [["p75", "A", "elderly"]], "(14, 'r6')": [], "(14, 'r7')": [], "(14, 'r8')": [], "(14, 'r9')": [], "(15, 'r0')": [["p44", "A", "elderly"], ["p90", "A", "elderly"]], "(15, 'r1')": [], "(15, 'r2')": [], "(15, 'r3')": [], "(15, 'r4')": [], "(15, 'r5')": [["p36", "B", "elderly"]], "(15, 'r6')": [["p42", "B", "elderly"], ["p77", "B", "elderly"]], "(15, 'r7')": [["p52", "A", "elderly"]], "(15, 'r8')": [], "(15, 'r9')": [], "(16, 'r0')": [], "(16, 'r1')": [], "(16, 'r2')": [], "(16, 'r3')": [["p74", "B", "elderly"]], "(16, 'r4')": [["p89", "B", "elderly"]], "(16, 'r5')": [["p36", "B", "elderly"]], "(16, 'r6')": [["p42", "B", "elderly"], ["p77", "B", "elderly"]], "(16, 'r7')": [["p52", "A", "elderly"]], "(16, 'r8')": [], "(16, 'r9')": [], "(17, 'r0')": [], "(17, 'r1')": [], "(17, 'r2')": [], "(17, 'r3')": [["p74", "B", "elderly"]], "(17, 'r4')": [["p89", "B", "elderly"]], "(17, 'r5')": [["p36", "B", "elderly"]], "(17, 'r6')": [["p42", "B", "elderly"], ["p77", "B", "elderly"]], "(17, 'r7')": [["p52", "A", "elderly"]], "(17, 'r8')": [], "(17, 'r9')": [], "(18, 'r0')": [], "(18, 'r1')": [], "(18, 'r2')": [["p69", "B", "elderly"]], "(18, 'r3')": [["p74", "B", "elderly"]], "(18, 'r4')": [["p89", "B", "elderly"]], "(18, 'r5')": [], "(18, 'r6')": [], "(18, 'r7')": [["p52", "A", "elderly"]], "(18, 'r8')": [["p32", "A", "adult"]], "(18, 'r9')": [], "(19, 'r0')": [], "(19, 'r1')": [["p60", "A", "elderly"]], "(19, 'r2')": [["p69", "B", "elderly"]], "(19, 'r3')": [], "(19, 'r4')": [["p01", "B", "elderly"], ["p29", "B", "elderly"]], "(19, 'r5')": [], "(19, 'r6')": [], "(19, 'r7')": [["p04", "A", "adult"], ["p07", "A", "adult"]], "(19, 'r8')": [["p32", "A", "adult"]], "(19, 'r9')": [], "(20, 'r0')": [], "(20, 'r1')": [["p60", "A", "elderly"]], "(20, 'r2')": [["p69", "B", "elderly"]], "(20, 'r3')": [], "(20, 'r4')": [["p01", "B", "elderly"], ["p29", "B", "elderly"]], "(20, 'r5')": [], "(20, 'r6')": [], "(20, 'r7')": [["p04", "A", "adult"], ["p07", "A", "adult"]], "(20, 'r8')": [["p32", "A", "adult"]], "(20, 'r9')": []}, "theater_allocation": {"(0, 't0')": 0, "(0, 't1')": 0, "(1, 't0')": 480, "(1, 't1')": 120, "(2, 't0')": 600, "(2, 't1')": 240, "(3, 't0')": 600, "(3, 't1')": 720, "(4, 't0')": 720, "(4, 't1')": 120, "(5, 't0')": 0, "(5, 't1')": 600, "(6, 't0')": 720, "(6, 't1')": 0, "(7, 't0')": 0, "(7, 't1')": 240, "(8, 't0')": 720, "(8, 't1')": 120, "(9, 't0')": 600, "(9, 't1')": 720, "(10, 't0')": 720, "(10, 't1')": 720, "(11, 't0')": 720, "(11, 't1')": 120, "(12, 't0')": 0, "(12, 't1')": 0, "(13, 't0')": 600, "(13, 't1')": 480, "(14, 't0')": 600, "(14, 't1')": 720, "(15, 't0')": 480, "(15, 't1')": 120, "(16, 't0')": 600, "(16, 't1')": 450, "(17, 't0')": 600, "(17, 't1')": 720, "(18, 't0')": 600, "(18, 't1')": 120, "(19, 't0')": 600, "(19, 't1')": 300, "(20, 't0')": 0, "(20, 't1')": 0}, "surgeon_allocation": {"(0, 's0')": 0, "(1, 's0')": 0, "(2, 's0')": 0, "(3, 's0')": 0, "(4, 's0')": 0, "(5, 's0')": 0, "(6, 's0')": 0, "(7, 's0')": 0, "(8, 's0')": 0, "(9, 's0')": 0, "(10, 's0')": 0, "(11, 's0')": 0, "(12, 's0')": 0, "(13, 's0')": 240, "(14, 's0')": 360, "(15, 's0')": 0, "(16, 's0')": 450, "(17, 's0')": 0, "(18, 's0')": 0, "(19, 's0')": 60, "(20, 's0')": 0}, "operator": "['add_nurse_room']"}