{"patients": [{"id": "p007", "admission_day": 1, "room": "r14", "operating_theater": "t0"}, {"id": "p138", "admission_day": 1, "room": "r10", "operating_theater": "t0"}, {"id": "p001", "admission_day": 1, "room": "r00", "operating_theater": "t0"}, {"id": "p031", "admission_day": 1, "room": "r01", "operating_theater": "t0"}, {"id": "p062", "admission_day": 1, "room": "r01", "operating_theater": "t0"}, {"id": "p142", "admission_day": 1, "room": "r00", "operating_theater": "t0"}, {"id": "p003", "admission_day": 1, "room": "r01", "operating_theater": "t1"}, {"id": "p020", "admission_day": 1, "room": "r03", "operating_theater": "t1"}, {"id": "p023", "admission_day": 1, "room": "r04", "operating_theater": "t1"}, {"id": "p082", "admission_day": 1, "room": "r04", "operating_theater": "t1"}, {"id": "p002", "admission_day": 2, "room": "r05", "operating_theater": "t1"}, {"id": "p035", "admission_day": 2, "room": "r03", "operating_theater": "t1"}, {"id": "p064", "admission_day": 2, "room": "r05", "operating_theater": "t2"}, {"id": "p133", "admission_day": 2, "room": "r06", "operating_theater": "t1"}, {"id": "p154", "admission_day": 2, "room": "r06", "operating_theater": "t1"}, {"id": "p164", "admission_day": 2, "room": "r07", "operating_theater": "t1"}, {"id": "p119", "admission_day": 2, "room": "r06", "operating_theater": "t1"}, {"id": "p025", "admission_day": 17, "room": "r07", "operating_theater": "t1"}, {"id": "p049", "admission_day": 2, "room": "r08", "operating_theater": "t2"}, {"id": "p111", "admission_day": 2, "room": "r12", "operating_theater": "t2"}, {"id": "p211", "admission_day": 3, "room": "r00", "operating_theater": "t1"}, {"id": "p223", "admission_day": 3, "room": "r05", "operating_theater": "t1"}, {"id": "p245", "admission_day": 3, "room": "r09", "operating_theater": "t1"}, {"id": "p014", "admission_day": 4, "room": "r01", "operating_theater": "t1"}, {"id": "p148", "admission_day": 7, "room": "r10", "operating_theater": "t1"}, {"id": "p040", "admission_day": 4, "room": "r08", "operating_theater": "t1"}, {"id": "p208", "admission_day": 4, "room": "r10", "operating_theater": "t1"}, {"id": "p044", "admission_day": 4, "room": "r11", "operating_theater": "t1"}, {"id": "p200", "admission_day": 4, "room": "r02", "operating_theater": "t1"}, {"id": "p228", "admission_day": 4, "room": "r11", "operating_theater": "t1"}, {"id": "p045", "admission_day": 4, "room": "r15", "operating_theater": "t2"}, {"id": "p072", "admission_day": 4, "room": "r06", "operating_theater": "t2"}, {"id": "p030", "admission_day": 4, "room": "r12", "operating_theater": "t2"}, {"id": "p083", "admission_day": 4, "room": "r09", "operating_theater": "t2"}, {"id": "p132", "admission_day": 7, "room": "r11", "operating_theater": "t0"}, {"id": "p021", "admission_day": 7, "room": "r02", "operating_theater": "t0"}, {"id": "p233", "admission_day": 7, "room": "r18", "operating_theater": "t0"}, {"id": "p197", "admission_day": 7, "room": "r00", "operating_theater": "t0"}, {"id": "p207", "admission_day": 7, "room": "r04", "operating_theater": "t2"}, {"id": "p222", "admission_day": 7, "room": "r04", "operating_theater": "t3"}, {"id": "p172", "admission_day": 8, "room": "r01", "operating_theater": "t0"}, {"id": "p204", "admission_day": 8, "room": "r03", "operating_theater": "t0"}, {"id": "p089", "admission_day": 8, "room": "r14", "operating_theater": "t0"}, {"id": "p009", "admission_day": 9, "room": "r00", "operating_theater": "t0"}, {"id": "p254", "admission_day": 9, "room": "r06", "operating_theater": "t0"}, {"id": "p186", "admission_day": 9, "room": "r07", "operating_theater": "t0"}, {"id": "p130", "admission_day": 9, "room": "r01", "operating_theater": "t0"}, {"id": "p194", "admission_day": 9, "room": "r03", "operating_theater": "t1"}, {"id": "p192", "admission_day": 9, "room": "r08", "operating_theater": "t0"}, {"id": "p244", "admission_day": 9, "room": "r15", "operating_theater": "t1"}, {"id": "p136", "admission_day": 11, "room": "r00", "operating_theater": "t0"}, {"id": "p203", "admission_day": 11, "room": "r01", "operating_theater": "t0"}, {"id": "p220", "admission_day": 11, "room": "r00", "operating_theater": "t0"}, {"id": "p182", "admission_day": 11, "room": "r04", "operating_theater": "t0"}, {"id": "p071", "admission_day": 13, "room": "r01", "operating_theater": "t0"}, {"id": "p205", "admission_day": 16, "room": "r17", "operating_theater": "t3"}, {"id": "p081", "admission_day": 19, "room": "r16", "operating_theater": "t2"}, {"id": "p250", "admission_day": 17, "room": "r12", "operating_theater": "t1"}, {"id": "p125", "admission_day": 14, "room": "r00", "operating_theater": "t0"}, {"id": "p166", "admission_day": 14, "room": "r00", "operating_theater": "t0"}, {"id": "p171", "admission_day": 17, "room": "r03", "operating_theater": "t1"}, {"id": "p000", "admission_day": "none"}, {"id": "p004", "admission_day": 13, "room": "r08", "operating_theater": "t1"}, {"id": "p005", "admission_day": "none"}, {"id": "p006", "admission_day": "none"}, {"id": "p008", "admission_day": 16, "room": "r12", "operating_theater": "t3"}, {"id": "p010", "admission_day": "none"}, {"id": "p011", "admission_day": "none"}, {"id": "p012", "admission_day": "none"}, {"id": "p013", "admission_day": "none"}, {"id": "p015", "admission_day": "none"}, {"id": "p016", "admission_day": 16, "room": "r08", "operating_theater": "t0"}, {"id": "p017", "admission_day": "none"}, {"id": "p018", "admission_day": 17, "room": "r09", "operating_theater": "t1"}, {"id": "p022", "admission_day": 13, "room": "r02", "operating_theater": "t3"}, {"id": "p024", "admission_day": "none"}, {"id": "p026", "admission_day": "none"}, {"id": "p027", "admission_day": "none"}, {"id": "p028", "admission_day": "none"}, {"id": "p029", "admission_day": "none"}, {"id": "p032", "admission_day": 11, "room": "r17", "operating_theater": "t2"}, {"id": "p033", "admission_day": "none"}, {"id": "p034", "admission_day": 19, "room": "r15", "operating_theater": "t2"}, {"id": "p036", "admission_day": "none"}, {"id": "p037", "admission_day": "none"}, {"id": "p038", "admission_day": "none"}, {"id": "p041", "admission_day": "none"}, {"id": "p042", "admission_day": 16, "room": "r18", "operating_theater": "t0"}, {"id": "p043", "admission_day": "none"}, {"id": "p046", "admission_day": "none"}, {"id": "p047", "admission_day": "none"}, {"id": "p048", "admission_day": "none"}, {"id": "p050", "admission_day": "none"}, {"id": "p051", "admission_day": 11, "room": "r14", "operating_theater": "t0"}, {"id": "p052", "admission_day": 13, "room": "r05", "operating_theater": "t0"}, {"id": "p054", "admission_day": "none"}, {"id": "p055", "admission_day": "none"}, {"id": "p056", "admission_day": "none"}, {"id": "p057", "admission_day": "none"}, {"id": "p059", "admission_day": "none"}, {"id": "p061", "admission_day": "none"}, {"id": "p063", "admission_day": "none"}, {"id": "p065", "admission_day": "none"}, {"id": "p066", "admission_day": "none"}, {"id": "p067", "admission_day": 16, "room": "r06", "operating_theater": "t0"}, {"id": "p068", "admission_day": 7, "room": "r07", "operating_theater": "t2"}, {"id": "p069", "admission_day": "none"}, {"id": "p070", "admission_day": 13, "room": "r12", "operating_theater": "t0"}, {"id": "p073", "admission_day": "none"}, {"id": "p074", "admission_day": "none"}, {"id": "p075", "admission_day": "none"}, {"id": "p077", "admission_day": 17, "room": "r15", "operating_theater": "t1"}, {"id": "p078", "admission_day": "none"}, {"id": "p080", "admission_day": "none"}, {"id": "p084", "admission_day": "none"}, {"id": "p085", "admission_day": "none"}, {"id": "p086", "admission_day": "none"}, {"id": "p087", "admission_day": 19, "room": "r18", "operating_theater": "t1"}, {"id": "p088", "admission_day": 7, "room": "r17", "operating_theater": "t1"}, {"id": "p090", "admission_day": 7, "room": "r02", "operating_theater": "t3"}, {"id": "p091", "admission_day": 19, "room": "r10", "operating_theater": "t1"}, {"id": "p092", "admission_day": "none"}, {"id": "p094", "admission_day": "none"}, {"id": "p095", "admission_day": "none"}, {"id": "p096", "admission_day": 3, "room": "r14", "operating_theater": "t1"}, {"id": "p097", "admission_day": "none"}, {"id": "p098", "admission_day": "none"}, {"id": "p099", "admission_day": "none"}, {"id": "p100", "admission_day": 7, "room": "r15", "operating_theater": "t2"}, {"id": "p102", "admission_day": "none"}, {"id": "p103", "admission_day": "none"}, {"id": "p104", "admission_day": 3, "room": "r09", "operating_theater": "t1"}, {"id": "p105", "admission_day": "none"}, {"id": "p106", "admission_day": "none"}, {"id": "p107", "admission_day": 11, "room": "r16", "operating_theater": "t2"}, {"id": "p108", "admission_day": 14, "room": "r16", "operating_theater": "t0"}, {"id": "p109", "admission_day": 8, "room": "r11", "operating_theater": "t3"}, {"id": "p110", "admission_day": "none"}, {"id": "p112", "admission_day": "none"}, {"id": "p113", "admission_day": 16, "room": "r01", "operating_theater": "t0"}, {"id": "p114", "admission_day": "none"}, {"id": "p115", "admission_day": "none"}, {"id": "p116", "admission_day": "none"}, {"id": "p117", "admission_day": "none"}, {"id": "p118", "admission_day": "none"}, {"id": "p120", "admission_day": "none"}, {"id": "p121", "admission_day": "none"}, {"id": "p122", "admission_day": 14, "room": "r13", "operating_theater": "t2"}, {"id": "p124", "admission_day": 7, "room": "r00", "operating_theater": "t1"}, {"id": "p127", "admission_day": "none"}, {"id": "p128", "admission_day": 2, "room": "r17", "operating_theater": "t1"}, {"id": "p129", "admission_day": 13, "room": "r07", "operating_theater": "t1"}, {"id": "p131", "admission_day": 4, "room": "r07", "operating_theater": "t1"}, {"id": "p134", "admission_day": "none"}, {"id": "p135", "admission_day": "none"}, {"id": "p137", "admission_day": 7, "room": "r16", "operating_theater": "t2"}, {"id": "p139", "admission_day": "none"}, {"id": "p140", "admission_day": 8, "room": "r08", "operating_theater": "t0"}, {"id": "p141", "admission_day": 19, "room": "r04", "operating_theater": "t1"}, {"id": "p143", "admission_day": 14, "room": "r00", "operating_theater": "t2"}, {"id": "p144", "admission_day": "none"}, {"id": "p145", "admission_day": "none"}, {"id": "p146", "admission_day": 16, "room": "r02", "operating_theater": "t2"}, {"id": "p147", "admission_day": "none"}, {"id": "p149", "admission_day": "none"}, {"id": "p150", "admission_day": 13, "room": "r15", "operating_theater": "t3"}, {"id": "p151", "admission_day": "none"}, {"id": "p152", "admission_day": "none"}, {"id": "p153", "admission_day": "none"}, {"id": "p155", "admission_day": "none"}, {"id": "p156", "admission_day": "none"}, {"id": "p157", "admission_day": 16, "room": "r06", "operating_theater": "t2"}, {"id": "p158", "admission_day": "none"}, {"id": "p159", "admission_day": 14, "room": "r05", "operating_theater": "t0"}, {"id": "p160", "admission_day": "none"}, {"id": "p161", "admission_day": "none"}, {"id": "p162", "admission_day": "none"}, {"id": "p163", "admission_day": "none"}, {"id": "p165", "admission_day": 19, "room": "r15", "operating_theater": "t0"}, {"id": "p167", "admission_day": "none"}, {"id": "p169", "admission_day": "none"}, {"id": "p170", "admission_day": "none"}, {"id": "p173", "admission_day": 2, "room": "r09", "operating_theater": "t1"}, {"id": "p174", "admission_day": "none"}, {"id": "p175", "admission_day": "none"}, {"id": "p176", "admission_day": "none"}, {"id": "p177", "admission_day": "none"}, {"id": "p178", "admission_day": 4, "room": "r13", "operating_theater": "t2"}, {"id": "p179", "admission_day": "none"}, {"id": "p180", "admission_day": 17, "room": "r09", "operating_theater": "t1"}, {"id": "p181", "admission_day": 8, "room": "r06", "operating_theater": "t0"}, {"id": "p183", "admission_day": "none"}, {"id": "p184", "admission_day": 7, "room": "r09", "operating_theater": "t2"}, {"id": "p185", "admission_day": 3, "room": "r00", "operating_theater": "t1"}, {"id": "p187", "admission_day": "none"}, {"id": "p188", "admission_day": "none"}, {"id": "p189", "admission_day": "none"}, {"id": "p190", "admission_day": "none"}, {"id": "p191", "admission_day": "none"}, {"id": "p193", "admission_day": 9, "room": "r13", "operating_theater": "t1"}, {"id": "p195", "admission_day": 16, "room": "r12", "operating_theater": "t3"}, {"id": "p196", "admission_day": 13, "room": "r06", "operating_theater": "t0"}, {"id": "p198", "admission_day": "none"}, {"id": "p199", "admission_day": "none"}, {"id": "p201", "admission_day": 19, "room": "r16", "operating_theater": "t0"}, {"id": "p206", "admission_day": 8, "room": "r01", "operating_theater": "t3"}, {"id": "p209", "admission_day": "none"}, {"id": "p210", "admission_day": 19, "room": "r03", "operating_theater": "t0"}, {"id": "p212", "admission_day": "none"}, {"id": "p213", "admission_day": "none"}, {"id": "p214", "admission_day": "none"}, {"id": "p215", "admission_day": "none"}, {"id": "p216", "admission_day": 13, "room": "r17", "operating_theater": "t0"}, {"id": "p217", "admission_day": 17, "room": "r15", "operating_theater": "t0"}, {"id": "p218", "admission_day": "none"}, {"id": "p219", "admission_day": 17, "room": "r01", "operating_theater": "t0"}, {"id": "p221", "admission_day": 19, "room": "r08", "operating_theater": "t1"}, {"id": "p224", "admission_day": "none"}, {"id": "p225", "admission_day": "none"}, {"id": "p226", "admission_day": 2, "room": "r18", "operating_theater": "t1"}, {"id": "p227", "admission_day": 13, "room": "r01", "operating_theater": "t0"}, {"id": "p229", "admission_day": "none"}, {"id": "p230", "admission_day": 13, "room": "r11", "operating_theater": "t1"}, {"id": "p231", "admission_day": "none"}, {"id": "p234", "admission_day": "none"}, {"id": "p235", "admission_day": "none"}, {"id": "p236", "admission_day": "none"}, {"id": "p237", "admission_day": "none"}, {"id": "p238", "admission_day": 19, "room": "r12", "operating_theater": "t1"}, {"id": "p239", "admission_day": "none"}, {"id": "p240", "admission_day": 16, "room": "r10", "operating_theater": "t2"}, {"id": "p241", "admission_day": 11, "room": "r17", "operating_theater": "t2"}, {"id": "p242", "admission_day": "none"}, {"id": "p243", "admission_day": "none"}, {"id": "p246", "admission_day": 7, "room": "r13", "operating_theater": "t2"}, {"id": "p247", "admission_day": "none"}, {"id": "p249", "admission_day": "none"}, {"id": "p251", "admission_day": "none"}, {"id": "p252", "admission_day": 14, "room": "r02", "operating_theater": "t0"}, {"id": "p253", "admission_day": "none"}, {"id": "p255", "admission_day": "none"}, {"id": "p256", "admission_day": 8, "room": "r14", "operating_theater": "t3"}], "nurses": [{"id": "n000", "assignments": [{"day": 0, "shift": "late", "rooms": ["r00", "r01", "r02", "r03"]}, {"day": 1, "shift": "night", "rooms": ["r00", "r01", "r02"]}, {"day": 3, "shift": "early", "rooms": ["r00", "r01"]}, {"day": 4, "shift": "early", "rooms": ["r00", "r01"]}, {"day": 5, "shift": "night", "rooms": ["r00", "r01", "r02"]}, {"day": 6, "shift": "night", "rooms": ["r00", "r01", "r02", "r03", "r04", "r05", "r06"]}, {"day": 7, "shift": "night", "rooms": ["r00", "r01", "r02"]}, {"day": 9, "shift": "early", "rooms": ["r00", "r01"]}, {"day": 10, "shift": "late", "rooms": ["r00", "r01", "r02"]}, {"day": 11, "shift": "late", "rooms": ["r00", "r01"]}, {"day": 13, "shift": "early", "rooms": ["r00", "r01"]}, {"day": 14, "shift": "early", "rooms": ["r00", "r01", "r02"]}, {"day": 15, "shift": "early", "rooms": ["r00", "r01"]}, {"day": 16, "shift": "early", "rooms": ["r00", "r01", "r02", "r03", "r04"]}, {"day": 17, "shift": "early", "rooms": ["r01", "r02", "r03", "r04", "r00"]}, {"day": 18, "shift": "night", "rooms": ["r00", "r01", "r02", "r03", "r04", "r05", "r06", "r07", "r08", "r09", "r10", "r11", "r12", "r13", "r14", "r15", "r16", "r17", "r18"]}, {"day": 19, "shift": "night", "rooms": ["r00", "r01", "r02", "r03", "r04", "r05", "r06", "r07", "r08", "r09", "r10", "r11", "r12", "r13", "r14", "r15", "r16", "r17", "r18"]}]}, {"id": "n001", "assignments": [{"day": 0, "shift": "late", "rooms": ["r04", "r05", "r06", "r07", "r08", "r09", "r10", "r11", "r12"]}, {"day": 1, "shift": "late", "rooms": ["r00", "r01"]}, {"day": 2, "shift": "late", "rooms": ["r00", "r01"]}, {"day": 3, "shift": "night", "rooms": ["r00", "r01", "r02"]}, {"day": 4, "shift": "night", "rooms": ["r00", "r01", "r02", "r03"]}, {"day": 6, "shift": "early", "rooms": ["r00", "r01", "r02", "r03"]}, {"day": 7, "shift": "night", "rooms": ["r03", "r04", "r05", "r06", "r07", "r08", "r09", "r10", "r11"]}, {"day": 8, "shift": "night", "rooms": ["r00", "r01", "r02"]}, {"day": 10, "shift": "early", "rooms": ["r00", "r01", "r02"]}, {"day": 11, "shift": "night", "rooms": ["r00", "r01", "r02", "r03"]}, {"day": 12, "shift": "night", "rooms": ["r00", "r01", "r02", "r03"]}, {"day": 13, "shift": "night", "rooms": ["r00", "r01", "r02", "r03"]}, {"day": 14, "shift": "night", "rooms": ["r00", "r01", "r02", "r03", "r04"]}, {"day": 16, "shift": "early", "rooms": ["r05", "r06", "r07", "r08", "r09", "r10", "r11", "r12", "r13", "r14", "r15", "r16", "r17", "r18"]}, {"day": 17, "shift": "early", "rooms": ["r05", "r06", "r07", "r08", "r09", "r10", "r11", "r12", "r13", "r14", "r15", "r16", "r17", "r18"]}, {"day": 18, "shift": "late", "rooms": ["r00", "r01", "r02", "r03", "r04", "r05", "r06", "r07", "r08", "r09", "r10", "r11", "r12", "r13", "r14", "r15", "r16", "r17", "r18"]}, {"day": 20, "shift": "night", "rooms": ["r00", "r01", "r02", "r03", "r04", "r05", "r06", "r07", "r08", "r09", "r10", "r11", "r12", "r13", "r14", "r15", "r16", "r17", "r18"]}]}, {"id": "n002", "assignments": [{"day": 0, "shift": "late", "rooms": ["r14", "r18", "r17", "r16", "r13", "r15"]}, {"day": 2, "shift": "early", "rooms": ["r00", "r01"]}, {"day": 3, "shift": "early", "rooms": ["r02", "r03", "r04"]}, {"day": 4, "shift": "early", "rooms": ["r02", "r03", "r04"]}, {"day": 5, "shift": "early", "rooms": ["r00", "r01"]}, {"day": 6, "shift": "early", "rooms": ["r04", "r07", "r06", "r10", "r08", "r09"]}, {"day": 7, "shift": "night", "rooms": ["r12", "r13", "r14", "r15", "r16", "r17", "r18"]}, {"day": 9, "shift": "early", "rooms": ["r02", "r03", "r04"]}, {"day": 10, "shift": "night", "rooms": ["r00", "r01", "r02", "r03"]}, {"day": 12, "shift": "early", "rooms": ["r00", "r01", "r02"]}, {"day": 13, "shift": "early", "rooms": ["r05", "r07", "r03", "r06", "r02"]}, {"day": 14, "shift": "late", "rooms": ["r00", "r01", "r02"]}, {"day": 15, "shift": "late", "rooms": ["r00", "r01", "r02", "r03"]}, {"day": 16, "shift": "night", "rooms": ["r00", "r01", "r02", "r03", "r04", "r05", "r06", "r07", "r08", "r09", "r10", "r11", "r12", "r13", "r14", "r15", "r16", "r17", "r18"]}, {"day": 18, "shift": "early", "rooms": ["r00", "r01", "r02", "r03", "r04"]}, {"day": 19, "shift": "early", "rooms": ["r08", "r12", "r16", "r04", "r01", "r17", "r13", "r11", "r05", "r10", "r14", "r06", "r00", "r02", "r18", "r15", "r09", "r03", "r07"]}, {"day": 20, "shift": "early", "rooms": ["r00", "r01", "r02", "r03", "r04", "r05", "r06", "r07", "r08", "r09", "r10", "r11", "r12", "r13", "r14", "r15", "r16", "r17", "r18"]}]}, {"id": "n003", "assignments": [{"day": 0, "shift": "night", "rooms": ["r00", "r01", "r02", "r03", "r04", "r05", "r06", "r07", "r08", "r09", "r10", "r11", "r12", "r13", "r14", "r15", "r16"]}, {"day": 1, "shift": "night", "rooms": ["r03", "r04", "r05", "r06", "r07", "r08", "r09", "r10", "r11", "r12", "r13", "r14", "r15", "r16", "r17", "r18"]}, {"day": 3, "shift": "late", "rooms": ["r00", "r01"]}, {"day": 4, "shift": "night", "rooms": ["r04", "r05", "r06", "r07"]}, {"day": 6, "shift": "early", "rooms": ["r11", "r12", "r13", "r14", "r15", "r16", "r17", "r18"]}, {"day": 7, "shift": "early", "rooms": ["r00", "r01"]}, {"day": 8, "shift": "early", "rooms": ["r00", "r01"]}, {"day": 9, "shift": "early", "rooms": ["r05", "r06", "r07", "r08"]}, {"day": 10, "shift": "early", "rooms": ["r03", "r04", "r05"]}, {"day": 11, "shift": "night", "rooms": ["r04", "r05", "r06", "r07", "r08", "r09", "r10", "r11", "r12", "r13", "r14", "r15", "r16", "r17", "r18"]}, {"day": 12, "shift": "night", "rooms": ["r04", "r05", "r06", "r07", "r08", "r09", "r10", "r11", "r12", "r13", "r14", "r15", "r16", "r17", "r18"]}, {"day": 14, "shift": "early", "rooms": ["r03", "r04", "r05", "r06", "r07", "r08", "r09", "r10", "r11", "r12", "r13", "r14", "r15", "r16", "r17", "r18"]}, {"day": 15, "shift": "late", "rooms": ["r04", "r05", "r06", "r07", "r08", "r09", "r10", "r11", "r12", "r13", "r14", "r15", "r16", "r17", "r18"]}, {"day": 18, "shift": "early", "rooms": ["r05", "r06", "r07", "r08", "r09", "r10", "r11", "r12", "r13", "r14", "r15", "r16", "r17", "r18"]}]}, {"id": "n004", "assignments": [{"day": 2, "shift": "early", "rooms": ["r02", "r03", "r04"]}, {"day": 3, "shift": "late", "rooms": ["r02", "r03", "r04"]}, {"day": 4, "shift": "late", "rooms": ["r00", "r01"]}, {"day": 5, "shift": "night", "rooms": ["r03", "r04", "r05", "r06", "r07"]}, {"day": 6, "shift": "night", "rooms": ["r07", "r08", "r09", "r10", "r11"]}, {"day": 8, "shift": "early", "rooms": ["r02", "r03", "r04"]}, {"day": 10, "shift": "early", "rooms": ["r06", "r07", "r08", "r09", "r10", "r11", "r12", "r13", "r14", "r15", "r16", "r17", "r18"]}, {"day": 11, "shift": "early", "rooms": ["r00", "r01"]}, {"day": 12, "shift": "early", "rooms": ["r03", "r04", "r05", "r06", "r07", "r08", "r09", "r10", "r11", "r12", "r13", "r14", "r15", "r16", "r17", "r18"]}, {"day": 13, "shift": "early", "rooms": ["r08", "r09", "r10", "r11", "r12", "r13", "r14", "r15", "r16", "r17", "r18"]}, {"day": 19, "shift": "late", "rooms": ["r08", "r12", "r16", "r04", "r01", "r17", "r13", "r11", "r05", "r10", "r14", "r06", "r00", "r02", "r18", "r15", "r09", "r03", "r07"]}]}, {"id": "n005", "assignments": [{"day": 1, "shift": "late", "rooms": ["r02", "r03"]}, {"day": 2, "shift": "late", "rooms": ["r02", "r03"]}, {"day": 3, "shift": "late", "rooms": ["r05", "r06"]}, {"day": 4, "shift": "late", "rooms": ["r02", "r03"]}, {"day": 5, "shift": "late", "rooms": ["r00", "r01"]}, {"day": 6, "shift": "night", "rooms": ["r12", "r13", "r14", "r15", "r16", "r17", "r18"]}, {"day": 8, "shift": "late", "rooms": ["r00", "r01"]}, {"day": 9, "shift": "night", "rooms": ["r00", "r01"]}, {"day": 10, "shift": "night", "rooms": ["r04", "r05", "r06", "r07", "r08"]}, {"day": 16, "shift": "late", "rooms": ["r00", "r01", "r02", "r03", "r04"]}, {"day": 17, "shift": "late", "rooms": ["r00", "r01", "r02", "r03", "r04"]}, {"day": 11, "shift": "night", "rooms": ["r06"]}]}, {"id": "n006", "assignments": [{"day": 1, "shift": "late", "rooms": ["r04", "r05", "r06", "r07", "r08", "r09"]}, {"day": 2, "shift": "night", "rooms": ["r00", "r01"]}, {"day": 3, "shift": "night", "rooms": ["r03", "r04", "r05", "r06"]}, {"day": 5, "shift": "early", "rooms": ["r02", "r03"]}, {"day": 8, "shift": "early", "rooms": ["r05", "r06", "r07", "r08", "r09", "r10", "r11"]}, {"day": 9, "shift": "early", "rooms": ["r09", "r10", "r11", "r12", "r13", "r14", "r15", "r16", "r17", "r18"]}, {"day": 10, "shift": "late", "rooms": ["r03", "r04", "r05"]}, {"day": 17, "shift": "night", "rooms": ["r00", "r01", "r02", "r03", "r04", "r05", "r06", "r07", "r08", "r09", "r10", "r11", "r12", "r13", "r14", "r15", "r16", "r17", "r18"]}, {"day": 20, "shift": "early", "rooms": ["r09"]}]}, {"id": "n007", "assignments": [{"day": 0, "shift": "night", "rooms": ["r17", "r18"]}, {"day": 2, "shift": "night", "rooms": ["r02", "r03", "r04", "r05", "r06"]}, {"day": 4, "shift": "late", "rooms": ["r04", "r05"]}, {"day": 5, "shift": "late", "rooms": ["r02", "r03"]}, {"day": 8, "shift": "night", "rooms": ["r03", "r04", "r05", "r06", "r07", "r08", "r09", "r10", "r11"]}, {"day": 9, "shift": "night", "rooms": ["r02", "r03", "r04", "r05", "r06"]}, {"day": 10, "shift": "night", "rooms": ["r09", "r10", "r11", "r12", "r13", "r14", "r15", "r16", "r17", "r18"]}, {"day": 13, "shift": "night", "rooms": ["r04", "r05", "r06", "r07", "r08", "r09", "r10", "r11", "r12", "r13", "r14", "r15", "r16", "r17", "r18"]}]}, {"id": "n008", "assignments": [{"day": 0, "shift": "early", "rooms": ["r01", "r05", "r06", "r02", "r03", "r07", "r04", "r00"]}, {"day": 1, "shift": "early", "rooms": ["r00", "r01", "r02"]}, {"day": 2, "shift": "early", "rooms": ["r05", "r06", "r07"]}, {"day": 3, "shift": "night", "rooms": ["r08", "r07"]}, {"day": 5, "shift": "night", "rooms": ["r10", "r14", "r18", "r08", "r12", "r13", "r16", "r15", "r09", "r11"]}, {"day": 8, "shift": "night", "rooms": ["r12", "r13", "r14", "r15", "r16", "r17", "r18"]}, {"day": 9, "shift": "night", "rooms": ["r07", "r08", "r09", "r10"]}, {"day": 11, "shift": "early", "rooms": ["r02", "r03", "r04", "r05", "r06"]}, {"day": 7, "shift": "night", "rooms": ["r10"]}]}, {"id": "n009", "assignments": [{"day": 1, "shift": "early", "rooms": ["r03", "r04", "r05"]}, {"day": 2, "shift": "late", "rooms": ["r04", "r05"]}, {"day": 3, "shift": "late", "rooms": ["r07", "r08", "r09"]}, {"day": 4, "shift": "night", "rooms": ["r08", "r09", "r10", "r11"]}, {"day": 6, "shift": "late", "rooms": ["r00", "r01", "r02"]}, {"day": 11, "shift": "early", "rooms": ["r07", "r08", "r09", "r10", "r11", "r12", "r13", "r14", "r15", "r16", "r17", "r18"]}, {"day": 16, "shift": "late", "rooms": ["r05", "r06", "r07", "r08", "r09", "r10", "r11", "r12", "r13", "r14", "r15", "r16", "r17", "r18"]}, {"day": 20, "shift": "late", "rooms": ["r17", "r15", "r03", "r07", "r13", "r05", "r06", "r04", "r11", "r10", "r09", "r01", "r12", "r08", "r16", "r18", "r14", "r00"]}]}, {"id": "n010", "assignments": [{"day": 1, "shift": "late", "rooms": ["r10", "r11", "r12", "r13", "r14", "r15", "r16", "r17", "r18"]}, {"day": 2, "shift": "night", "rooms": ["r07", "r08", "r09", "r10", "r11", "r12", "r13", "r14", "r15", "r16", "r17", "r18"]}, {"day": 3, "shift": "night", "rooms": ["r10", "r11", "r12", "r13", "r14", "r15", "r16", "r17", "r18"]}, {"day": 4, "shift": "night", "rooms": ["r12", "r13", "r14", "r15", "r16", "r17", "r18"]}, {"day": 9, "shift": "night", "rooms": ["r11", "r12", "r13", "r14", "r15", "r16", "r17", "r18"]}, {"day": 12, "shift": "late", "rooms": ["r00", "r01"]}, {"day": 13, "shift": "late", "rooms": ["r00", "r01"]}, {"day": 14, "shift": "late", "rooms": ["r03", "r04", "r05", "r06", "r07", "r08", "r09", "r10", "r11", "r12", "r13", "r14", "r15", "r16", "r17", "r18"]}, {"day": 16, "shift": "night", "rooms": ["r16"]}, {"day": 17, "shift": "night", "rooms": ["r06"]}, {"day": 11, "shift": "early", "rooms": ["r04"]}]}, {"id": "n011", "assignments": [{"day": 3, "shift": "early", "rooms": ["r05", "r06"]}, {"day": 4, "shift": "late", "rooms": ["r06", "r07", "r08"]}, {"day": 14, "shift": "night", "rooms": ["r06", "r10", "r07", "r18", "r15", "r17", "r08", "r12", "r05", "r14", "r11", "r09", "r13"]}, {"day": 7, "shift": "night", "rooms": ["r18"]}]}, {"id": "n012", "assignments": [{"day": 2, "shift": "late", "rooms": ["r06", "r07"]}, {"day": 3, "shift": "late", "rooms": ["r10", "r11", "r12", "r13", "r14", "r15", "r16", "r17", "r18"]}, {"day": 4, "shift": "late", "rooms": ["r09", "r10"]}, {"day": 5, "shift": "late", "rooms": ["r04", "r05", "r06", "r07"]}, {"day": 6, "shift": "late", "rooms": ["r03", "r04", "r05", "r06", "r07", "r08"]}, {"day": 8, "shift": "early", "rooms": ["r12", "r13", "r14", "r15", "r16", "r17", "r18"]}, {"day": 11, "shift": "late", "rooms": ["r02", "r03", "r04", "r05"]}, {"day": 12, "shift": "late", "rooms": ["r02", "r03", "r04", "r05", "r06", "r07"]}, {"day": 1, "shift": "late", "rooms": ["r09"]}]}, {"id": "n013", "assignments": [{"day": 2, "shift": "late", "rooms": ["r08", "r09"]}, {"day": 15, "shift": "night", "rooms": ["r00", "r13", "r06", "r03", "r17", "r01", "r04", "r18", "r16", "r02", "r08", "r15", "r09", "r10", "r12", "r05", "r14", "r11"]}, {"day": 13, "shift": "early", "rooms": ["r04"]}, {"day": 9, "shift": "early", "rooms": ["r15"]}]}, {"id": "n014", "assignments": [{"day": 2, "shift": "late", "rooms": ["r10", "r11", "r12", "r13", "r14", "r15", "r16", "r17", "r18"]}, {"day": 7, "shift": "early", "rooms": ["r02", "r03", "r04"]}, {"day": 8, "shift": "late", "rooms": ["r02", "r03"]}, {"day": 17, "shift": "late", "rooms": ["r05", "r06", "r07", "r08", "r09", "r10", "r11", "r12", "r13", "r14", "r15", "r16", "r17", "r18"]}, {"day": 10, "shift": "night", "rooms": ["r04"]}]}, {"id": "n015", "assignments": [{"day": 5, "shift": "early", "rooms": ["r05", "r06", "r07", "r08", "r09"]}, {"day": 7, "shift": "early", "rooms": ["r05", "r06", "r07", "r08", "r09", "r10", "r11"]}, {"day": 8, "shift": "late", "rooms": ["r10", "r09", "r06", "r08", "r07", "r05", "r04"]}, {"day": 9, "shift": "late", "rooms": ["r01", "r02", "r00"]}, {"day": 10, "shift": "late", "rooms": ["r06", "r07", "r08", "r09", "r10", "r11", "r12", "r13", "r14", "r15", "r16", "r17", "r18"]}, {"day": 11, "shift": "late", "rooms": ["r06", "r07", "r08", "r09", "r10", "r11", "r12", "r13", "r14", "r15", "r16", "r17", "r18"]}, {"day": 12, "shift": "late", "rooms": ["r08", "r09", "r10", "r11", "r12", "r13", "r14", "r15", "r16", "r17", "r18"]}, {"day": 13, "shift": "late", "rooms": ["r02", "r03"]}, {"day": 3, "shift": "night", "rooms": ["r09"]}, {"day": 17, "shift": "night", "rooms": ["r10"]}, {"day": 6, "shift": "early", "rooms": ["r05"]}, {"day": 2, "shift": "late", "rooms": ["r16"]}]}, {"id": "n016", "assignments": [{"day": 6, "shift": "late", "rooms": ["r09", "r10", "r11", "r12", "r13", "r14", "r15", "r16", "r17", "r18"]}, {"day": 7, "shift": "late", "rooms": ["r00", "r01"]}, {"day": 8, "shift": "late", "rooms": ["r11", "r12", "r13", "r14", "r15", "r16", "r17", "r18"]}, {"day": 14, "shift": "night", "rooms": ["r16", "r13"]}, {"day": 10, "shift": "night", "rooms": ["r00"]}]}, {"id": "n017", "assignments": [{"day": 1, "shift": "early", "rooms": ["r06", "r07", "r08", "r09", "r10", "r11", "r12", "r13", "r14", "r15", "r16", "r17", "r18"]}, {"day": 2, "shift": "early", "rooms": ["r08", "r09", "r10", "r11", "r12", "r13", "r14", "r15", "r16", "r17", "r18"]}, {"day": 3, "shift": "early", "rooms": ["r12", "r08", "r13", "r14", "r10", "r15", "r09", "r07", "r16"]}, {"day": 4, "shift": "late", "rooms": ["r11", "r12", "r13", "r14", "r15", "r16", "r17", "r18"]}, {"day": 7, "shift": "early", "rooms": ["r12", "r13", "r14", "r15", "r16", "r17", "r18"]}, {"day": 13, "shift": "late", "rooms": ["r04", "r05", "r06", "r07"]}, {"day": 19, "shift": "late", "rooms": ["r01", "r03"]}, {"day": 17, "shift": "early", "rooms": ["r01"]}]}, {"id": "n018", "assignments": [{"day": 4, "shift": "early", "rooms": ["r05", "r06"]}, {"day": 5, "shift": "early", "rooms": ["r10", "r11", "r12", "r13", "r14", "r15", "r16", "r17", "r18"]}, {"day": 15, "shift": "early", "rooms": ["r02", "r03", "r04", "r05", "r06", "r07", "r08", "r09", "r10", "r11", "r12", "r13", "r14", "r15", "r16", "r17", "r18"]}, {"day": 19, "shift": "late", "rooms": []}, {"day": 1, "shift": "night", "rooms": ["r00"]}, {"day": 11, "shift": "late", "rooms": ["r03"]}, {"day": 2, "shift": "night", "rooms": ["r06"]}, {"day": 13, "shift": "early", "rooms": ["r18"]}, {"day": 8, "shift": "early", "rooms": ["r10"]}]}, {"id": "n019", "assignments": [{"day": 3, "shift": "early", "rooms": ["r17", "r18"]}, {"day": 4, "shift": "early", "rooms": ["r07", "r08"]}, {"day": 13, "shift": "late", "rooms": ["r08", "r09", "r10", "r11", "r12", "r13", "r14", "r15", "r16", "r17", "r18"]}, {"day": 9, "shift": "early", "rooms": ["r13"]}, {"day": 14, "shift": "late", "rooms": ["r15", "r17"]}, {"day": 5, "shift": "early", "rooms": ["r04"]}]}, {"id": "n020", "assignments": [{"day": 4, "shift": "early", "rooms": ["r09", "r10"]}, {"day": 5, "shift": "late", "rooms": ["r08", "r09", "r10"]}]}, {"id": "n021", "assignments": [{"day": 4, "shift": "early", "rooms": ["r11", "r12", "r13", "r14", "r15", "r16", "r17", "r18"]}, {"day": 17, "shift": "early", "rooms": []}, {"day": 15, "shift": "night", "rooms": ["r07"]}]}, {"id": "n023", "assignments": [{"day": 7, "shift": "late", "rooms": ["r02", "r03", "r04", "r05", "r06", "r07"]}, {"day": 17, "shift": "late", "rooms": ["r13"]}]}, {"id": "n024", "assignments": [{"day": 0, "shift": "early", "rooms": ["r11", "r08", "r16", "r14", "r10", "r18", "r13", "r17", "r12", "r09"]}, {"day": 8, "shift": "early", "rooms": ["r14"]}]}, {"id": "n025", "assignments": [{"day": 5, "shift": "late", "rooms": ["r15", "r14", "r18", "r16", "r11", "r13", "r12"]}, {"day": 7, "shift": "late", "rooms": ["r08", "r09", "r10", "r11", "r12", "r13", "r14", "r15", "r16", "r17", "r18"]}, {"day": 10, "shift": "early", "rooms": ["r08"]}, {"day": 14, "shift": "late", "rooms": ["r07"]}]}, {"id": "n026", "assignments": [{"day": 9, "shift": "late", "rooms": ["r03", "r04", "r05"]}]}, {"id": "n027", "assignments": [{"day": 9, "shift": "late", "rooms": ["r15", "r07", "r18", "r13", "r12", "r14", "r16", "r08", "r06", "r17", "r10", "r11"]}, {"day": 13, "shift": "early", "rooms": []}, {"day": 11, "shift": "early", "rooms": ["r17"]}]}], "room_allocation": {"(0, 'r00')": [], "(0, 'r01')": [["a07", "B", "adult"], ["a09", "B", "adult"]], "(0, 'r02')": [["a01", "B", "elderly"], ["a03", "B", "adult"], ["a06", "B", "elderly"]], "(0, 'r03')": [["a14", "B", "elderly"]], "(0, 'r04')": [], "(0, 'r05')": [["a12", "A", "elderly"]], "(0, 'r06')": [["a05", "A", "elderly"]], "(0, 'r07')": [["a04", "A", "elderly"]], "(0, 'r08')": [["a13", "B", "elderly"]], "(0, 'r09')": [["a10", "B", "elderly"]], "(0, 'r10')": [], "(0, 'r11')": [], "(0, 'r12')": [["a11", "A", "elderly"]], "(0, 'r13')": [], "(0, 'r14')": [], "(0, 'r15')": [], "(0, 'r16')": [["a08", "B", "elderly"]], "(0, 'r17')": [["a02", "B", "adult"]], "(0, 'r18')": [["a00", "B", "elderly"]], "(1, 'r00')": [["p001", "A", "adult"], ["p142", "A", "elderly"]], "(1, 'r01')": [["p031", "B", "adult"], ["p062", "B", "elderly"], ["p003", "B", "elderly"]], "(1, 'r02')": [["a01", "B", "elderly"], ["a06", "B", "elderly"]], "(1, 'r03')": [["a14", "B", "elderly"], ["p020", "B", "elderly"]], "(1, 'r04')": [["p023", "A", "adult"], ["p082", "A", "elderly"]], "(1, 'r05')": [["a12", "A", "elderly"]], "(1, 'r06')": [["a05", "A", "elderly"]], "(1, 'r07')": [], "(1, 'r08')": [["a13", "B", "elderly"]], "(1, 'r09')": [["a10", "B", "elderly"]], "(1, 'r10')": [["p138", "B", "elderly"]], "(1, 'r11')": [], "(1, 'r12')": [], "(1, 'r13')": [], "(1, 'r14')": [["p007", "A", "elderly"]], "(1, 'r15')": [], "(1, 'r16')": [["a08", "B", "elderly"]], "(1, 'r17')": [["a02", "B", "adult"]], "(1, 'r18')": [["a00", "B", "elderly"]], "(2, 'r00')": [["p001", "A", "adult"], ["p142", "A", "elderly"]], "(2, 'r01')": [["p031", "B", "adult"], ["p062", "B", "elderly"], ["p003", "B", "elderly"]], "(2, 'r02')": [["a01", "B", "elderly"], ["a06", "B", "elderly"]], "(2, 'r03')": [["p020", "B", "elderly"], ["p035", "B", "elderly"]], "(2, 'r04')": [["p023", "A", "adult"], ["p082", "A", "elderly"]], "(2, 'r05')": [["a12", "A", "elderly"], ["p002", "A", "elderly"], ["p064", "A", "elderly"]], "(2, 'r06')": [["p133", "B", "elderly"], ["p154", "B", "elderly"], ["p119", "B", "elderly"]], "(2, 'r07')": [["p164", "A", "elderly"]], "(2, 'r08')": [["p049", "A", "elderly"]], "(2, 'r09')": [["a10", "B", "elderly"], ["p173", "B", "elderly"]], "(2, 'r10')": [["p138", "B", "elderly"]], "(2, 'r11')": [], "(2, 'r12')": [["p111", "B", "adult"]], "(2, 'r13')": [], "(2, 'r14')": [["p007", "A", "elderly"]], "(2, 'r15')": [], "(2, 'r16')": [["a08", "B", "elderly"]], "(2, 'r17')": [["p128", "A", "elderly"]], "(2, 'r18')": [["a00", "B", "elderly"], ["p226", "B", "elderly"]], "(3, 'r00')": [["p142", "A", "elderly"], ["p211", "A", "elderly"], ["p185", "A", "elderly"]], "(3, 'r01')": [["p031", "B", "adult"], ["p062", "B", "elderly"], ["p003", "B", "elderly"]], "(3, 'r02')": [["a01", "B", "elderly"], ["a06", "B", "elderly"]], "(3, 'r03')": [["p020", "B", "elderly"], ["p035", "B", "elderly"]], "(3, 'r04')": [["p023", "A", "adult"], ["p082", "A", "elderly"]], "(3, 'r05')": [["p002", "A", "elderly"], ["p064", "A", "elderly"], ["p223", "A", "elderly"]], "(3, 'r06')": [["p133", "B", "elderly"], ["p154", "B", "elderly"], ["p119", "B", "elderly"]], "(3, 'r07')": [["p164", "A", "elderly"]], "(3, 'r08')": [["p049", "A", "elderly"]], "(3, 'r09')": [["a10", "B", "elderly"], ["p245", "B", "adult"], ["p104", "B", "adult"], ["p173", "B", "elderly"]], "(3, 'r10')": [["p138", "B", "elderly"]], "(3, 'r11')": [], "(3, 'r12')": [["p111", "B", "adult"]], "(3, 'r13')": [], "(3, 'r14')": [["p007", "A", "elderly"], ["p096", "A", "elderly"]], "(3, 'r15')": [], "(3, 'r16')": [["a08", "B", "elderly"]], "(3, 'r17')": [["p128", "A", "elderly"]], "(3, 'r18')": [["p226", "B", "elderly"]], "(4, 'r00')": [["p142", "A", "elderly"], ["p211", "A", "elderly"], ["p185", "A", "elderly"]], "(4, 'r01')": [["p031", "B", "adult"], ["p062", "B", "elderly"], ["p014", "B", "elderly"]], "(4, 'r02')": [["a01", "B", "elderly"], ["a06", "B", "elderly"], ["p200", "B", "adult"]], "(4, 'r03')": [["p035", "B", "elderly"]], "(4, 'r04')": [["p023", "A", "adult"], ["p082", "A", "elderly"]], "(4, 'r05')": [["p002", "A", "elderly"], ["p064", "A", "elderly"], ["p223", "A", "elderly"]], "(4, 'r06')": [["p133", "B", "elderly"], ["p154", "B", "elderly"], ["p119", "B", "elderly"], ["p072", "B", "elderly"]], "(4, 'r07')": [["p164", "A", "elderly"], ["p131", "A", "elderly"]], "(4, 'r08')": [["p049", "A", "elderly"], ["p040", "A", "adult"]], "(4, 'r09')": [["a10", "B", "elderly"], ["p245", "B", "adult"], ["p083", "B", "elderly"], ["p104", "B", "adult"]], "(4, 'r10')": [["p208", "A", "elderly"]], "(4, 'r11')": [["p044", "A", "elderly"], ["p228", "A", "elderly"]], "(4, 'r12')": [["p030", "B", "elderly"]], "(4, 'r13')": [["p178", "B", "adult"]], "(4, 'r14')": [["p007", "A", "elderly"], ["p096", "A", "elderly"]], "(4, 'r15')": [["p045", "A", "elderly"]], "(4, 'r16')": [["a08", "B", "elderly"]], "(4, 'r17')": [["p128", "A", "elderly"]], "(4, 'r18')": [["p226", "B", "elderly"]], "(5, 'r00')": [["p142", "A", "elderly"], ["p211", "A", "elderly"], ["p185", "A", "elderly"]], "(5, 'r01')": [["p031", "B", "adult"], ["p062", "B", "elderly"], ["p014", "B", "elderly"]], "(5, 'r02')": [["a01", "B", "elderly"], ["p200", "B", "adult"]], "(5, 'r03')": [["p035", "B", "elderly"]], "(5, 'r04')": [["p023", "A", "adult"], ["p082", "A", "elderly"]], "(5, 'r05')": [["p064", "A", "elderly"], ["p223", "A", "elderly"]], "(5, 'r06')": [["p072", "B", "elderly"]], "(5, 'r07')": [["p164", "A", "elderly"], ["p131", "A", "elderly"]], "(5, 'r08')": [["p049", "A", "elderly"], ["p040", "A", "adult"]], "(5, 'r09')": [["a10", "B", "elderly"], ["p245", "B", "adult"], ["p083", "B", "elderly"]], "(5, 'r10')": [["p208", "A", "elderly"]], "(5, 'r11')": [["p044", "A", "elderly"], ["p228", "A", "elderly"]], "(5, 'r12')": [["p030", "B", "elderly"]], "(5, 'r13')": [["p178", "B", "adult"]], "(5, 'r14')": [["p007", "A", "elderly"], ["p096", "A", "elderly"]], "(5, 'r15')": [["p045", "A", "elderly"]], "(5, 'r16')": [], "(5, 'r17')": [], "(5, 'r18')": [["p226", "B", "elderly"]], "(6, 'r00')": [["p211", "A", "elderly"], ["p185", "A", "elderly"]], "(6, 'r01')": [["p031", "B", "adult"], ["p062", "B", "elderly"], ["p014", "B", "elderly"]], "(6, 'r02')": [["p200", "B", "adult"]], "(6, 'r03')": [], "(6, 'r04')": [], "(6, 'r05')": [["p223", "A", "elderly"]], "(6, 'r06')": [["p072", "B", "elderly"]], "(6, 'r07')": [["p131", "A", "elderly"]], "(6, 'r08')": [["p049", "A", "elderly"], ["p040", "A", "adult"]], "(6, 'r09')": [["p083", "B", "elderly"]], "(6, 'r10')": [["p208", "A", "elderly"]], "(6, 'r11')": [["p228", "A", "elderly"]], "(6, 'r12')": [["p030", "B", "elderly"]], "(6, 'r13')": [], "(6, 'r14')": [], "(6, 'r15')": [["p045", "A", "elderly"]], "(6, 'r16')": [], "(6, 'r17')": [], "(6, 'r18')": [["p226", "B", "elderly"]], "(7, 'r00')": [["p211", "A", "elderly"], ["p197", "A", "elderly"], ["p124", "A", "elderly"]], "(7, 'r01')": [["p062", "B", "elderly"], ["p014", "B", "elderly"]], "(7, 'r02')": [["p200", "B", "adult"], ["p021", "B", "infant"], ["p090", "B", "elderly"]], "(7, 'r03')": [], "(7, 'r04')": [["p207", "A", "elderly"], ["p222", "A", "elderly"]], "(7, 'r05')": [["p223", "A", "elderly"]], "(7, 'r06')": [["p072", "B", "elderly"]], "(7, 'r07')": [["p068", "B", "elderly"]], "(7, 'r08')": [], "(7, 'r09')": [["p083", "B", "elderly"], ["p184", "B", "elderly"]], "(7, 'r10')": [["p148", "A", "elderly"], ["p208", "A", "elderly"]], "(7, 'r11')": [["p132", "A", "elderly"]], "(7, 'r12')": [["p030", "B", "elderly"]], "(7, 'r13')": [["p246", "B", "adult"]], "(7, 'r14')": [], "(7, 'r15')": [["p045", "A", "elderly"], ["p100", "A", "elderly"]], "(7, 'r16')": [["p137", "B", "elderly"]], "(7, 'r17')": [["p088", "A", "adult"]], "(7, 'r18')": [["p233", "B", "elderly"], ["p226", "B", "elderly"]], "(8, 'r00')": [["p211", "A", "elderly"], ["p197", "A", "elderly"], ["p124", "A", "elderly"]], "(8, 'r01')": [["p062", "B", "elderly"], ["p172", "B", "elderly"], ["p206", "B", "elderly"]], "(8, 'r02')": [["p200", "B", "adult"], ["p021", "B", "infant"], ["p090", "B", "elderly"]], "(8, 'r03')": [["p204", "B", "elderly"]], "(8, 'r04')": [["p207", "A", "elderly"], ["p222", "A", "elderly"]], "(8, 'r05')": [["p223", "A", "elderly"]], "(8, 'r06')": [["p072", "B", "elderly"], ["p181", "B", "adult"]], "(8, 'r07')": [["p068", "B", "elderly"]], "(8, 'r08')": [["p140", "B", "elderly"]], "(8, 'r09')": [["p184", "B", "elderly"]], "(8, 'r10')": [["p148", "A", "elderly"], ["p208", "A", "elderly"]], "(8, 'r11')": [["p132", "A", "elderly"], ["p109", "A", "elderly"]], "(8, 'r12')": [["p030", "B", "elderly"]], "(8, 'r13')": [["p246", "B", "adult"]], "(8, 'r14')": [["p089", "B", "elderly"], ["p256", "B", "elderly"]], "(8, 'r15')": [["p045", "A", "elderly"], ["p100", "A", "elderly"]], "(8, 'r16')": [["p137", "B", "elderly"]], "(8, 'r17')": [["p088", "A", "adult"]], "(8, 'r18')": [["p233", "B", "elderly"]], "(9, 'r00')": [["p197", "A", "elderly"], ["p009", "A", "elderly"], ["p124", "A", "elderly"]], "(9, 'r01')": [["p172", "B", "elderly"], ["p130", "B", "elderly"], ["p206", "B", "elderly"]], "(9, 'r02')": [["p200", "B", "adult"], ["p021", "B", "infant"], ["p090", "B", "elderly"]], "(9, 'r03')": [["p204", "B", "elderly"], ["p194", "B", "elderly"]], "(9, 'r04')": [["p207", "A", "elderly"], ["p222", "A", "elderly"]], "(9, 'r05')": [["p223", "A", "elderly"]], "(9, 'r06')": [["p254", "B", "adult"], ["p181", "B", "adult"]], "(9, 'r07')": [["p186", "A", "adult"]], "(9, 'r08')": [["p192", "B", "elderly"], ["p140", "B", "elderly"]], "(9, 'r09')": [], "(9, 'r10')": [["p148", "A", "elderly"], ["p208", "A", "elderly"]], "(9, 'r11')": [["p132", "A", "elderly"], ["p109", "A", "elderly"]], "(9, 'r12')": [], "(9, 'r13')": [["p193", "B", "adult"], ["p246", "B", "adult"]], "(9, 'r14')": [["p089", "B", "elderly"], ["p256", "B", "elderly"]], "(9, 'r15')": [["p045", "A", "elderly"], ["p244", "A", "elderly"]], "(9, 'r16')": [["p137", "B", "elderly"]], "(9, 'r17')": [], "(9, 'r18')": [["p233", "B", "elderly"]], "(10, 'r00')": [["p197", "A", "elderly"], ["p009", "A", "elderly"], ["p124", "A", "elderly"]], "(10, 'r01')": [["p172", "B", "elderly"], ["p130", "B", "elderly"], ["p206", "B", "elderly"]], "(10, 'r02')": [["p021", "B", "infant"]], "(10, 'r03')": [["p204", "B", "elderly"], ["p194", "B", "elderly"]], "(10, 'r04')": [["p207", "A", "elderly"], ["p222", "A", "elderly"]], "(10, 'r05')": [["p223", "A", "elderly"]], "(10, 'r06')": [["p254", "B", "adult"]], "(10, 'r07')": [["p186", "A", "adult"]], "(10, 'r08')": [["p192", "B", "elderly"]], "(10, 'r09')": [], "(10, 'r10')": [["p148", "A", "elderly"]], "(10, 'r11')": [["p132", "A", "elderly"], ["p109", "A", "elderly"]], "(10, 'r12')": [], "(10, 'r13')": [["p193", "B", "adult"]], "(10, 'r14')": [["p089", "B", "elderly"], ["p256", "B", "elderly"]], "(10, 'r15')": [["p045", "A", "elderly"], ["p244", "A", "elderly"]], "(10, 'r16')": [], "(10, 'r17')": [], "(10, 'r18')": [], "(11, 'r00')": [["p009", "A", "elderly"], ["p136", "A", "adult"], ["p220", "A", "elderly"]], "(11, 'r01')": [["p172", "B", "elderly"], ["p130", "B", "elderly"], ["p203", "B", "elderly"]], "(11, 'r02')": [["p021", "B", "infant"]], "(11, 'r03')": [["p204", "B", "elderly"], ["p194", "B", "elderly"]], "(11, 'r04')": [["p182", "B", "adult"]], "(11, 'r05')": [["p223", "A", "elderly"]], "(11, 'r06')": [["p254", "B", "adult"]], "(11, 'r07')": [["p186", "A", "adult"]], "(11, 'r08')": [], "(11, 'r09')": [], "(11, 'r10')": [["p148", "A", "elderly"]], "(11, 'r11')": [], "(11, 'r12')": [], "(11, 'r13')": [], "(11, 'r14')": [["p051", "A", "elderly"]], "(11, 'r15')": [["p045", "A", "elderly"], ["p244", "A", "elderly"]], "(11, 'r16')": [["p107", "A", "adult"]], "(11, 'r17')": [["p032", "A", "elderly"], ["p241", "A", "elderly"]], "(11, 'r18')": [], "(12, 'r00')": [["p009", "A", "elderly"], ["p136", "A", "adult"], ["p220", "A", "elderly"]], "(12, 'r01')": [["p172", "B", "elderly"], ["p203", "B", "elderly"]], "(12, 'r02')": [["p021", "B", "infant"]], "(12, 'r03')": [["p204", "B", "elderly"], ["p194", "B", "elderly"]], "(12, 'r04')": [["p182", "B", "adult"]], "(12, 'r05')": [["p223", "A", "elderly"]], "(12, 'r06')": [], "(12, 'r07')": [["p186", "A", "adult"]], "(12, 'r08')": [], "(12, 'r09')": [], "(12, 'r10')": [["p148", "A", "elderly"]], "(12, 'r11')": [], "(12, 'r12')": [], "(12, 'r13')": [], "(12, 'r14')": [["p051", "A", "elderly"]], "(12, 'r15')": [["p045", "A", "elderly"]], "(12, 'r16')": [["p107", "A", "adult"]], "(12, 'r17')": [["p032", "A", "elderly"], ["p241", "A", "elderly"]], "(12, 'r18')": [], "(13, 'r00')": [["p009", "A", "elderly"], ["p136", "A", "adult"], ["p220", "A", "elderly"]], "(13, 'r01')": [["p203", "B", "elderly"], ["p071", "B", "adult"], ["p227", "B", "elderly"]], "(13, 'r02')": [["p021", "B", "infant"], ["p022", "B", "elderly"]], "(13, 'r03')": [["p194", "B", "elderly"]], "(13, 'r04')": [["p182", "B", "adult"]], "(13, 'r05')": [["p052", "A", "elderly"]], "(13, 'r06')": [["p196", "B", "infant"]], "(13, 'r07')": [["p186", "A", "adult"], ["p129", "A", "adult"]], "(13, 'r08')": [["p004", "A", "elderly"]], "(13, 'r09')": [], "(13, 'r10')": [["p148", "A", "elderly"]], "(13, 'r11')": [["p230", "A", "adult"]], "(13, 'r12')": [["p070", "A", "adult"]], "(13, 'r13')": [], "(13, 'r14')": [["p051", "A", "elderly"]], "(13, 'r15')": [["p150", "A", "elderly"]], "(13, 'r16')": [["p107", "A", "adult"]], "(13, 'r17')": [["p032", "A", "elderly"], ["p216", "A", "elderly"]], "(13, 'r18')": [], "(14, 'r00')": [["p125", "B", "infant"], ["p166", "B", "elderly"], ["p143", "B", "elderly"]], "(14, 'r01')": [["p203", "B", "elderly"], ["p071", "B", "adult"], ["p227", "B", "elderly"]], "(14, 'r02')": [["p022", "B", "elderly"], ["p252", "B", "elderly"]], "(14, 'r03')": [["p194", "B", "elderly"]], "(14, 'r04')": [["p182", "B", "adult"]], "(14, 'r05')": [["p052", "A", "elderly"], ["p159", "A", "adult"]], "(14, 'r06')": [["p196", "B", "infant"]], "(14, 'r07')": [["p186", "A", "adult"], ["p129", "A", "adult"]], "(14, 'r08')": [["p004", "A", "elderly"]], "(14, 'r09')": [], "(14, 'r10')": [["p148", "A", "elderly"]], "(14, 'r11')": [["p230", "A", "adult"]], "(14, 'r12')": [["p070", "A", "adult"]], "(14, 'r13')": [["p122", "A", "infant"]], "(14, 'r14')": [], "(14, 'r15')": [["p150", "A", "elderly"]], "(14, 'r16')": [["p108", "A", "elderly"]], "(14, 'r17')": [["p216", "A", "elderly"]], "(14, 'r18')": [], "(15, 'r00')": [["p125", "B", "infant"], ["p166", "B", "elderly"], ["p143", "B", "elderly"]], "(15, 'r01')": [["p203", "B", "elderly"], ["p071", "B", "adult"]], "(15, 'r02')": [["p022", "B", "elderly"], ["p252", "B", "elderly"]], "(15, 'r03')": [["p194", "B", "elderly"]], "(15, 'r04')": [["p182", "B", "adult"]], "(15, 'r05')": [["p159", "A", "adult"]], "(15, 'r06')": [["p196", "B", "infant"]], "(15, 'r07')": [["p129", "A", "adult"]], "(15, 'r08')": [["p004", "A", "elderly"]], "(15, 'r09')": [], "(15, 'r10')": [], "(15, 'r11')": [["p230", "A", "adult"]], "(15, 'r12')": [], "(15, 'r13')": [["p122", "A", "infant"]], "(15, 'r14')": [], "(15, 'r15')": [["p150", "A", "elderly"]], "(15, 'r16')": [["p108", "A", "elderly"]], "(15, 'r17')": [["p216", "A", "elderly"]], "(15, 'r18')": [], "(16, 'r00')": [["p125", "B", "infant"], ["p166", "B", "elderly"]], "(16, 'r01')": [["p203", "B", "elderly"], ["p071", "B", "adult"], ["p113", "B", "infant"]], "(16, 'r02')": [["p146", "A", "adult"]], "(16, 'r03')": [], "(16, 'r04')": [], "(16, 'r05')": [], "(16, 'r06')": [["p067", "A", "elderly"], ["p157", "A", "elderly"]], "(16, 'r07')": [["p129", "A", "adult"]], "(16, 'r08')": [["p016", "A", "adult"]], "(16, 'r09')": [], "(16, 'r10')": [["p240", "A", "infant"]], "(16, 'r11')": [["p230", "A", "adult"]], "(16, 'r12')": [["p008", "B", "elderly"], ["p195", "B", "elderly"]], "(16, 'r13')": [["p122", "A", "infant"]], "(16, 'r14')": [], "(16, 'r15')": [], "(16, 'r16')": [["p108", "A", "elderly"]], "(16, 'r17')": [["p205", "A", "elderly"], ["p216", "A", "elderly"]], "(16, 'r18')": [["p042", "A", "elderly"]], "(17, 'r00')": [["p125", "B", "infant"]], "(17, 'r01')": [["p071", "B", "adult"], ["p113", "B", "infant"], ["p219", "B", "adult"]], "(17, 'r02')": [["p146", "A", "adult"]], "(17, 'r03')": [["p171", "A", "elderly"]], "(17, 'r04')": [], "(17, 'r05')": [], "(17, 'r06')": [["p067", "A", "elderly"], ["p157", "A", "elderly"]], "(17, 'r07')": [["p025", "A", "elderly"]], "(17, 'r08')": [["p016", "A", "adult"]], "(17, 'r09')": [["p018", "B", "elderly"], ["p180", "B", "elderly"]], "(17, 'r10')": [["p240", "A", "infant"]], "(17, 'r11')": [], "(17, 'r12')": [["p250", "B", "elderly"], ["p008", "B", "elderly"], ["p195", "B", "elderly"]], "(17, 'r13')": [["p122", "A", "infant"]], "(17, 'r14')": [], "(17, 'r15')": [["p077", "B", "adult"], ["p217", "B", "elderly"]], "(17, 'r16')": [], "(17, 'r17')": [["p205", "A", "elderly"], ["p216", "A", "elderly"]], "(17, 'r18')": [["p042", "A", "elderly"]], "(18, 'r00')": [["p125", "B", "infant"]], "(18, 'r01')": [["p071", "B", "adult"], ["p219", "B", "adult"]], "(18, 'r02')": [["p146", "A", "adult"]], "(18, 'r03')": [["p171", "A", "elderly"]], "(18, 'r04')": [], "(18, 'r05')": [], "(18, 'r06')": [["p157", "A", "elderly"]], "(18, 'r07')": [["p025", "A", "elderly"]], "(18, 'r08')": [["p016", "A", "adult"]], "(18, 'r09')": [["p018", "B", "elderly"], ["p180", "B", "elderly"]], "(18, 'r10')": [], "(18, 'r11')": [], "(18, 'r12')": [["p250", "B", "elderly"], ["p008", "B", "elderly"]], "(18, 'r13')": [], "(18, 'r14')": [], "(18, 'r15')": [["p077", "B", "adult"], ["p217", "B", "elderly"]], "(18, 'r16')": [], "(18, 'r17')": [["p205", "A", "elderly"]], "(18, 'r18')": [], "(19, 'r00')": [["p125", "B", "infant"]], "(19, 'r01')": [["p071", "B", "adult"], ["p219", "B", "adult"]], "(19, 'r02')": [["p146", "A", "adult"]], "(19, 'r03')": [["p210", "A", "elderly"]], "(19, 'r04')": [["p141", "A", "adult"]], "(19, 'r05')": [], "(19, 'r06')": [], "(19, 'r07')": [["p025", "A", "elderly"]], "(19, 'r08')": [["p221", "B", "elderly"]], "(19, 'r09')": [["p180", "B", "elderly"]], "(19, 'r10')": [["p091", "A", "elderly"]], "(19, 'r11')": [], "(19, 'r12')": [["p250", "B", "elderly"], ["p238", "B", "elderly"]], "(19, 'r13')": [], "(19, 'r14')": [], "(19, 'r15')": [["p034", "B", "elderly"], ["p077", "B", "adult"], ["p165", "B", "adult"], ["p217", "B", "elderly"]], "(19, 'r16')": [["p081", "A", "elderly"], ["p201", "A", "elderly"]], "(19, 'r17')": [["p205", "A", "elderly"]], "(19, 'r18')": [["p087", "A", "adult"]], "(20, 'r00')": [], "(20, 'r01')": [], "(20, 'r02')": [], "(20, 'r03')": [["p210", "A", "elderly"]], "(20, 'r04')": [["p141", "A", "adult"]], "(20, 'r05')": [], "(20, 'r06')": [], "(20, 'r07')": [["p025", "A", "elderly"]], "(20, 'r08')": [["p221", "B", "elderly"]], "(20, 'r09')": [], "(20, 'r10')": [["p091", "A", "elderly"]], "(20, 'r11')": [], "(20, 'r12')": [["p250", "B", "elderly"], ["p238", "B", "elderly"]], "(20, 'r13')": [], "(20, 'r14')": [], "(20, 'r15')": [["p034", "B", "elderly"], ["p077", "B", "adult"], ["p165", "B", "adult"]], "(20, 'r16')": [["p081", "A", "elderly"], ["p201", "A", "elderly"]], "(20, 'r17')": [["p205", "A", "elderly"]], "(20, 'r18')": [["p087", "A", "adult"]]}, "theater_allocation": {"(0, 't0')": 480, "(0, 't1')": 720, "(0, 't2')": 0, "(0, 't3')": 0, "(1, 't0')": 480, "(1, 't1')": 600, "(1, 't2')": 600, "(1, 't3')": -450, "(2, 't0')": 0, "(2, 't1')": 720, "(2, 't2')": 720, "(2, 't3')": -240, "(3, 't0')": 0, "(3, 't1')": 600, "(3, 't2')": 720, "(3, 't3')": 120, "(4, 't0')": 0, "(4, 't1')": 720, "(4, 't2')": 720, "(4, 't3')": -690, "(5, 't0')": 600, "(5, 't1')": 600, "(5, 't2')": 0, "(5, 't3')": 480, "(6, 't0')": 480, "(6, 't1')": 720, "(6, 't2')": 720, "(6, 't3')": 480, "(7, 't0')": 720, "(7, 't1')": 600, "(7, 't2')": 600, "(7, 't3')": -690, "(8, 't0')": 600, "(8, 't1')": 480, "(8, 't2')": 600, "(8, 't3')": -210, "(9, 't0')": 600, "(9, 't1')": 600, "(9, 't2')": 600, "(9, 't3')": -90, "(10, 't0')": 720, "(10, 't1')": 720, "(10, 't2')": 600, "(10, 't3')": 0, "(11, 't0')": 600, "(11, 't1')": 720, "(11, 't2')": 720, "(11, 't3')": -240, "(12, 't0')": 480, "(12, 't1')": 0, "(12, 't2')": 0, "(12, 't3')": 0, "(13, 't0')": 720, "(13, 't1')": 720, "(13, 't2')": 600, "(13, 't3')": -450, "(14, 't0')": 600, "(14, 't1')": 600, "(14, 't2')": 720, "(14, 't3')": -780, "(15, 't0')": 480, "(15, 't1')": 720, "(15, 't2')": 720, "(15, 't3')": 0, "(16, 't0')": 720, "(16, 't1')": 720, "(16, 't2')": 720, "(16, 't3')": -150, "(17, 't0')": 600, "(17, 't1')": 600, "(17, 't2')": 600, "(17, 't3')": -120, "(18, 't0')": 720, "(18, 't1')": 720, "(18, 't2')": 0, "(18, 't3')": 720, "(19, 't0')": 600, "(19, 't1')": 600, "(19, 't2')": 600, "(19, 't3')": -450, "(20, 't0')": 480, "(20, 't1')": 720, "(20, 't2')": 0, "(20, 't3')": 0}, "surgeon_allocation": {"(0, 's0')": 0, "(0, 's1')": 0, "(0, 's2')": 0, "(1, 's0')": 0, "(1, 's1')": 0, "(1, 's2')": 30, "(2, 's0')": 0, "(2, 's1')": 0, "(2, 's2')": 0, "(3, 's0')": 0, "(3, 's1')": 0, "(3, 's2')": 0, "(4, 's0')": 0, "(4, 's1')": 0, "(4, 's2')": 30, "(5, 's0')": 0, "(5, 's1')": 0, "(5, 's2')": 0, "(6, 's0')": 0, "(6, 's1')": 0, "(6, 's2')": 0, "(7, 's0')": 30, "(7, 's1')": 0, "(7, 's2')": 0, "(8, 's0')": 0, "(8, 's1')": 0, "(8, 's2')": 30, "(9, 's0')": 0, "(9, 's1')": 0, "(9, 's2')": 30, "(10, 's0')": 0, "(10, 's1')": 0, "(10, 's2')": 0, "(11, 's0')": 0, "(11, 's1')": 0, "(11, 's2')": 0, "(12, 's0')": 0, "(12, 's1')": 0, "(12, 's2')": 0, "(13, 's0')": 0, "(13, 's1')": 30, "(13, 's2')": 0, "(14, 's0')": 0, "(14, 's1')": 30, "(14, 's2')": 30, "(15, 's0')": 0, "(15, 's1')": 0, "(15, 's2')": 0, "(16, 's0')": 0, "(16, 's1')": 0, "(16, 's2')": 90, "(17, 's0')": 0, "(17, 's1')": 0, "(17, 's2')": 0, "(18, 's0')": 0, "(18, 's1')": 0, "(18, 's2')": 0, "(19, 's0')": 30, "(19, 's1')": 0, "(19, 's2')": 0, "(20, 's0')": 0, "(20, 's1')": 0, "(20, 's2')": 0}, "operator": "['change_patient_room']"}