{"patients": [{"id": "p00", "admission_day": "none"}, {"id": "p01", "admission_day": "none"}, {"id": "p02", "admission_day": "none"}, {"id": "p03", "admission_day": 2, "room": "r2", "operating_theater": "t0"}, {"id": "p04", "admission_day": "none"}, {"id": "p06", "admission_day": "none"}, {"id": "p07", "admission_day": 12, "room": "r3", "operating_theater": "t1"}, {"id": "p08", "admission_day": 4, "room": "r0", "operating_theater": "t0"}, {"id": "p09", "admission_day": 3, "room": "r3", "operating_theater": "t0"}, {"id": "p10", "admission_day": 2, "room": "r1", "operating_theater": "t0"}, {"id": "p11", "admission_day": 10, "room": "r0", "operating_theater": "t1"}, {"id": "p12", "admission_day": 7, "room": "r2", "operating_theater": "t1"}, {"id": "p14", "admission_day": 12, "room": "r1", "operating_theater": "t1"}, {"id": "p15", "admission_day": 4, "room": "r1", "operating_theater": "t0"}, {"id": "p16", "admission_day": "none"}, {"id": "p17", "admission_day": 2, "room": "r0", "operating_theater": "t0"}, {"id": "p18", "admission_day": 10, "room": "r0", "operating_theater": "t1"}, {"id": "p19", "admission_day": 2, "room": "r3", "operating_theater": "t0"}, {"id": "p20", "admission_day": 9, "room": "r3", "operating_theater": "t1"}, {"id": "p22", "admission_day": 8, "room": "r0", "operating_theater": "t1"}, {"id": "p23", "admission_day": 10, "room": "r2", "operating_theater": "t1"}, {"id": "p24", "admission_day": 7, "room": "r1", "operating_theater": "t1"}, {"id": "p25", "admission_day": 8, "room": "r1", "operating_theater": "t1"}, {"id": "p27", "admission_day": 3, "room": "r0", "operating_theater": "t0"}], "nurses": [{"id": "n00", "assignments": [{"day": 0, "shift": "late", "rooms": ["r0", "r1", "r2", "r3"]}, {"day": 2, "shift": "early", "rooms": ["r0", "r1", "r2", "r3"]}, {"day": 3, "shift": "early", "rooms": ["r0", "r1", "r2", "r3"]}, {"day": 4, "shift": "late", "rooms": ["r0", "r1", "r2", "r3"]}, {"day": 5, "shift": "late", "rooms": ["r0", "r1", "r2", "r3"]}, {"day": 6, "shift": "night", "rooms": ["r3", "r1", "r2", "r0"]}, {"day": 8, "shift": "early", "rooms": ["r0", "r1", "r2", "r3"]}, {"day": 9, "shift": "late", "rooms": ["r0", "r1", "r2", "r3"]}, {"day": 10, "shift": "late", "rooms": ["r0", "r1", "r2", "r3"]}, {"day": 11, "shift": "late", "rooms": ["r0", "r1", "r2", "r3"]}, {"day": 12, "shift": "late", "rooms": ["r0", "r1", "r2", "r3"]}]}, {"id": "n01", "assignments": [{"day": 4, "shift": "night", "rooms": ["r0", "r1", "r2", "r3"]}, {"day": 5, "shift": "night", "rooms": ["r0", "r1", "r2", "r3"]}, {"day": 8, "shift": "late", "rooms": ["r3", "r0", "r1"]}, {"day": 10, "shift": "night", "rooms": ["r0", "r1", "r2", "r3"]}, {"day": 11, "shift": "night", "rooms": ["r0", "r1", "r2", "r3"]}, {"day": 12, "shift": "night", "rooms": ["r0", "r1", "r2", "r3"]}, {"day": 13, "shift": "night", "rooms": ["r0", "r1", "r2", "r3"]}, {"day": 2, "shift": "early", "rooms": ["r2"]}]}, {"id": "n02", "assignments": [{"day": 0, "shift": "early", "rooms": ["r3", "r1", "r2", "r0"]}, {"day": 1, "shift": "early", "rooms": ["r0", "r1", "r2", "r3"]}, {"day": 2, "shift": "late", "rooms": ["r0", "r1", "r2", "r3"]}, {"day": 3, "shift": "late", "rooms": ["r0", "r1", "r2", "r3"]}, {"day": 6, "shift": "late", "rooms": ["r0", "r1", "r2", "r3"]}, {"day": 7, "shift": "late", "rooms": ["r0", "r1", "r2", "r3"]}, {"day": 9, "shift": "early", "rooms": ["r1", "r2", "r0"]}, {"day": 10, "shift": "early", "rooms": ["r0", "r3"]}, {"day": 11, "shift": "early", "rooms": ["r2", "r3", "r1"]}, {"day": 13, "shift": "early", "rooms": ["r3", "r1", "r0"]}]}, {"id": "n03", "assignments": [{"day": 0, "shift": "night", "rooms": ["r0", "r1", "r2", "r3"]}, {"day": 3, "shift": "night", "rooms": ["r0", "r1", "r2", "r3"]}, {"day": 5, "shift": "early", "rooms": ["r2", "r3"]}, {"day": 6, "shift": "early", "rooms": ["r3", "r1", "r2", "r0"]}, {"day": 7, "shift": "early", "rooms": ["r3", "r0", "r2"]}, {"day": 8, "shift": "night", "rooms": ["r3", "r1", "r2", "r0"]}, {"day": 12, "shift": "early", "rooms": ["r0", "r1"]}, {"day": 13, "shift": "early", "rooms": ["r3", "r1"]}, {"day": 11, "shift": "early", "rooms": ["r0"]}]}, {"id": "n04", "assignments": [{"day": 1, "shift": "night", "rooms": ["r0", "r1", "r2", "r3"]}, {"day": 2, "shift": "night", "rooms": ["r3", "r1", "r0"]}, {"day": 9, "shift": "night", "rooms": ["r2", "r0", "r3"]}, {"day": 13, "shift": "early", "rooms": ["r3", "r2"]}, {"day": 0, "shift": "night", "rooms": ["r0"]}, {"day": 6, "shift": "early", "rooms": ["r1", "r0"]}, {"day": 5, "shift": "early", "rooms": ["r1", "r2", "r0"]}, {"day": 3, "shift": "night", "rooms": ["r1", "r2", "r0"]}, {"day": 8, "shift": "late", "rooms": ["r2"]}]}, {"id": "n05", "assignments": [{"day": 7, "shift": "night", "rooms": ["r0", "r1", "r2", "r3"]}, {"day": 13, "shift": "late", "rooms": ["r0", "r1", "r2", "r3"]}, {"day": 12, "shift": "early", "rooms": ["r3", "r2"]}, {"day": 9, "shift": "night", "rooms": ["r1"]}, {"day": 11, "shift": "early", "rooms": ["r1"]}]}, {"id": "n06", "assignments": [{"day": 4, "shift": "early", "rooms": ["r0", "r1", "r2", "r3"]}, {"day": 1, "shift": "early", "rooms": ["r0"]}, {"day": 9, "shift": "early", "rooms": ["r3", "r1"]}, {"day": 10, "shift": "early", "rooms": ["r1", "r2"]}, {"day": 2, "shift": "night", "rooms": ["r3", "r1", "r2"]}, {"day": 7, "shift": "early", "rooms": ["r1", "r2"]}]}, {"id": "n07", "assignments": [{"day": 1, "shift": "late", "rooms": ["r2", "r0", "r1"]}, {"day": 0, "shift": "early", "rooms": ["r0"]}]}], "room_allocation": {"(0, 'r0')": [["a1", "B", "elderly"], ["a2", "B", "elderly"]], "(0, 'r1')": [], "(0, 'r2')": [], "(0, 'r3')": [["a0", "B", "adult"]], "(1, 'r0')": [["a1", "B", "elderly"], ["a2", "B", "elderly"]], "(1, 'r1')": [], "(1, 'r2')": [], "(1, 'r3')": [], "(2, 'r0')": [["p17", "B", "elderly"]], "(2, 'r1')": [["p10", "A", "elderly"]], "(2, 'r2')": [["p03", "A", "adult"]], "(2, 'r3')": [["p19", "B", "elderly"]], "(3, 'r0')": [["p17", "B", "elderly"], ["p27", "B", "elderly"]], "(3, 'r1')": [["p10", "A", "elderly"]], "(3, 'r2')": [["p03", "A", "adult"]], "(3, 'r3')": [["p09", "B", "elderly"], ["p19", "B", "elderly"]], "(4, 'r0')": [["p08", "B", "elderly"], ["p17", "B", "elderly"], ["p27", "B", "elderly"]], "(4, 'r1')": [["p10", "A", "elderly"], ["p15", "A", "elderly"]], "(4, 'r2')": [["p03", "A", "adult"]], "(4, 'r3')": [["p09", "B", "elderly"], ["p19", "B", "elderly"]], "(5, 'r0')": [["p08", "B", "elderly"], ["p17", "B", "elderly"], ["p27", "B", "elderly"]], "(5, 'r1')": [["p15", "A", "elderly"]], "(5, 'r2')": [["p03", "A", "adult"]], "(5, 'r3')": [["p09", "B", "elderly"]], "(6, 'r0')": [["p08", "B", "elderly"], ["p27", "B", "elderly"]], "(6, 'r1')": [["p15", "A", "elderly"]], "(6, 'r2')": [], "(6, 'r3')": [["p09", "B", "elderly"]], "(7, 'r0')": [["p08", "B", "elderly"]], "(7, 'r1')": [["p15", "A", "elderly"], ["p24", "A", "elderly"]], "(7, 'r2')": [["p12", "B", "elderly"]], "(7, 'r3')": [], "(8, 'r0')": [["p08", "B", "elderly"], ["p22", "B", "elderly"]], "(8, 'r1')": [["p24", "A", "elderly"], ["p25", "A", "elderly"]], "(8, 'r2')": [["p12", "B", "elderly"]], "(8, 'r3')": [], "(9, 'r0')": [["p22", "B", "elderly"]], "(9, 'r1')": [["p24", "A", "elderly"], ["p25", "A", "elderly"]], "(9, 'r2')": [["p12", "B", "elderly"]], "(9, 'r3')": [["p20", "A", "elderly"]], "(10, 'r0')": [["p11", "B", "elderly"], ["p18", "B", "elderly"], ["p22", "B", "elderly"]], "(10, 'r1')": [["p24", "A", "elderly"], ["p25", "A", "elderly"]], "(10, 'r2')": [["p12", "B", "elderly"], ["p23", "B", "elderly"]], "(10, 'r3')": [["p20", "A", "elderly"]], "(11, 'r0')": [["p11", "B", "elderly"], ["p18", "B", "elderly"]], "(11, 'r1')": [["p24", "A", "elderly"], ["p25", "A", "elderly"]], "(11, 'r2')": [["p12", "B", "elderly"], ["p23", "B", "elderly"]], "(11, 'r3')": [["p20", "A", "elderly"]], "(12, 'r0')": [["p11", "B", "elderly"], ["p18", "B", "elderly"]], "(12, 'r1')": [["p14", "A", "elderly"], ["p25", "A", "elderly"]], "(12, 'r2')": [["p12", "B", "elderly"], ["p23", "B", "elderly"]], "(12, 'r3')": [["p07", "A", "elderly"], ["p20", "A", "elderly"]], "(13, 'r0')": [["p11", "B", "elderly"], ["p18", "B", "elderly"]], "(13, 'r1')": [["p14", "A", "elderly"]], "(13, 'r2')": [["p23", "B", "elderly"]], "(13, 'r3')": [["p07", "A", "elderly"], ["p20", "A", "elderly"]]}, "theater_allocation": {"(0, 't0')": 480, "(0, 't1')": 480, "(1, 't0')": 600, "(1, 't1')": 720, "(2, 't0')": 600, "(2, 't1')": 0, "(3, 't0')": 600, "(3, 't1')": 120, "(4, 't0')": 720, "(4, 't1')": 240, "(5, 't0')": 0, "(5, 't1')": 480, "(6, 't0')": 0, "(6, 't1')": 480, "(7, 't0')": 0, "(7, 't1')": 120, "(8, 't0')": 720, "(8, 't1')": 120, "(9, 't0')": 480, "(9, 't1')": 420, "(10, 't0')": 0, "(10, 't1')": 180, "(11, 't0')": 720, "(11, 't1')": 600, "(12, 't0')": 0, "(12, 't1')": 240, "(13, 't0')": 600, "(13, 't1')": 480}, "surgeon_allocation": {"(0, 's0')": 0, "(1, 's0')": 0, "(2, 's0')": 0, "(3, 's0')": 0, "(4, 's0')": 0, "(5, 's0')": 0, "(6, 's0')": 0, "(7, 's0')": 0, "(8, 's0')": 120, "(9, 's0')": 180, "(10, 's0')": 180, "(11, 's0')": 0, "(12, 's0')": 0, "(13, 's0')": 0}, "operator": "['add_nurse_room']"}