{"patients": [{"id": "p019", "admission_day": 0, "room": "r00", "operating_theater": "t0"}, {"id": "p200", "admission_day": 0, "room": "r01", "operating_theater": "t0"}, {"id": "p228", "admission_day": 0, "room": "r02", "operating_theater": "t1"}, {"id": "p131", "admission_day": 0, "room": "r01", "operating_theater": "t1"}, {"id": "p265", "admission_day": 0, "room": "r02", "operating_theater": "t1"}, {"id": "p051", "admission_day": 0, "room": "r01", "operating_theater": "t1"}, {"id": "p129", "admission_day": 0, "room": "r02", "operating_theater": "t1"}, {"id": "p148", "admission_day": 0, "room": "r06", "operating_theater": "t2"}, {"id": "p312", "admission_day": 2, "room": "r01", "operating_theater": "t1"}, {"id": "p275", "admission_day": 1, "room": "r04", "operating_theater": "t0"}, {"id": "p169", "admission_day": 1, "room": "r04", "operating_theater": "t0"}, {"id": "p288", "admission_day": 1, "room": "r03", "operating_theater": "t0"}, {"id": "p291", "admission_day": 1, "room": "r20", "operating_theater": "t0"}, {"id": "p001", "admission_day": 1, "room": "r04", "operating_theater": "t1"}, {"id": "p196", "admission_day": 1, "room": "r05", "operating_theater": "t1"}, {"id": "p224", "admission_day": 1, "room": "r08", "operating_theater": "t1"}, {"id": "p084", "admission_day": 1, "room": "r06", "operating_theater": "t2"}, {"id": "p116", "admission_day": 1, "room": "r06", "operating_theater": "t2"}, {"id": "p193", "admission_day": 1, "room": "r04", "operating_theater": "t2"}, {"id": "p339", "admission_day": 1, "room": "r08", "operating_theater": "t2"}, {"id": "p329", "admission_day": 2, "room": "r07", "operating_theater": "t0"}, {"id": "p042", "admission_day": 2, "room": "r07", "operating_theater": "t0"}, {"id": "p059", "admission_day": 2, "room": "r09", "operating_theater": "t1"}, {"id": "p093", "admission_day": 2, "room": "r24", "operating_theater": "t0"}, {"id": "p271", "admission_day": 2, "room": "r09", "operating_theater": "t1"}, {"id": "p335", "admission_day": 2, "room": "r11", "operating_theater": "t1"}, {"id": "p341", "admission_day": 2, "room": "r22", "operating_theater": "t2"}, {"id": "p100", "admission_day": 2, "room": "r07", "operating_theater": "t2"}, {"id": "p226", "admission_day": 2, "room": "r10", "operating_theater": "t3"}, {"id": "p358", "admission_day": 2, "room": "r11", "operating_theater": "t3"}, {"id": "p044", "admission_day": 3, "room": "r01", "operating_theater": "t0"}, {"id": "p087", "admission_day": 3, "room": "r02", "operating_theater": "t0"}, {"id": "p159", "admission_day": 3, "room": "r01", "operating_theater": "t0"}, {"id": "p191", "admission_day": 3, "room": "r02", "operating_theater": "t5"}, {"id": "p235", "admission_day": 3, "room": "r23", "operating_theater": "t1"}, {"id": "p149", "admission_day": 3, "room": "r09", "operating_theater": "t1"}, {"id": "p185", "admission_day": 3, "room": "r08", "operating_theater": "t5"}, {"id": "p314", "admission_day": 3, "room": "r10", "operating_theater": "t2"}, {"id": "p095", "admission_day": 4, "room": "r05", "operating_theater": "t0"}, {"id": "p233", "admission_day": 4, "room": "r11", "operating_theater": "t0"}, {"id": "p350", "admission_day": 4, "room": "r13", "operating_theater": "t0"}, {"id": "p062", "admission_day": 4, "room": "r04", "operating_theater": "t1"}, {"id": "p225", "admission_day": 26, "room": "r16", "operating_theater": "t1"}, {"id": "p063", "admission_day": 4, "room": "r13", "operating_theater": "t1"}, {"id": "p070", "admission_day": 4, "room": "r06", "operating_theater": "t1"}, {"id": "p109", "admission_day": 4, "room": "r12", "operating_theater": "t1"}, {"id": "p246", "admission_day": 4, "room": "r16", "operating_theater": "t2"}, {"id": "p307", "admission_day": 5, "room": "r13", "operating_theater": "t0"}, {"id": "p144", "admission_day": 5, "room": "r21", "operating_theater": "t0"}, {"id": "p330", "admission_day": 12, "room": "r10", "operating_theater": "t0"}, {"id": "p150", "admission_day": 7, "room": "r01", "operating_theater": "t0"}, {"id": "p324", "admission_day": 7, "room": "r08", "operating_theater": "t0"}, {"id": "p097", "admission_day": 8, "room": "r01", "operating_theater": "t0"}, {"id": "p155", "admission_day": 8, "room": "r19", "operating_theater": "t0"}, {"id": "p064", "admission_day": 8, "room": "r03", "operating_theater": "t1"}, {"id": "p135", "admission_day": 8, "room": "r03", "operating_theater": "t0"}, {"id": "p311", "admission_day": 8, "room": "r05", "operating_theater": "t1"}, {"id": "p326", "admission_day": 9, "room": "r24", "operating_theater": "t0"}, {"id": "p201", "admission_day": 9, "room": "r00", "operating_theater": "t0"}, {"id": "p334", "admission_day": 10, "room": "r02", "operating_theater": "t0"}, {"id": "p049", "admission_day": 11, "room": "r00", "operating_theater": "t5"}, {"id": "p204", "admission_day": 13, "room": "r00", "operating_theater": "t0"}, {"id": "p141", "admission_day": 13, "room": "r02", "operating_theater": "t0"}, {"id": "p122", "admission_day": 17, "room": "r01", "operating_theater": "t0"}, {"id": "p280", "admission_day": 16, "room": "r01", "operating_theater": "t0"}, {"id": "p177", "admission_day": 17, "room": "r01", "operating_theater": "t0"}, {"id": "p114", "admission_day": 27, "room": "r19", "operating_theater": "t4"}, {"id": "p000", "admission_day": "none"}, {"id": "p002", "admission_day": 8, "room": "r14", "operating_theater": "t2"}, {"id": "p003", "admission_day": "none"}, {"id": "p004", "admission_day": "none"}, {"id": "p005", "admission_day": "none"}, {"id": "p007", "admission_day": "none"}, {"id": "p008", "admission_day": "none"}, {"id": "p009", "admission_day": "none"}, {"id": "p010", "admission_day": "none"}, {"id": "p011", "admission_day": 8, "room": "r17", "operating_theater": "t1"}, {"id": "p012", "admission_day": "none"}, {"id": "p013", "admission_day": "none"}, {"id": "p014", "admission_day": "none"}, {"id": "p015", "admission_day": 4, "room": "r22", "operating_theater": "t5"}, {"id": "p016", "admission_day": "none"}, {"id": "p017", "admission_day": 3, "room": "r18", "operating_theater": "t3"}, {"id": "p018", "admission_day": "none"}, {"id": "p020", "admission_day": "none"}, {"id": "p021", "admission_day": "none"}, {"id": "p022", "admission_day": "none"}, {"id": "p023", "admission_day": "none"}, {"id": "p024", "admission_day": "none"}, {"id": "p025", "admission_day": "none"}, {"id": "p026", "admission_day": "none"}, {"id": "p027", "admission_day": "none"}, {"id": "p028", "admission_day": 11, "room": "r13", "operating_theater": "t1"}, {"id": "p029", "admission_day": "none"}, {"id": "p030", "admission_day": "none"}, {"id": "p031", "admission_day": "none"}, {"id": "p032", "admission_day": "none"}, {"id": "p033", "admission_day": 14, "room": "r06", "operating_theater": "t7"}, {"id": "p035", "admission_day": "none"}, {"id": "p036", "admission_day": "none"}, {"id": "p037", "admission_day": "none"}, {"id": "p038", "admission_day": 26, "room": "r24", "operating_theater": "t4"}, {"id": "p039", "admission_day": "none"}, {"id": "p040", "admission_day": 16, "room": "r15", "operating_theater": "t0"}, {"id": "p041", "admission_day": "none"}, {"id": "p043", "admission_day": "none"}, {"id": "p045", "admission_day": 14, "room": "r19", "operating_theater": "t7"}, {"id": "p046", "admission_day": "none"}, {"id": "p047", "admission_day": 9, "room": "r20", "operating_theater": "t0"}, {"id": "p048", "admission_day": "none"}, {"id": "p050", "admission_day": "none"}, {"id": "p052", "admission_day": "none"}, {"id": "p053", "admission_day": 5, "room": "r12", "operating_theater": "t0"}, {"id": "p054", "admission_day": "none"}, {"id": "p055", "admission_day": 6, "room": "r19", "operating_theater": "t4"}, {"id": "p056", "admission_day": "none"}, {"id": "p057", "admission_day": "none"}, {"id": "p058", "admission_day": 3, "room": "r08", "operating_theater": "t1"}, {"id": "p061", "admission_day": "none"}, {"id": "p065", "admission_day": 9, "room": "r14", "operating_theater": "t0"}, {"id": "p066", "admission_day": "none"}, {"id": "p067", "admission_day": "none"}, {"id": "p068", "admission_day": 3, "room": "r22", "operating_theater": "t4"}, {"id": "p069", "admission_day": "none"}, {"id": "p071", "admission_day": "none"}, {"id": "p072", "admission_day": 8, "room": "r13", "operating_theater": "t4"}, {"id": "p073", "admission_day": "none"}, {"id": "p074", "admission_day": "none"}, {"id": "p075", "admission_day": "none"}, {"id": "p076", "admission_day": "none"}, {"id": "p077", "admission_day": "none"}, {"id": "p079", "admission_day": "none"}, {"id": "p080", "admission_day": "none"}, {"id": "p081", "admission_day": "none"}, {"id": "p082", "admission_day": 7, "room": "r12", "operating_theater": "t6"}, {"id": "p083", "admission_day": "none"}, {"id": "p085", "admission_day": 6, "room": "r22", "operating_theater": "t7"}, {"id": "p086", "admission_day": "none"}, {"id": "p088", "admission_day": "none"}, {"id": "p089", "admission_day": "none"}, {"id": "p090", "admission_day": 19, "room": "r12", "operating_theater": "t3"}, {"id": "p091", "admission_day": "none"}, {"id": "p092", "admission_day": "none"}, {"id": "p094", "admission_day": "none"}, {"id": "p096", "admission_day": "none"}, {"id": "p098", "admission_day": "none"}, {"id": "p099", "admission_day": "none"}, {"id": "p101", "admission_day": "none"}, {"id": "p102", "admission_day": "none"}, {"id": "p103", "admission_day": "none"}, {"id": "p104", "admission_day": "none"}, {"id": "p105", "admission_day": 1, "room": "r18", "operating_theater": "t2"}, {"id": "p106", "admission_day": "none"}, {"id": "p107", "admission_day": "none"}, {"id": "p108", "admission_day": 11, "room": "r04", "operating_theater": "t5"}, {"id": "p110", "admission_day": "none"}, {"id": "p111", "admission_day": "none"}, {"id": "p112", "admission_day": "none"}, {"id": "p113", "admission_day": "none"}, {"id": "p115", "admission_day": "none"}, {"id": "p117", "admission_day": 17, "room": "r15", "operating_theater": "t0"}, {"id": "p118", "admission_day": "none"}, {"id": "p119", "admission_day": "none"}, {"id": "p120", "admission_day": "none"}, {"id": "p121", "admission_day": 11, "room": "r09", "operating_theater": "t5"}, {"id": "p123", "admission_day": 4, "room": "r23", "operating_theater": "t1"}, {"id": "p124", "admission_day": 21, "room": "r15", "operating_theater": "t2"}, {"id": "p126", "admission_day": "none"}, {"id": "p128", "admission_day": 9, "room": "r21", "operating_theater": "t0"}, {"id": "p130", "admission_day": "none"}, {"id": "p132", "admission_day": "none"}, {"id": "p133", "admission_day": "none"}, {"id": "p134", "admission_day": "none"}, {"id": "p136", "admission_day": "none"}, {"id": "p137", "admission_day": 4, "room": "r20", "operating_theater": "t1"}, {"id": "p138", "admission_day": "none"}, {"id": "p139", "admission_day": "none"}, {"id": "p140", "admission_day": "none"}, {"id": "p142", "admission_day": "none"}, {"id": "p143", "admission_day": 13, "room": "r24", "operating_theater": "t4"}, {"id": "p145", "admission_day": 2, "room": "r11", "operating_theater": "t3"}, {"id": "p146", "admission_day": 3, "room": "r09", "operating_theater": "t4"}, {"id": "p147", "admission_day": "none"}, {"id": "p151", "admission_day": "none"}, {"id": "p152", "admission_day": 3, "room": "r20", "operating_theater": "t4"}, {"id": "p153", "admission_day": 8, "room": "r06", "operating_theater": "t2"}, {"id": "p154", "admission_day": "none"}, {"id": "p156", "admission_day": "none"}, {"id": "p157", "admission_day": 1, "room": "r12", "operating_theater": "t2"}, {"id": "p158", "admission_day": "none"}, {"id": "p160", "admission_day": "none"}, {"id": "p161", "admission_day": "none"}, {"id": "p162", "admission_day": 4, "room": "r17", "operating_theater": "t4"}, {"id": "p163", "admission_day": "none"}, {"id": "p164", "admission_day": "none"}, {"id": "p165", "admission_day": "none"}, {"id": "p166", "admission_day": 13, "room": "r10", "operating_theater": "t4"}, {"id": "p167", "admission_day": "none"}, {"id": "p168", "admission_day": "none"}, {"id": "p170", "admission_day": "none"}, {"id": "p171", "admission_day": "none"}, {"id": "p172", "admission_day": "none"}, {"id": "p173", "admission_day": "none"}, {"id": "p174", "admission_day": "none"}, {"id": "p175", "admission_day": "none"}, {"id": "p176", "admission_day": "none"}, {"id": "p178", "admission_day": "none"}, {"id": "p179", "admission_day": "none"}, {"id": "p180", "admission_day": "none"}, {"id": "p181", "admission_day": 3, "room": "r19", "operating_theater": "t4"}, {"id": "p182", "admission_day": "none"}, {"id": "p183", "admission_day": "none"}, {"id": "p184", "admission_day": "none"}, {"id": "p186", "admission_day": "none"}, {"id": "p187", "admission_day": "none"}, {"id": "p188", "admission_day": "none"}, {"id": "p189", "admission_day": "none"}, {"id": "p190", "admission_day": "none"}, {"id": "p192", "admission_day": 2, "room": "r05", "operating_theater": "t3"}, {"id": "p194", "admission_day": "none"}, {"id": "p195", "admission_day": "none"}, {"id": "p197", "admission_day": "none"}, {"id": "p198", "admission_day": "none"}, {"id": "p199", "admission_day": "none"}, {"id": "p202", "admission_day": "none"}, {"id": "p203", "admission_day": "none"}, {"id": "p205", "admission_day": "none"}, {"id": "p206", "admission_day": 22, "room": "r21", "operating_theater": "t1"}, {"id": "p207", "admission_day": "none"}, {"id": "p209", "admission_day": "none"}, {"id": "p210", "admission_day": "none"}, {"id": "p211", "admission_day": 21, "room": "r16", "operating_theater": "t2"}, {"id": "p212", "admission_day": "none"}, {"id": "p213", "admission_day": "none"}, {"id": "p214", "admission_day": "none"}, {"id": "p215", "admission_day": "none"}, {"id": "p216", "admission_day": 27, "room": "r01", "operating_theater": "t4"}, {"id": "p217", "admission_day": "none"}, {"id": "p218", "admission_day": 19, "room": "r08", "operating_theater": "t1"}, {"id": "p219", "admission_day": "none"}, {"id": "p220", "admission_day": "none"}, {"id": "p221", "admission_day": "none"}, {"id": "p222", "admission_day": "none"}, {"id": "p223", "admission_day": "none"}, {"id": "p227", "admission_day": "none"}, {"id": "p229", "admission_day": "none"}, {"id": "p230", "admission_day": 7, "room": "r09", "operating_theater": "t1"}, {"id": "p231", "admission_day": 25, "room": "r06", "operating_theater": "t2"}, {"id": "p232", "admission_day": "none"}, {"id": "p234", "admission_day": 8, "room": "r01", "operating_theater": "t0"}, {"id": "p236", "admission_day": "none"}, {"id": "p237", "admission_day": "none"}, {"id": "p238", "admission_day": 4, "room": "r14", "operating_theater": "t2"}, {"id": "p239", "admission_day": "none"}, {"id": "p240", "admission_day": "none"}, {"id": "p241", "admission_day": "none"}, {"id": "p242", "admission_day": "none"}, {"id": "p244", "admission_day": "none"}, {"id": "p245", "admission_day": "none"}, {"id": "p247", "admission_day": "none"}, {"id": "p248", "admission_day": "none"}, {"id": "p249", "admission_day": "none"}, {"id": "p250", "admission_day": "none"}, {"id": "p251", "admission_day": "none"}, {"id": "p252", "admission_day": "none"}, {"id": "p253", "admission_day": "none"}, {"id": "p254", "admission_day": "none"}, {"id": "p255", "admission_day": "none"}, {"id": "p256", "admission_day": 19, "room": "r19", "operating_theater": "t3"}, {"id": "p257", "admission_day": "none"}, {"id": "p258", "admission_day": "none"}, {"id": "p259", "admission_day": 8, "room": "r23", "operating_theater": "t2"}, {"id": "p260", "admission_day": "none"}, {"id": "p261", "admission_day": "none"}, {"id": "p262", "admission_day": "none"}, {"id": "p263", "admission_day": "none"}, {"id": "p264", "admission_day": "none"}, {"id": "p266", "admission_day": "none"}, {"id": "p267", "admission_day": "none"}, {"id": "p268", "admission_day": 4, "room": "r23", "operating_theater": "t4"}, {"id": "p269", "admission_day": "none"}, {"id": "p270", "admission_day": "none"}, {"id": "p272", "admission_day": "none"}, {"id": "p273", "admission_day": "none"}, {"id": "p274", "admission_day": "none"}, {"id": "p276", "admission_day": "none"}, {"id": "p277", "admission_day": "none"}, {"id": "p278", "admission_day": "none"}, {"id": "p279", "admission_day": "none"}, {"id": "p281", "admission_day": "none"}, {"id": "p282", "admission_day": "none"}, {"id": "p283", "admission_day": 0, "room": "r17", "operating_theater": "t2"}, {"id": "p284", "admission_day": 3, "room": "r16", "operating_theater": "t5"}, {"id": "p285", "admission_day": "none"}, {"id": "p286", "admission_day": "none"}, {"id": "p287", "admission_day": 3, "room": "r21", "operating_theater": "t5"}, {"id": "p289", "admission_day": 4, "room": "r03", "operating_theater": "t2"}, {"id": "p290", "admission_day": "none"}, {"id": "p293", "admission_day": "none"}, {"id": "p294", "admission_day": 8, "room": "r14", "operating_theater": "t0"}, {"id": "p295", "admission_day": "none"}, {"id": "p296", "admission_day": "none"}, {"id": "p297", "admission_day": "none"}, {"id": "p298", "admission_day": "none"}, {"id": "p299", "admission_day": "none"}, {"id": "p300", "admission_day": "none"}, {"id": "p301", "admission_day": "none"}, {"id": "p302", "admission_day": "none"}, {"id": "p303", "admission_day": "none"}, {"id": "p304", "admission_day": "none"}, {"id": "p305", "admission_day": 7, "room": "r00", "operating_theater": "t6"}, {"id": "p306", "admission_day": "none"}, {"id": "p308", "admission_day": "none"}, {"id": "p309", "admission_day": 10, "room": "r06", "operating_theater": "t0"}, {"id": "p310", "admission_day": 9, "room": "r10", "operating_theater": "t0"}, {"id": "p313", "admission_day": "none"}, {"id": "p315", "admission_day": "none"}, {"id": "p316", "admission_day": "none"}, {"id": "p317", "admission_day": "none"}, {"id": "p318", "admission_day": "none"}, {"id": "p319", "admission_day": "none"}, {"id": "p321", "admission_day": "none"}, {"id": "p322", "admission_day": 8, "room": "r12", "operating_theater": "t1"}, {"id": "p323", "admission_day": "none"}, {"id": "p325", "admission_day": 22, "room": "r19", "operating_theater": "t1"}, {"id": "p327", "admission_day": "none"}, {"id": "p328", "admission_day": "none"}, {"id": "p331", "admission_day": "none"}, {"id": "p333", "admission_day": "none"}, {"id": "p336", "admission_day": "none"}, {"id": "p337", "admission_day": 9, "room": "r10", "operating_theater": "t5"}, {"id": "p338", "admission_day": 23, "room": "r13", "operating_theater": "t5"}, {"id": "p340", "admission_day": 4, "room": "r13", "operating_theater": "t1"}, {"id": "p342", "admission_day": "none"}, {"id": "p343", "admission_day": "none"}, {"id": "p344", "admission_day": 3, "room": "r17", "operating_theater": "t3"}, {"id": "p345", "admission_day": 27, "room": "r15", "operating_theater": "t4"}, {"id": "p346", "admission_day": 8, "room": "r18", "operating_theater": "t1"}, {"id": "p347", "admission_day": "none"}, {"id": "p348", "admission_day": "none"}, {"id": "p349", "admission_day": "none"}, {"id": "p351", "admission_day": "none"}, {"id": "p352", "admission_day": "none"}, {"id": "p353", "admission_day": "none"}, {"id": "p354", "admission_day": "none"}, {"id": "p355", "admission_day": "none"}, {"id": "p356", "admission_day": "none"}, {"id": "p357", "admission_day": "none"}], "nurses": [{"id": "n000", "assignments": [{"day": 0, "shift": "night", "rooms": ["r00", "r01", "r02", "r03", "r04"]}, {"day": 1, "shift": "night", "rooms": ["r00", "r01", "r02"]}, {"day": 3, "shift": "early", "rooms": ["r00", "r01"]}, {"day": 4, "shift": "early", "rooms": ["r00", "r01"]}, {"day": 5, "shift": "late", "rooms": ["r00", "r01", "r02"]}, {"day": 6, "shift": "late", "rooms": ["r00", "r01"]}, {"day": 7, "shift": "late", "rooms": ["r00", "r01", "r02"]}, {"day": 8, "shift": "night", "rooms": ["r00", "r01", "r02", "r03"]}, {"day": 10, "shift": "early", "rooms": ["r00", "r01", "r02"]}, {"day": 11, "shift": "early", "rooms": ["r00", "r01", "r02"]}, {"day": 13, "shift": "early", "rooms": ["r00", "r01", "r02"]}, {"day": 14, "shift": "early", "rooms": ["r00", "r01", "r02", "r03", "r04"]}, {"day": 15, "shift": "night", "rooms": ["r00", "r01", "r02", "r03", "r04", "r05", "r06", "r07", "r08", "r09", "r10", "r11", "r12", "r13", "r14", "r15", "r16", "r17", "r18", "r19", "r20", "r21", "r22", "r23", "r24"]}, {"day": 16, "shift": "night", "rooms": ["r00", "r01", "r02", "r03", "r04", "r05", "r06", "r07", "r08", "r09", "r10", "r11", "r12", "r13", "r14", "r15", "r16", "r17", "r18", "r19", "r20", "r21", "r22", "r23", "r24"]}, {"day": 17, "shift": "night", "rooms": ["r00", "r01", "r02", "r03", "r04", "r05", "r06", "r07", "r08", "r09", "r10", "r11", "r12", "r13", "r14", "r15", "r16", "r17", "r18", "r19", "r20", "r21", "r22", "r23", "r24"]}, {"day": 19, "shift": "late", "rooms": ["r00", "r01", "r02", "r03", "r04", "r05", "r06", "r07", "r08", "r09", "r10", "r11", "r12", "r13", "r14", "r15", "r16", "r17", "r18", "r19", "r20", "r21", "r22", "r23", "r24"]}, {"day": 20, "shift": "late", "rooms": ["r00", "r01", "r02", "r03", "r04", "r05", "r06", "r07", "r08", "r09", "r10", "r11", "r12", "r13", "r14", "r15", "r16", "r17", "r18", "r19", "r20", "r21", "r22", "r23", "r24"]}, {"day": 21, "shift": "night", "rooms": ["r00", "r01", "r02", "r03", "r04", "r05", "r06", "r07", "r08", "r09", "r10", "r11", "r12", "r13", "r14", "r15", "r16", "r17", "r18", "r19", "r20", "r21", "r22", "r23", "r24"]}, {"day": 23, "shift": "late", "rooms": ["r00", "r01", "r02", "r03", "r04", "r05", "r06", "r07", "r08", "r09", "r10", "r11", "r12", "r13", "r14", "r15", "r16", "r17", "r18", "r19", "r20", "r21", "r22", "r23", "r24"]}, {"day": 24, "shift": "night", "rooms": ["r00", "r01", "r02", "r03", "r04", "r05", "r06", "r07", "r08", "r09", "r10", "r11", "r12", "r13", "r14", "r15", "r16", "r17", "r18", "r19", "r20", "r21", "r22", "r23", "r24"]}, {"day": 25, "shift": "night", "rooms": ["r00", "r01", "r02", "r03", "r04", "r05", "r06", "r07", "r08", "r09", "r10", "r11", "r12", "r13", "r14", "r15", "r16", "r17", "r18", "r19", "r20", "r21", "r22", "r23", "r24"]}, {"day": 27, "shift": "night", "rooms": ["r00", "r01", "r02", "r03", "r04", "r05", "r06", "r07", "r08", "r09", "r10", "r11", "r12", "r13", "r14", "r15", "r16", "r17", "r18", "r19", "r20", "r21", "r22", "r23", "r24"]}]}, {"id": "n001", "assignments": [{"day": 0, "shift": "late", "rooms": ["r00", "r01", "r02"]}, {"day": 2, "shift": "early", "rooms": ["r00", "r01"]}, {"day": 3, "shift": "early", "rooms": ["r02", "r03", "r04"]}, {"day": 4, "shift": "late", "rooms": ["r00", "r01"]}, {"day": 6, "shift": "early", "rooms": ["r00", "r01", "r02"]}, {"day": 7, "shift": "early", "rooms": ["r00", "r01", "r02", "r03", "r04"]}, {"day": 8, "shift": "night", "rooms": ["r04", "r05", "r06", "r07", "r08", "r09", "r10", "r11"]}, {"day": 9, "shift": "night", "rooms": ["r00", "r01", "r02", "r03"]}, {"day": 11, "shift": "early", "rooms": ["r03", "r04", "r05", "r06", "r07", "r08", "r09", "r10", "r11", "r12", "r13", "r14", "r15", "r16", "r17", "r18", "r19", "r20", "r21", "r22", "r23", "r24"]}, {"day": 12, "shift": "early", "rooms": ["r00", "r01", "r02", "r03"]}, {"day": 13, "shift": "late", "rooms": ["r00", "r01", "r02", "r03", "r04"]}, {"day": 14, "shift": "late", "rooms": ["r00", "r01", "r02", "r03", "r04"]}, {"day": 16, "shift": "late", "rooms": ["r00", "r01", "r02"]}, {"day": 18, "shift": "early", "rooms": ["r00", "r01", "r02", "r03", "r04", "r05", "r06", "r07", "r08", "r09", "r10", "r11", "r12", "r13", "r14", "r15", "r16", "r17", "r18", "r19", "r20", "r21", "r22", "r23", "r24"]}, {"day": 19, "shift": "early", "rooms": ["r00", "r01", "r02", "r03", "r04", "r05", "r06", "r07", "r08", "r09", "r10", "r11", "r12", "r13", "r14", "r15", "r16", "r17", "r18", "r19", "r20", "r21", "r22", "r23", "r24"]}, {"day": 22, "shift": "night", "rooms": ["r00", "r01", "r02", "r03", "r04", "r05", "r06", "r07", "r08", "r09", "r10", "r11", "r12", "r13", "r14", "r15", "r16", "r17", "r18", "r19", "r20", "r21", "r22", "r23", "r24"]}, {"day": 24, "shift": "early", "rooms": ["r00", "r01", "r02", "r03", "r04", "r05", "r06", "r07", "r08", "r09", "r10", "r11", "r12", "r13", "r14", "r15", "r16", "r17", "r18", "r19", "r20", "r21", "r22", "r23", "r24"]}, {"day": 25, "shift": "late", "rooms": ["r00", "r01", "r02", "r03", "r04", "r05", "r06", "r07", "r08", "r09", "r10", "r11", "r12", "r13", "r14", "r15", "r16", "r17", "r18", "r19", "r20", "r21", "r22", "r23", "r24"]}, {"day": 26, "shift": "late", "rooms": ["r00", "r01", "r02", "r03", "r04", "r05", "r06", "r07", "r08", "r09", "r10", "r11", "r12", "r13", "r14", "r15", "r16", "r17", "r18", "r19", "r20", "r21", "r22", "r23", "r24"]}]}, {"id": "n002", "assignments": [{"day": 0, "shift": "late", "rooms": ["r03", "r04", "r05", "r06", "r07", "r08", "r09", "r10"]}, {"day": 1, "shift": "night", "rooms": ["r03", "r04"]}, {"day": 2, "shift": "night", "rooms": ["r00", "r01", "r02", "r03", "r04"]}, {"day": 3, "shift": "night", "rooms": ["r00", "r01", "r02", "r03"]}, {"day": 5, "shift": "early", "rooms": ["r00", "r01", "r02"]}, {"day": 6, "shift": "early", "rooms": ["r03", "r04", "r05", "r06"]}, {"day": 7, "shift": "early", "rooms": ["r05", "r06", "r07", "r08", "r09", "r10"]}, {"day": 8, "shift": "night", "rooms": ["r12", "r13", "r14", "r15", "r16", "r17", "r18", "r19", "r20", "r21", "r22", "r23", "r24"]}, {"day": 9, "shift": "night", "rooms": ["r04", "r05", "r06", "r07", "r08", "r09", "r10", "r11", "r12", "r13", "r14", "r15", "r16", "r17", "r18", "r19", "r20", "r21", "r22", "r23", "r24"]}, {"day": 10, "shift": "night", "rooms": ["r00", "r01", "r02", "r03", "r04", "r05", "r06"]}, {"day": 11, "shift": "night", "rooms": ["r00", "r01", "r02", "r03", "r04", "r05", "r06"]}, {"day": 13, "shift": "early", "rooms": ["r03", "r04", "r05", "r06", "r07", "r08", "r09", "r10", "r11", "r12", "r13", "r14", "r15", "r16", "r17", "r18", "r19", "r20", "r21", "r22", "r23", "r24"]}, {"day": 14, "shift": "night", "rooms": ["r00", "r01", "r02", "r03", "r04", "r05", "r06", "r07", "r08", "r09", "r10", "r11", "r12", "r13", "r14", "r15", "r16", "r17", "r18", "r19", "r20", "r21", "r22", "r23", "r24"]}, {"day": 17, "shift": "early", "rooms": ["r00", "r01", "r02", "r03", "r04", "r05", "r06", "r07", "r08", "r09", "r10", "r11", "r12", "r13", "r14", "r15", "r16", "r17", "r18", "r19", "r20", "r21", "r22", "r23", "r24"]}, {"day": 20, "shift": "early", "rooms": ["r00", "r01", "r02", "r03", "r04", "r05", "r06", "r07", "r08", "r09", "r10", "r11", "r12", "r13", "r14", "r15", "r16", "r17", "r18", "r19", "r20", "r21", "r22", "r23", "r24"]}, {"day": 21, "shift": "late", "rooms": ["r00", "r01", "r02", "r03", "r04", "r05", "r06", "r07", "r08", "r09", "r10", "r11", "r12", "r13", "r14", "r15", "r16", "r17", "r18", "r19", "r20", "r21", "r22", "r23", "r24"]}, {"day": 22, "shift": "late", "rooms": ["r00", "r01", "r02", "r03", "r04", "r05", "r06", "r07", "r08", "r09", "r10", "r11", "r12", "r13", "r14", "r15", "r16", "r17", "r18", "r19", "r20", "r21", "r22", "r23", "r24"]}, {"day": 23, "shift": "night", "rooms": ["r00", "r01", "r02", "r03", "r04", "r05", "r06", "r07", "r08", "r09", "r10", "r11", "r12", "r13", "r14", "r15", "r16", "r17", "r18", "r19", "r20", "r21", "r22", "r23", "r24"]}, {"day": 26, "shift": "night", "rooms": ["r00", "r01", "r02", "r03", "r04", "r05", "r06", "r07", "r08", "r09", "r10", "r11", "r12", "r13", "r14", "r15", "r16", "r17", "r18", "r19", "r20", "r21", "r22", "r23", "r24"]}]}, {"id": "n003", "assignments": [{"day": 0, "shift": "early", "rooms": ["r00", "r01", "r02"]}, {"day": 1, "shift": "late", "rooms": ["r00", "r01"]}, {"day": 2, "shift": "late", "rooms": ["r00", "r01", "r02"]}, {"day": 3, "shift": "late", "rooms": ["r00", "r01"]}, {"day": 4, "shift": "late", "rooms": ["r02", "r03", "r04"]}, {"day": 5, "shift": "late", "rooms": ["r03", "r04", "r05"]}, {"day": 6, "shift": "late", "rooms": ["r02", "r03", "r04", "r05"]}, {"day": 7, "shift": "late", "rooms": ["r03", "r04", "r05", "r06", "r07", "r08"]}, {"day": 8, "shift": "late", "rooms": ["r00", "r01", "r02"]}, {"day": 10, "shift": "early", "rooms": ["r03", "r04", "r05", "r06", "r07", "r08", "r09", "r10", "r11", "r12", "r13"]}, {"day": 11, "shift": "night", "rooms": ["r07", "r08", "r09", "r10", "r11", "r12", "r13", "r14", "r15", "r16", "r17", "r18", "r19", "r20", "r21", "r22", "r23", "r24"]}, {"day": 13, "shift": "night", "rooms": ["r00", "r01", "r02", "r03", "r04", "r05", "r06", "r07", "r08", "r09", "r10", "r11", "r12", "r13", "r14", "r15", "r16", "r17", "r18", "r19", "r20", "r21", "r22", "r23", "r24"]}, {"day": 15, "shift": "early", "rooms": ["r00", "r01", "r02", "r03", "r04", "r05", "r06", "r07", "r08", "r09", "r10", "r11", "r12", "r13", "r14", "r15", "r16", "r17", "r18", "r19", "r20", "r21", "r22", "r23", "r24"]}, {"day": 16, "shift": "late", "rooms": ["r03", "r04", "r05", "r06", "r07", "r08", "r09", "r10", "r11", "r12", "r13", "r14", "r15", "r16", "r17", "r18", "r19", "r20", "r21", "r22", "r23", "r24"]}, {"day": 17, "shift": "late", "rooms": ["r00", "r01", "r02", "r03", "r04", "r05", "r06", "r07", "r08", "r09", "r10", "r11", "r12", "r13", "r14", "r15", "r16", "r17", "r18", "r19", "r20", "r21", "r22", "r23", "r24"]}, {"day": 18, "shift": "late", "rooms": ["r00", "r01", "r02", "r03", "r04", "r05", "r06", "r07", "r08", "r09", "r10", "r11", "r12", "r13", "r14", "r15", "r16", "r17", "r18", "r19", "r20", "r21", "r22", "r23", "r24"]}, {"day": 26, "shift": "early", "rooms": ["r00", "r01", "r02", "r03", "r04", "r05", "r06", "r07", "r08", "r09", "r10", "r11", "r12", "r13", "r14", "r15", "r16", "r17", "r18", "r19", "r20", "r21", "r22", "r23", "r24"]}, {"day": 27, "shift": "early", "rooms": ["r00", "r01", "r02", "r03", "r04", "r05", "r06", "r07", "r08", "r09", "r10", "r11", "r12", "r13", "r14", "r15", "r16", "r17", "r18", "r19", "r20", "r21", "r22", "r23", "r24"]}]}, {"id": "n004", "assignments": [{"day": 0, "shift": "night", "rooms": ["r05", "r06", "r07", "r08", "r09", "r10", "r11", "r12", "r13", "r14", "r15"]}, {"day": 2, "shift": "late", "rooms": ["r03", "r04", "r05"]}, {"day": 3, "shift": "late", "rooms": ["r02", "r03", "r04"]}, {"day": 4, "shift": "late", "rooms": ["r05", "r06"]}, {"day": 5, "shift": "late", "rooms": ["r06", "r07"]}, {"day": 6, "shift": "late", "rooms": ["r06", "r07", "r08", "r09"]}, {"day": 7, "shift": "late", "rooms": ["r09", "r10", "r11", "r12"]}, {"day": 8, "shift": "late", "rooms": ["r03", "r04", "r05", "r06", "r07"]}, {"day": 9, "shift": "late", "rooms": ["r00", "r01"]}, {"day": 10, "shift": "late", "rooms": ["r00", "r01"]}, {"day": 14, "shift": "late", "rooms": ["r05", "r06", "r07", "r08", "r09", "r10", "r11", "r12", "r13", "r14", "r15", "r16", "r17", "r18", "r19", "r20", "r21", "r22", "r23", "r24"]}, {"day": 15, "shift": "late", "rooms": ["r00", "r01", "r02", "r03", "r04", "r05", "r06", "r07", "r08", "r09", "r10", "r11", "r12", "r13", "r14", "r15", "r16", "r17", "r18", "r19", "r20", "r21", "r22", "r23", "r24"]}, {"day": 18, "shift": "night", "rooms": ["r00", "r01", "r02", "r03", "r04", "r05", "r06", "r07", "r08", "r09", "r10", "r11", "r12", "r13", "r14", "r15", "r16", "r17", "r18", "r19", "r20", "r21", "r22", "r23", "r24"]}, {"day": 19, "shift": "night", "rooms": ["r00", "r01", "r02", "r03", "r04", "r05", "r06", "r07", "r08", "r09", "r10", "r11", "r12", "r13", "r14", "r15", "r16", "r17", "r18", "r19", "r20", "r21", "r22", "r23", "r24"]}, {"day": 25, "shift": "early", "rooms": ["r00", "r01", "r02", "r03", "r04", "r05", "r06", "r07", "r08", "r09", "r10", "r11", "r12", "r13", "r14", "r15", "r16", "r17", "r18", "r19", "r20", "r21", "r22", "r23", "r24"]}]}, {"id": "n005", "assignments": [{"day": 0, "shift": "late", "rooms": ["r11", "r12", "r13"]}, {"day": 2, "shift": "early", "rooms": ["r02", "r03", "r04"]}, {"day": 3, "shift": "early", "rooms": ["r05", "r06"]}, {"day": 4, "shift": "late", "rooms": ["r07"]}, {"day": 5, "shift": "night", "rooms": ["r00", "r01", "r02"]}, {"day": 7, "shift": "late", "rooms": ["r13", "r14", "r15", "r16", "r17", "r18", "r19", "r20", "r21", "r22", "r23", "r24"]}, {"day": 8, "shift": "late", "rooms": ["r08", "r09", "r10", "r11", "r12", "r13"]}, {"day": 9, "shift": "late", "rooms": ["r02", "r03", "r04", "r05"]}, {"day": 12, "shift": "late", "rooms": ["r00", "r01", "r02", "r03"]}, {"day": 21, "shift": "early", "rooms": ["r00", "r01", "r02", "r03", "r04", "r05", "r06", "r07", "r08", "r09", "r10", "r11", "r12", "r13", "r14", "r15", "r16", "r17", "r18", "r19", "r20", "r21", "r22", "r23", "r24"]}]}, {"id": "n006", "assignments": [{"day": 0, "shift": "night", "rooms": ["r22", "r20", "r17", "r19", "r18", "r21", "r24", "r16"]}, {"day": 2, "shift": "early", "rooms": ["r05", "r06", "r07"]}, {"day": 3, "shift": "early", "rooms": ["r07", "r05", "r08"]}, {"day": 4, "shift": "early", "rooms": ["r02", "r03", "r04"]}, {"day": 5, "shift": "late", "rooms": ["r08", "r09", "r10"]}, {"day": 6, "shift": "late", "rooms": ["r10", "r11", "r12"]}, {"day": 8, "shift": "late", "rooms": ["r14", "r15", "r16", "r17", "r18", "r19", "r20", "r21", "r22", "r23", "r24"]}, {"day": 9, "shift": "late", "rooms": ["r06", "r07", "r08"]}, {"day": 10, "shift": "late", "rooms": ["r02", "r03", "r04", "r05", "r06", "r07", "r08"]}, {"day": 11, "shift": "late", "rooms": ["r00", "r01", "r02", "r03"]}, {"day": 12, "shift": "late", "rooms": ["r04", "r05", "r06", "r07", "r08", "r09", "r10", "r11", "r12", "r13", "r14", "r15", "r16", "r17", "r18", "r19", "r20", "r21", "r22", "r23", "r24"]}, {"day": 13, "shift": "late", "rooms": ["r05", "r06", "r07", "r08", "r09", "r10", "r11", "r12", "r13", "r14", "r15", "r16", "r17", "r18", "r19", "r20", "r21", "r22", "r23", "r24"]}, {"day": 23, "shift": "early", "rooms": ["r00", "r01", "r02", "r03", "r04", "r05", "r06", "r07", "r08", "r09", "r10", "r11", "r12", "r13", "r14", "r15", "r16", "r17", "r18", "r19", "r20", "r21", "r22", "r23", "r24"]}]}, {"id": "n007", "assignments": [{"day": 0, "shift": "late", "rooms": ["r14", "r15", "r16", "r17", "r18", "r19"]}, {"day": 1, "shift": "late", "rooms": ["r18", "r03", "r04"]}, {"day": 3, "shift": "early", "rooms": ["r09", "r10", "r11"]}, {"day": 4, "shift": "early", "rooms": ["r05", "r06"]}, {"day": 5, "shift": "late", "rooms": ["r11", "r12", "r13"]}, {"day": 6, "shift": "night", "rooms": ["r00", "r01", "r02"]}, {"day": 8, "shift": "early", "rooms": ["r00", "r01"]}, {"day": 9, "shift": "late", "rooms": ["r09", "r10", "r11", "r12", "r13", "r14", "r15", "r16", "r17", "r18", "r19", "r20", "r21", "r22", "r23", "r24"]}, {"day": 10, "shift": "night", "rooms": ["r07", "r08", "r09", "r10", "r11", "r12", "r13", "r14", "r15", "r16", "r17", "r18", "r19", "r20", "r21", "r22", "r23", "r24"]}, {"day": 27, "shift": "late", "rooms": ["r00", "r01", "r02", "r03", "r04", "r05", "r06", "r07", "r08", "r09", "r10", "r11", "r12", "r13", "r14", "r15", "r16", "r17", "r18", "r19", "r20", "r21", "r22", "r23", "r24"]}]}, {"id": "n008", "assignments": [{"day": 0, "shift": "late", "rooms": ["r20", "r21", "r22", "r23", "r24"]}, {"day": 1, "shift": "night", "rooms": ["r05", "r06", "r07", "r08", "r09"]}, {"day": 3, "shift": "early", "rooms": ["r12", "r13", "r14", "r15", "r16", "r17", "r18", "r19", "r20", "r21", "r22", "r23", "r24"]}, {"day": 4, "shift": "early", "rooms": ["r07", "r08"]}, {"day": 5, "shift": "early", "rooms": ["r03", "r04", "r05"]}, {"day": 6, "shift": "early", "rooms": ["r07", "r08", "r09"]}, {"day": 12, "shift": "night", "rooms": ["r00", "r01", "r02", "r03", "r04", "r05", "r06", "r07", "r08", "r09", "r10", "r11", "r12", "r13", "r14", "r15", "r16", "r17", "r18", "r19", "r20", "r21", "r22", "r23", "r24"]}, {"day": 22, "shift": "early", "rooms": ["r00", "r01", "r02", "r03", "r04", "r05", "r06", "r07", "r08", "r09", "r10", "r11", "r12", "r13", "r14", "r15", "r16", "r17", "r18", "r19", "r20", "r21", "r22", "r23", "r24"]}]}, {"id": "n009", "assignments": [{"day": 0, "shift": "early", "rooms": ["r03", "r04", "r05", "r06"]}, {"day": 1, "shift": "late", "rooms": ["r05", "r06", "r07", "r08"]}, {"day": 2, "shift": "late", "rooms": ["r06", "r07"]}, {"day": 3, "shift": "late", "rooms": ["r05", "r06", "r07"]}, {"day": 5, "shift": "early", "rooms": ["r06", "r07", "r08"]}, {"day": 6, "shift": "night", "rooms": ["r03", "r04", "r05"]}, {"day": 8, "shift": "early", "rooms": ["r02", "r03"]}, {"day": 24, "shift": "late", "rooms": ["r00", "r01", "r02", "r03", "r04", "r05", "r06", "r07", "r08", "r09", "r10", "r11", "r12", "r13", "r14", "r15", "r16", "r17", "r18", "r19", "r20", "r21", "r22", "r23", "r24"]}]}, {"id": "n010", "assignments": [{"day": 2, "shift": "early", "rooms": ["r08", "r09", "r10"]}, {"day": 3, "shift": "late", "rooms": ["r08", "r09"]}, {"day": 4, "shift": "late", "rooms": ["r09", "r10"]}, {"day": 5, "shift": "late", "rooms": ["r17", "r21", "r14", "r20", "r16", "r15", "r19", "r24", "r23", "r18", "r22"]}, {"day": 6, "shift": "late", "rooms": ["r13", "r14", "r15", "r16", "r17", "r18", "r19", "r20", "r21", "r22", "r23", "r24"]}, {"day": 10, "shift": "early", "rooms": ["r14", "r15", "r16", "r17", "r18", "r19", "r20", "r21", "r22", "r23", "r24"]}, {"day": 12, "shift": "early", "rooms": ["r04", "r05", "r06", "r07", "r08", "r09", "r10", "r11", "r12", "r13", "r14", "r15", "r16", "r17", "r18", "r19", "r20", "r21", "r22", "r23", "r24"]}, {"day": 25, "shift": "late", "rooms": []}, {"day": 17, "shift": "night", "rooms": ["r18"]}]}, {"id": "n011", "assignments": [{"day": 1, "shift": "night", "rooms": ["r10", "r11", "r12", "r13", "r14", "r15", "r16", "r17", "r18", "r19", "r20", "r21", "r22", "r23", "r24"]}, {"day": 2, "shift": "night", "rooms": ["r05", "r06", "r07"]}, {"day": 3, "shift": "night", "rooms": ["r04", "r05", "r06"]}, {"day": 4, "shift": "night", "rooms": ["r00", "r01", "r02"]}, {"day": 5, "shift": "night", "rooms": ["r03", "r04", "r05"]}, {"day": 6, "shift": "night", "rooms": ["r06", "r07", "r08", "r09"]}, {"day": 7, "shift": "night", "rooms": ["r00", "r01", "r02", "r03", "r04"]}, {"day": 14, "shift": "early", "rooms": ["r05", "r06", "r07", "r08", "r09", "r10", "r11", "r12", "r13", "r14", "r15", "r16", "r17", "r18", "r19", "r20", "r21", "r22", "r23", "r24"]}]}, {"id": "n012", "assignments": [{"day": 2, "shift": "night", "rooms": ["r08", "r09", "r10", "r11"]}, {"day": 3, "shift": "night", "rooms": ["r07", "r08", "r09"]}, {"day": 4, "shift": "night", "rooms": ["r03", "r04", "r05"]}, {"day": 5, "shift": "night", "rooms": ["r06", "r07", "r08", "r09"]}, {"day": 7, "shift": "early", "rooms": ["r11", "r12", "r13"]}, {"day": 11, "shift": "late", "rooms": ["r04", "r05", "r06", "r07", "r08", "r09", "r10", "r11", "r12", "r13", "r14", "r15", "r16", "r17", "r18", "r19", "r20", "r21", "r22", "r23", "r24"]}]}, {"id": "n013", "assignments": [{"day": 2, "shift": "early", "rooms": ["r11", "r12"]}, {"day": 3, "shift": "late", "rooms": ["r10", "r11", "r12", "r13", "r14", "r15", "r16"]}, {"day": 4, "shift": "late", "rooms": ["r11", "r12"]}, {"day": 6, "shift": "night", "rooms": ["r10", "r11", "r12", "r13"]}, {"day": 7, "shift": "night", "rooms": ["r05", "r06", "r07", "r08", "r09", "r10", "r11"]}]}, {"id": "n014", "assignments": [{"day": 4, "shift": "early", "rooms": ["r09", "r10"]}, {"day": 8, "shift": "early", "rooms": ["r04", "r05", "r06", "r07", "r08", "r09", "r10"]}, {"day": 9, "shift": "early", "rooms": ["r00", "r01", "r02", "r03"]}, {"day": 20, "shift": "night", "rooms": ["r00", "r01", "r02", "r03", "r04", "r05", "r06", "r07", "r08", "r09", "r10", "r11", "r12", "r13", "r14", "r15", "r16", "r17", "r18", "r19", "r20", "r21", "r22", "r23", "r24"]}]}, {"id": "n015", "assignments": [{"day": 2, "shift": "night", "rooms": ["r12", "r13", "r14", "r15", "r16", "r17", "r18", "r19", "r20", "r21", "r22", "r23", "r24"]}, {"day": 3, "shift": "night", "rooms": ["r10", "r11", "r12", "r13", "r14", "r15", "r16", "r17", "r18", "r19", "r20", "r21", "r22", "r23", "r24"]}, {"day": 4, "shift": "night", "rooms": ["r06", "r07", "r08"]}, {"day": 6, "shift": "early", "rooms": ["r10", "r11", "r12"]}, {"day": 7, "shift": "early", "rooms": ["r14", "r15", "r16", "r17", "r18", "r19", "r20", "r21", "r22", "r23", "r24"]}]}, {"id": "n016", "assignments": [{"day": 2, "shift": "late", "rooms": ["r08", "r09", "r10", "r11"]}, {"day": 3, "shift": "late", "rooms": ["r17", "r18", "r19", "r20", "r21", "r22", "r23", "r24"]}, {"day": 4, "shift": "late", "rooms": ["r13", "r14", "r15", "r16", "r17", "r18", "r19", "r20", "r21", "r22", "r23", "r24"]}, {"day": 6, "shift": "night", "rooms": ["r14", "r15", "r16", "r17", "r18", "r19", "r20", "r21", "r22", "r23", "r24"]}, {"day": 7, "shift": "night", "rooms": ["r12", "r13", "r14", "r15", "r16", "r17", "r18", "r19", "r20", "r21", "r22", "r23", "r24"]}, {"day": 5, "shift": "late", "rooms": ["r06"]}]}, {"id": "n017", "assignments": [{"day": 1, "shift": "late", "rooms": ["r09", "r10", "r11", "r12"]}, {"day": 5, "shift": "early", "rooms": ["r09", "r10", "r11"]}, {"day": 16, "shift": "early", "rooms": ["r00", "r01", "r02", "r03", "r04", "r05", "r06", "r07", "r08", "r09", "r10", "r11", "r12", "r13", "r14", "r15", "r16", "r17", "r18", "r19", "r20", "r21", "r22", "r23", "r24"]}, {"day": 8, "shift": "late", "rooms": []}, {"day": 7, "shift": "late", "rooms": ["r24"]}]}, {"id": "n018", "assignments": [{"day": 0, "shift": "early", "rooms": ["r07", "r08", "r09", "r10", "r11", "r12"]}, {"day": 1, "shift": "early", "rooms": ["r00", "r01"]}, {"day": 2, "shift": "late", "rooms": ["r12", "r13", "r14", "r15", "r16", "r17", "r18", "r19", "r20", "r21", "r22", "r23", "r24"]}]}, {"id": "n019", "assignments": [{"day": 1, "shift": "late", "rooms": ["r13", "r14", "r15", "r16", "r17", "r18", "r19", "r20", "r21", "r22"]}, {"day": 5, "shift": "early", "rooms": ["r12", "r13"]}, {"day": 6, "shift": "early", "rooms": ["r13", "r14", "r15", "r16", "r17", "r18", "r19", "r20", "r21", "r22", "r23", "r24"]}, {"day": 8, "shift": "early", "rooms": ["r11", "r12", "r13"]}, {"day": 10, "shift": "late", "rooms": ["r09", "r10", "r11", "r12", "r13", "r14", "r15", "r16", "r17", "r18", "r19", "r20", "r21", "r22", "r23", "r24"]}]}, {"id": "n020", "assignments": [{"day": 1, "shift": "late", "rooms": ["r18", "r23"]}, {"day": 4, "shift": "early", "rooms": ["r11", "r12", "r13"]}]}, {"id": "n021", "assignments": [{"day": 4, "shift": "night", "rooms": ["r09", "r10", "r11"]}, {"day": 5, "shift": "night", "rooms": ["r10", "r11", "r12"]}, {"day": 1, "shift": "night", "rooms": ["r18"]}]}, {"id": "n022", "assignments": [{"day": 0, "shift": "early", "rooms": ["r13", "r14", "r15", "r16", "r17", "r18", "r19", "r20", "r21"]}, {"day": 2, "shift": "early", "rooms": ["r17", "r21", "r14", "r20", "r16", "r15", "r19", "r24", "r23", "r13", "r18", "r22"]}, {"day": 8, "shift": "early", "rooms": ["r14", "r15", "r16", "r17", "r18", "r19", "r20", "r21", "r22", "r23", "r24"]}, {"day": 4, "shift": "late", "rooms": ["r08"]}]}, {"id": "n023", "assignments": [{"day": 9, "shift": "early", "rooms": ["r04", "r05", "r06", "r07", "r08", "r09", "r10", "r11"]}, {"day": 1, "shift": "late", "rooms": ["r02"]}, {"day": 21, "shift": "early", "rooms": ["r05"]}, {"day": 3, "shift": "early", "rooms": ["r09"]}, {"day": 6, "shift": "night", "rooms": ["r08"]}]}, {"id": "n024", "assignments": [{"day": 5, "shift": "night", "rooms": ["r13", "r14", "r15", "r16", "r17", "r18", "r19", "r20", "r21", "r22", "r23", "r24"]}, {"day": 9, "shift": "early", "rooms": ["r12", "r13", "r14", "r15", "r16", "r17", "r18", "r19", "r20", "r21", "r22", "r23", "r24"]}, {"day": 7, "shift": "early", "rooms": ["r22"]}]}, {"id": "n025", "assignments": [{"day": 1, "shift": "early", "rooms": ["r02", "r03", "r04"]}]}, {"id": "n026", "assignments": [{"day": 1, "shift": "early", "rooms": ["r05", "r06"]}]}, {"id": "n027", "assignments": [{"day": 0, "shift": "early", "rooms": ["r22", "r23", "r24"]}, {"day": 4, "shift": "night", "rooms": ["r12", "r13", "r14", "r15", "r16", "r17", "r18", "r19", "r20", "r21", "r22", "r23", "r24"]}, {"day": 3, "shift": "early", "rooms": ["r06"]}]}, {"id": "n028", "assignments": [{"day": 1, "shift": "early", "rooms": ["r07", "r08", "r09", "r10", "r11", "r12"]}, {"day": 5, "shift": "early", "rooms": ["r14", "r15", "r16", "r17", "r18", "r19", "r20", "r21", "r22", "r23", "r24"]}]}, {"id": "n030", "assignments": [{"day": 1, "shift": "early", "rooms": ["r13", "r14", "r15", "r16", "r17", "r18", "r19", "r20", "r21"]}]}, {"id": "n031", "assignments": [{"day": 1, "shift": "early", "rooms": ["r22"]}, {"day": 17, "shift": "early", "rooms": ["r07"]}, {"day": 4, "shift": "night", "rooms": ["r23"]}]}, {"id": "n034", "assignments": [{"day": 4, "shift": "early", "rooms": ["r19", "r22", "r23", "r21", "r17", "r14", "r24", "r18", "r20", "r16"]}]}], "room_allocation": {"(0, 'r00')": [["a20", "A", "elderly"], ["p019", "A", "elderly"]], "(0, 'r01')": [["p200", "B", "elderly"], ["p131", "B", "elderly"], ["p051", "B", "elderly"]], "(0, 'r02')": [["p228", "A", "elderly"], ["p265", "A", "elderly"], ["p129", "A", "adult"]], "(0, 'r03')": [["a14", "B", "elderly"]], "(0, 'r04')": [["a15", "B", "elderly"]], "(0, 'r05')": [["a11", "B", "elderly"]], "(0, 'r06')": [["a07", "A", "elderly"], ["p148", "A", "elderly"]], "(0, 'r07')": [["a02", "A", "elderly"]], "(0, 'r08')": [], "(0, 'r09')": [["a08", "A", "elderly"]], "(0, 'r10')": [["a12", "A", "elderly"]], "(0, 'r11')": [["a06", "B", "adult"], ["a09", "B", "adult"]], "(0, 'r12')": [["a04", "A", "elderly"], ["a05", "A", "adult"]], "(0, 'r13')": [["a19", "A", "elderly"]], "(0, 'r14')": [], "(0, 'r15')": [["a03", "B", "elderly"], ["a21", "B", "adult"]], "(0, 'r16')": [["a13", "A", "elderly"]], "(0, 'r17')": [["a22", "B", "elderly"], ["p283", "B", "elderly"]], "(0, 'r18')": [["a01", "A", "adult"]], "(0, 'r19')": [["a17", "B", "elderly"]], "(0, 'r20')": [["a18", "A", "elderly"]], "(0, 'r21')": [["a10", "A", "elderly"]], "(0, 'r22')": [["a00", "B", "elderly"], ["a16", "B", "elderly"], ["a24", "B", "adult"]], "(0, 'r23')": [], "(0, 'r24')": [["a23", "B", "elderly"], ["a25", "B", "elderly"]], "(1, 'r00')": [["a20", "A", "elderly"], ["p019", "A", "elderly"]], "(1, 'r01')": [["p200", "B", "elderly"], ["p131", "B", "elderly"], ["p051", "B", "elderly"]], "(1, 'r02')": [["p228", "A", "elderly"], ["p265", "A", "elderly"], ["p129", "A", "adult"]], "(1, 'r03')": [["a14", "B", "elderly"], ["p288", "B", "adult"]], "(1, 'r04')": [["p275", "A", "elderly"], ["p169", "A", "elderly"], ["p001", "A", "adult"], ["p193", "A", "elderly"]], "(1, 'r05')": [["a11", "B", "elderly"], ["p196", "B", "adult"]], "(1, 'r06')": [["p148", "A", "elderly"], ["p084", "A", "elderly"], ["p116", "A", "adult"]], "(1, 'r07')": [["a02", "A", "elderly"]], "(1, 'r08')": [["p224", "B", "infant"], ["p339", "B", "elderly"]], "(1, 'r09')": [["a08", "A", "elderly"]], "(1, 'r10')": [], "(1, 'r11')": [["a06", "B", "adult"]], "(1, 'r12')": [["a04", "A", "elderly"], ["a05", "A", "adult"], ["p157", "A", "adult"]], "(1, 'r13')": [], "(1, 'r14')": [], "(1, 'r15')": [], "(1, 'r16')": [["a13", "A", "elderly"]], "(1, 'r17')": [["a22", "B", "elderly"], ["p283", "B", "elderly"]], "(1, 'r18')": [["a01", "A", "adult"], ["p105", "A", "elderly"]], "(1, 'r19')": [["a17", "B", "elderly"]], "(1, 'r20')": [["p291", "B", "elderly"]], "(1, 'r21')": [["a10", "A", "elderly"]], "(1, 'r22')": [["a00", "B", "elderly"]], "(1, 'r23')": [], "(1, 'r24')": [], "(2, 'r00')": [["a20", "A", "elderly"], ["p019", "A", "elderly"]], "(2, 'r01')": [["p200", "B", "elderly"], ["p131", "B", "elderly"], ["p051", "B", "elderly"], ["p312", "B", "elderly"]], "(2, 'r02')": [["p228", "A", "elderly"], ["p265", "A", "elderly"], ["p129", "A", "adult"]], "(2, 'r03')": [["p288", "B", "adult"]], "(2, 'r04')": [["p275", "A", "elderly"], ["p169", "A", "elderly"], ["p001", "A", "adult"], ["p193", "A", "elderly"]], "(2, 'r05')": [["a11", "B", "elderly"], ["p196", "B", "adult"], ["p192", "B", "elderly"]], "(2, 'r06')": [["p148", "A", "elderly"], ["p084", "A", "elderly"], ["p116", "A", "adult"]], "(2, 'r07')": [["a02", "A", "elderly"], ["p329", "A", "elderly"], ["p042", "A", "adult"], ["p100", "A", "elderly"]], "(2, 'r08')": [["p224", "B", "infant"], ["p339", "B", "elderly"]], "(2, 'r09')": [["p059", "A", "elderly"], ["p271", "A", "elderly"]], "(2, 'r10')": [["p226", "A", "elderly"]], "(2, 'r11')": [["a06", "B", "adult"], ["p335", "B", "elderly"], ["p358", "B", "elderly"], ["p145", "B", "elderly"]], "(2, 'r12')": [["a04", "A", "elderly"], ["a05", "A", "adult"], ["p157", "A", "adult"]], "(2, 'r13')": [], "(2, 'r14')": [], "(2, 'r15')": [], "(2, 'r16')": [["a13", "A", "elderly"]], "(2, 'r17')": [["a22", "B", "elderly"], ["p283", "B", "elderly"]], "(2, 'r18')": [["p105", "A", "elderly"]], "(2, 'r19')": [["a17", "B", "elderly"]], "(2, 'r20')": [["p291", "B", "elderly"]], "(2, 'r21')": [], "(2, 'r22')": [["a00", "B", "elderly"], ["p341", "B", "elderly"]], "(2, 'r23')": [], "(2, 'r24')": [["p093", "B", "elderly"]], "(3, 'r00')": [["a20", "A", "elderly"], ["p019", "A", "elderly"]], "(3, 'r01')": [["p200", "B", "elderly"], ["p312", "B", "elderly"], ["p044", "B", "elderly"], ["p159", "B", "elderly"]], "(3, 'r02')": [["p228", "A", "elderly"], ["p087", "A", "elderly"], ["p191", "A", "elderly"]], "(3, 'r03')": [["p288", "B", "adult"]], "(3, 'r04')": [["p275", "A", "elderly"], ["p169", "A", "elderly"], ["p001", "A", "adult"], ["p193", "A", "elderly"]], "(3, 'r05')": [["a11", "B", "elderly"], ["p196", "B", "adult"], ["p192", "B", "elderly"]], "(3, 'r06')": [["p148", "A", "elderly"], ["p084", "A", "elderly"], ["p116", "A", "adult"]], "(3, 'r07')": [["a02", "A", "elderly"], ["p329", "A", "elderly"], ["p042", "A", "adult"], ["p100", "A", "elderly"]], "(3, 'r08')": [["p224", "B", "infant"], ["p185", "B", "elderly"], ["p058", "B", "elderly"]], "(3, 'r09')": [["p059", "A", "elderly"], ["p271", "A", "elderly"], ["p149", "A", "elderly"], ["p146", "A", "elderly"]], "(3, 'r10')": [["p226", "A", "elderly"], ["p314", "A", "elderly"]], "(3, 'r11')": [["a06", "B", "adult"], ["p335", "B", "elderly"], ["p358", "B", "elderly"], ["p145", "B", "elderly"]], "(3, 'r12')": [["a04", "A", "elderly"], ["p157", "A", "adult"]], "(3, 'r13')": [], "(3, 'r14')": [], "(3, 'r15')": [], "(3, 'r16')": [["a13", "A", "elderly"], ["p284", "A", "adult"]], "(3, 'r17')": [["a22", "B", "elderly"], ["p344", "B", "elderly"]], "(3, 'r18')": [["p017", "B", "adult"]], "(3, 'r19')": [["a17", "B", "elderly"], ["p181", "B", "elderly"]], "(3, 'r20')": [["p291", "B", "elderly"], ["p152", "B", "elderly"]], "(3, 'r21')": [["p287", "A", "elderly"]], "(3, 'r22')": [["a00", "B", "elderly"], ["p341", "B", "elderly"], ["p068", "B", "elderly"]], "(3, 'r23')": [["p235", "A", "elderly"]], "(3, 'r24')": [["p093", "B", "elderly"]], "(4, 'r00')": [["a20", "A", "elderly"], ["p019", "A", "elderly"]], "(4, 'r01')": [["p200", "B", "elderly"], ["p312", "B", "elderly"], ["p044", "B", "elderly"], ["p159", "B", "elderly"]], "(4, 'r02')": [["p087", "A", "elderly"], ["p191", "A", "elderly"]], "(4, 'r03')": [["p288", "B", "adult"], ["p289", "B", "elderly"]], "(4, 'r04')": [["p169", "A", "elderly"], ["p001", "A", "adult"], ["p193", "A", "elderly"], ["p062", "A", "elderly"]], "(4, 'r05')": [["p196", "B", "adult"], ["p095", "B", "elderly"], ["p192", "B", "elderly"]], "(4, 'r06')": [["p148", "A", "elderly"], ["p084", "A", "elderly"], ["p070", "A", "adult"]], "(4, 'r07')": [["a02", "A", "elderly"], ["p329", "A", "elderly"], ["p042", "A", "adult"], ["p100", "A", "elderly"]], "(4, 'r08')": [["p224", "B", "infant"], ["p185", "B", "elderly"], ["p058", "B", "elderly"]], "(4, 'r09')": [["p059", "A", "elderly"], ["p271", "A", "elderly"], ["p149", "A", "elderly"], ["p146", "A", "elderly"]], "(4, 'r10')": [["p226", "A", "elderly"], ["p314", "A", "elderly"]], "(4, 'r11')": [["a06", "B", "adult"], ["p335", "B", "elderly"], ["p358", "B", "elderly"], ["p233", "B", "elderly"]], "(4, 'r12')": [["a04", "A", "elderly"], ["p109", "A", "adult"]], "(4, 'r13')": [["p350", "B", "adult"], ["p063", "B", "adult"], ["p340", "B", "elderly"]], "(4, 'r14')": [["p238", "A", "elderly"]], "(4, 'r15')": [], "(4, 'r16')": [["p246", "A", "elderly"], ["p284", "A", "adult"]], "(4, 'r17')": [["p162", "B", "elderly"], ["p344", "B", "elderly"]], "(4, 'r18')": [["p017", "B", "adult"]], "(4, 'r19')": [["a17", "B", "elderly"], ["p181", "B", "elderly"]], "(4, 'r20')": [["p291", "B", "elderly"], ["p137", "B", "adult"], ["p152", "B", "elderly"]], "(4, 'r21')": [["p287", "A", "elderly"]], "(4, 'r22')": [["p341", "B", "elderly"], ["p015", "B", "elderly"], ["p068", "B", "elderly"]], "(4, 'r23')": [["p235", "A", "elderly"], ["p123", "A", "elderly"], ["p268", "A", "elderly"]], "(4, 'r24')": [["p093", "B", "elderly"]], "(5, 'r00')": [["p019", "A", "elderly"]], "(5, 'r01')": [["p200", "B", "elderly"], ["p312", "B", "elderly"], ["p044", "B", "elderly"], ["p159", "B", "elderly"]], "(5, 'r02')": [["p087", "A", "elderly"], ["p191", "A", "elderly"]], "(5, 'r03')": [["p288", "B", "adult"], ["p289", "B", "elderly"]], "(5, 'r04')": [["p001", "A", "adult"], ["p193", "A", "elderly"], ["p062", "A", "elderly"]], "(5, 'r05')": [["p196", "B", "adult"], ["p095", "B", "elderly"], ["p192", "B", "elderly"]], "(5, 'r06')": [["p148", "A", "elderly"], ["p084", "A", "elderly"], ["p070", "A", "adult"]], "(5, 'r07')": [["p329", "A", "elderly"], ["p042", "A", "adult"], ["p100", "A", "elderly"]], "(5, 'r08')": [["p224", "B", "infant"], ["p185", "B", "elderly"], ["p058", "B", "elderly"]], "(5, 'r09')": [["p059", "A", "elderly"], ["p271", "A", "elderly"], ["p149", "A", "elderly"], ["p146", "A", "elderly"]], "(5, 'r10')": [["p226", "A", "elderly"], ["p314", "A", "elderly"]], "(5, 'r11')": [["a06", "B", "adult"], ["p335", "B", "elderly"], ["p358", "B", "elderly"], ["p233", "B", "elderly"]], "(5, 'r12')": [["p109", "A", "adult"], ["p053", "A", "elderly"]], "(5, 'r13')": [["p350", "B", "adult"], ["p063", "B", "adult"], ["p307", "B", "elderly"], ["p340", "B", "elderly"]], "(5, 'r14')": [["p238", "A", "elderly"]], "(5, 'r15')": [], "(5, 'r16')": [["p246", "A", "elderly"], ["p284", "A", "adult"]], "(5, 'r17')": [["p162", "B", "elderly"], ["p344", "B", "elderly"]], "(5, 'r18')": [], "(5, 'r19')": [["p181", "B", "elderly"]], "(5, 'r20')": [["p291", "B", "elderly"], ["p137", "B", "adult"], ["p152", "B", "elderly"]], "(5, 'r21')": [["p144", "B", "elderly"]], "(5, 'r22')": [["p341", "B", "elderly"], ["p015", "B", "elderly"], ["p068", "B", "elderly"]], "(5, 'r23')": [["p235", "A", "elderly"], ["p123", "A", "elderly"], ["p268", "A", "elderly"]], "(5, 'r24')": [["p093", "B", "elderly"]], "(6, 'r00')": [["p019", "A", "elderly"]], "(6, 'r01')": [["p200", "B", "elderly"], ["p312", "B", "elderly"], ["p044", "B", "elderly"], ["p159", "B", "elderly"]], "(6, 'r02')": [["p087", "A", "elderly"], ["p191", "A", "elderly"]], "(6, 'r03')": [["p288", "B", "adult"], ["p289", "B", "elderly"]], "(6, 'r04')": [["p193", "A", "elderly"], ["p062", "A", "elderly"]], "(6, 'r05')": [["p095", "B", "elderly"]], "(6, 'r06')": [["p084", "A", "elderly"], ["p070", "A", "adult"]], "(6, 'r07')": [["p329", "A", "elderly"], ["p042", "A", "adult"], ["p100", "A", "elderly"]], "(6, 'r08')": [["p224", "B", "infant"], ["p058", "B", "elderly"]], "(6, 'r09')": [["p059", "A", "elderly"], ["p149", "A", "elderly"]], "(6, 'r10')": [["p226", "A", "elderly"], ["p314", "A", "elderly"]], "(6, 'r11')": [["a06", "B", "adult"], ["p335", "B", "elderly"], ["p233", "B", "elderly"]], "(6, 'r12')": [["p109", "A", "adult"], ["p053", "A", "elderly"]], "(6, 'r13')": [["p350", "B", "adult"], ["p307", "B", "elderly"], ["p340", "B", "elderly"]], "(6, 'r14')": [["p238", "A", "elderly"]], "(6, 'r15')": [], "(6, 'r16')": [["p246", "A", "elderly"], ["p284", "A", "adult"]], "(6, 'r17')": [["p344", "B", "elderly"]], "(6, 'r18')": [], "(6, 'r19')": [["p055", "B", "elderly"]], "(6, 'r20')": [["p291", "B", "elderly"], ["p137", "B", "adult"]], "(6, 'r21')": [["p144", "B", "elderly"]], "(6, 'r22')": [["p341", "B", "elderly"], ["p085", "B", "elderly"]], "(6, 'r23')": [["p123", "A", "elderly"], ["p268", "A", "elderly"]], "(6, 'r24')": [], "(7, 'r00')": [["p305", "A", "elderly"]], "(7, 'r01')": [["p200", "B", "elderly"], ["p312", "B", "elderly"], ["p159", "B", "elderly"], ["p150", "B", "adult"]], "(7, 'r02')": [["p191", "A", "elderly"]], "(7, 'r03')": [], "(7, 'r04')": [["p193", "A", "elderly"]], "(7, 'r05')": [["p095", "B", "elderly"]], "(7, 'r06')": [["p084", "A", "elderly"]], "(7, 'r07')": [["p100", "A", "elderly"]], "(7, 'r08')": [["p224", "B", "infant"], ["p324", "B", "elderly"]], "(7, 'r09')": [["p230", "B", "elderly"]], "(7, 'r10')": [["p226", "A", "elderly"], ["p314", "A", "elderly"]], "(7, 'r11')": [["a06", "B", "adult"], ["p335", "B", "elderly"], ["p233", "B", "elderly"]], "(7, 'r12')": [["p053", "A", "elderly"], ["p082", "A", "adult"]], "(7, 'r13')": [["p350", "B", "adult"], ["p307", "B", "elderly"]], "(7, 'r14')": [], "(7, 'r15')": [], "(7, 'r16')": [["p246", "A", "elderly"]], "(7, 'r17')": [], "(7, 'r18')": [], "(7, 'r19')": [["p055", "B", "elderly"]], "(7, 'r20')": [], "(7, 'r21')": [["p144", "B", "elderly"]], "(7, 'r22')": [["p341", "B", "elderly"], ["p085", "B", "elderly"]], "(7, 'r23')": [["p268", "A", "elderly"]], "(7, 'r24')": [], "(8, 'r00')": [["p305", "A", "elderly"]], "(8, 'r01')": [["p159", "B", "elderly"], ["p150", "B", "adult"], ["p097", "B", "elderly"], ["p234", "B", "adult"]], "(8, 'r02')": [["p191", "A", "elderly"]], "(8, 'r03')": [["p064", "B", "elderly"], ["p135", "B", "elderly"]], "(8, 'r04')": [], "(8, 'r05')": [["p095", "B", "elderly"], ["p311", "B", "infant"]], "(8, 'r06')": [["p153", "A", "elderly"]], "(8, 'r07')": [["p100", "A", "elderly"]], "(8, 'r08')": [["p224", "B", "infant"], ["p324", "B", "elderly"]], "(8, 'r09')": [["p230", "B", "elderly"]], "(8, 'r10')": [["p314", "A", "elderly"]], "(8, 'r11')": [["a06", "B", "adult"], ["p335", "B", "elderly"], ["p233", "B", "elderly"]], "(8, 'r12')": [["p053", "A", "elderly"], ["p082", "A", "adult"], ["p322", "A", "elderly"]], "(8, 'r13')": [["p350", "B", "adult"], ["p072", "B", "elderly"]], "(8, 'r14')": [["p002", "B", "elderly"], ["p294", "B", "adult"]], "(8, 'r15')": [], "(8, 'r16')": [["p246", "A", "elderly"]], "(8, 'r17')": [["p011", "A", "elderly"]], "(8, 'r18')": [["p346", "A", "elderly"]], "(8, 'r19')": [["p155", "B", "elderly"], ["p055", "B", "elderly"]], "(8, 'r20')": [], "(8, 'r21')": [["p144", "B", "elderly"]], "(8, 'r22')": [], "(8, 'r23')": [["p259", "B", "elderly"]], "(8, 'r24')": [], "(9, 'r00')": [["p201", "A", "elderly"], ["p305", "A", "elderly"]], "(9, 'r01')": [["p159", "B", "elderly"], ["p150", "B", "adult"], ["p097", "B", "elderly"], ["p234", "B", "adult"]], "(9, 'r02')": [["p191", "A", "elderly"]], "(9, 'r03')": [["p064", "B", "elderly"], ["p135", "B", "elderly"]], "(9, 'r04')": [], "(9, 'r05')": [["p095", "B", "elderly"], ["p311", "B", "infant"]], "(9, 'r06')": [["p153", "A", "elderly"]], "(9, 'r07')": [], "(9, 'r08')": [["p224", "B", "infant"], ["p324", "B", "elderly"]], "(9, 'r09')": [["p230", "B", "elderly"]], "(9, 'r10')": [["p310", "A", "elderly"], ["p337", "A", "elderly"]], "(9, 'r11')": [["p335", "B", "elderly"]], "(9, 'r12')": [["p322", "A", "elderly"]], "(9, 'r13')": [["p350", "B", "adult"], ["p072", "B", "elderly"]], "(9, 'r14')": [["p002", "B", "elderly"], ["p065", "B", "adult"], ["p294", "B", "adult"]], "(9, 'r15')": [], "(9, 'r16')": [["p246", "A", "elderly"]], "(9, 'r17')": [["p011", "A", "elderly"]], "(9, 'r18')": [["p346", "A", "elderly"]], "(9, 'r19')": [["p155", "B", "elderly"]], "(9, 'r20')": [["p047", "A", "elderly"]], "(9, 'r21')": [["p128", "B", "adult"]], "(9, 'r22')": [], "(9, 'r23')": [["p259", "B", "elderly"]], "(9, 'r24')": [["p326", "B", "adult"]], "(10, 'r00')": [["p201", "A", "elderly"]], "(10, 'r01')": [["p159", "B", "elderly"], ["p150", "B", "adult"], ["p097", "B", "elderly"]], "(10, 'r02')": [["p334", "B", "elderly"]], "(10, 'r03')": [["p064", "B", "elderly"], ["p135", "B", "elderly"]], "(10, 'r04')": [], "(10, 'r05')": [["p311", "B", "infant"]], "(10, 'r06')": [["p153", "A", "elderly"], ["p309", "A", "adult"]], "(10, 'r07')": [], "(10, 'r08')": [["p324", "B", "elderly"]], "(10, 'r09')": [["p230", "B", "elderly"]], "(10, 'r10')": [["p310", "A", "elderly"], ["p337", "A", "elderly"]], "(10, 'r11')": [], "(10, 'r12')": [["p322", "A", "elderly"]], "(10, 'r13')": [["p350", "B", "adult"]], "(10, 'r14')": [["p065", "B", "adult"], ["p294", "B", "adult"]], "(10, 'r15')": [], "(10, 'r16')": [["p246", "A", "elderly"]], "(10, 'r17')": [["p011", "A", "elderly"]], "(10, 'r18')": [], "(10, 'r19')": [["p155", "B", "elderly"]], "(10, 'r20')": [["p047", "A", "elderly"]], "(10, 'r21')": [["p128", "B", "adult"]], "(10, 'r22')": [], "(10, 'r23')": [["p259", "B", "elderly"]], "(10, 'r24')": [["p326", "B", "adult"]], "(11, 'r00')": [["p049", "A", "elderly"]], "(11, 'r01')": [["p159", "B", "elderly"], ["p150", "B", "adult"], ["p097", "B", "elderly"]], "(11, 'r02')": [["p334", "B", "elderly"]], "(11, 'r03')": [["p064", "B", "elderly"], ["p135", "B", "elderly"]], "(11, 'r04')": [["p108", "A", "elderly"]], "(11, 'r05')": [["p311", "B", "infant"]], "(11, 'r06')": [["p309", "A", "adult"]], "(11, 'r07')": [], "(11, 'r08')": [["p324", "B", "elderly"]], "(11, 'r09')": [["p121", "A", "elderly"]], "(11, 'r10')": [["p337", "A", "elderly"]], "(11, 'r11')": [], "(11, 'r12')": [["p322", "A", "elderly"]], "(11, 'r13')": [["p028", "A", "elderly"]], "(11, 'r14')": [["p065", "B", "adult"]], "(11, 'r15')": [], "(11, 'r16')": [], "(11, 'r17')": [], "(11, 'r18')": [], "(11, 'r19')": [["p155", "B", "elderly"]], "(11, 'r20')": [["p047", "A", "elderly"]], "(11, 'r21')": [["p128", "B", "adult"]], "(11, 'r22')": [], "(11, 'r23')": [], "(11, 'r24')": [["p326", "B", "adult"]], "(12, 'r00')": [["p049", "A", "elderly"]], "(12, 'r01')": [["p159", "B", "elderly"], ["p150", "B", "adult"]], "(12, 'r02')": [["p334", "B", "elderly"]], "(12, 'r03')": [["p135", "B", "elderly"]], "(12, 'r04')": [["p108", "A", "elderly"]], "(12, 'r05')": [["p311", "B", "infant"]], "(12, 'r06')": [["p309", "A", "adult"]], "(12, 'r07')": [], "(12, 'r08')": [], "(12, 'r09')": [["p121", "A", "elderly"]], "(12, 'r10')": [["p330", "A", "elderly"]], "(12, 'r11')": [], "(12, 'r12')": [], "(12, 'r13')": [["p028", "A", "elderly"]], "(12, 'r14')": [], "(12, 'r15')": [], "(12, 'r16')": [], "(12, 'r17')": [], "(12, 'r18')": [], "(12, 'r19')": [["p155", "B", "elderly"]], "(12, 'r20')": [["p047", "A", "elderly"]], "(12, 'r21')": [["p128", "B", "adult"]], "(12, 'r22')": [], "(12, 'r23')": [], "(12, 'r24')": [["p326", "B", "adult"]], "(13, 'r00')": [["p049", "A", "elderly"], ["p204", "A", "elderly"]], "(13, 'r01')": [["p159", "B", "elderly"], ["p150", "B", "adult"]], "(13, 'r02')": [["p141", "A", "adult"]], "(13, 'r03')": [], "(13, 'r04')": [["p108", "A", "elderly"]], "(13, 'r05')": [["p311", "B", "infant"]], "(13, 'r06')": [["p309", "A", "adult"]], "(13, 'r07')": [], "(13, 'r08')": [], "(13, 'r09')": [], "(13, 'r10')": [["p330", "A", "elderly"], ["p166", "A", "elderly"]], "(13, 'r11')": [], "(13, 'r12')": [], "(13, 'r13')": [], "(13, 'r14')": [], "(13, 'r15')": [], "(13, 'r16')": [], "(13, 'r17')": [], "(13, 'r18')": [], "(13, 'r19')": [["p155", "B", "elderly"]], "(13, 'r20')": [], "(13, 'r21')": [["p128", "B", "adult"]], "(13, 'r22')": [], "(13, 'r23')": [], "(13, 'r24')": [["p143", "A", "elderly"]], "(14, 'r00')": [["p049", "A", "elderly"], ["p204", "A", "elderly"]], "(14, 'r01')": [["p159", "B", "elderly"], ["p150", "B", "adult"]], "(14, 'r02')": [["p141", "A", "adult"]], "(14, 'r03')": [], "(14, 'r04')": [["p108", "A", "elderly"]], "(14, 'r05')": [], "(14, 'r06')": [["p033", "A", "adult"]], "(14, 'r07')": [], "(14, 'r08')": [], "(14, 'r09')": [], "(14, 'r10')": [["p330", "A", "elderly"], ["p166", "A", "elderly"]], "(14, 'r11')": [], "(14, 'r12')": [], "(14, 'r13')": [], "(14, 'r14')": [], "(14, 'r15')": [], "(14, 'r16')": [], "(14, 'r17')": [], "(14, 'r18')": [], "(14, 'r19')": [["p155", "B", "elderly"], ["p045", "B", "elderly"]], "(14, 'r20')": [], "(14, 'r21')": [], "(14, 'r22')": [], "(14, 'r23')": [], "(14, 'r24')": [["p143", "A", "elderly"]], "(15, 'r00')": [["p049", "A", "elderly"], ["p204", "A", "elderly"]], "(15, 'r01')": [], "(15, 'r02')": [["p141", "A", "adult"]], "(15, 'r03')": [], "(15, 'r04')": [], "(15, 'r05')": [], "(15, 'r06')": [["p033", "A", "adult"]], "(15, 'r07')": [], "(15, 'r08')": [], "(15, 'r09')": [], "(15, 'r10')": [["p330", "A", "elderly"], ["p166", "A", "elderly"]], "(15, 'r11')": [], "(15, 'r12')": [], "(15, 'r13')": [], "(15, 'r14')": [], "(15, 'r15')": [], "(15, 'r16')": [], "(15, 'r17')": [], "(15, 'r18')": [], "(15, 'r19')": [["p045", "B", "elderly"]], "(15, 'r20')": [], "(15, 'r21')": [], "(15, 'r22')": [], "(15, 'r23')": [], "(15, 'r24')": [["p143", "A", "elderly"]], "(16, 'r00')": [["p049", "A", "elderly"], ["p204", "A", "elderly"]], "(16, 'r01')": [["p280", "A", "elderly"]], "(16, 'r02')": [["p141", "A", "adult"]], "(16, 'r03')": [], "(16, 'r04')": [], "(16, 'r05')": [], "(16, 'r06')": [["p033", "A", "adult"]], "(16, 'r07')": [], "(16, 'r08')": [], "(16, 'r09')": [], "(16, 'r10')": [["p330", "A", "elderly"], ["p166", "A", "elderly"]], "(16, 'r11')": [], "(16, 'r12')": [], "(16, 'r13')": [], "(16, 'r14')": [], "(16, 'r15')": [["p040", "A", "adult"]], "(16, 'r16')": [], "(16, 'r17')": [], "(16, 'r18')": [], "(16, 'r19')": [["p045", "B", "elderly"]], "(16, 'r20')": [], "(16, 'r21')": [], "(16, 'r22')": [], "(16, 'r23')": [], "(16, 'r24')": [], "(17, 'r00')": [["p049", "A", "elderly"], ["p204", "A", "elderly"]], "(17, 'r01')": [["p122", "A", "elderly"], ["p280", "A", "elderly"], ["p177", "A", "elderly"]], "(17, 'r02')": [["p141", "A", "adult"]], "(17, 'r03')": [], "(17, 'r04')": [], "(17, 'r05')": [], "(17, 'r06')": [["p033", "A", "adult"]], "(17, 'r07')": [], "(17, 'r08')": [], "(17, 'r09')": [], "(17, 'r10')": [], "(17, 'r11')": [], "(17, 'r12')": [], "(17, 'r13')": [], "(17, 'r14')": [], "(17, 'r15')": [["p040", "A", "adult"], ["p117", "A", "elderly"]], "(17, 'r16')": [], "(17, 'r17')": [], "(17, 'r18')": [], "(17, 'r19')": [["p045", "B", "elderly"]], "(17, 'r20')": [], "(17, 'r21')": [], "(17, 'r22')": [], "(17, 'r23')": [], "(17, 'r24')": [], "(18, 'r00')": [], "(18, 'r01')": [["p122", "A", "elderly"], ["p280", "A", "elderly"], ["p177", "A", "elderly"]], "(18, 'r02')": [["p141", "A", "adult"]], "(18, 'r03')": [], "(18, 'r04')": [], "(18, 'r05')": [], "(18, 'r06')": [], "(18, 'r07')": [], "(18, 'r08')": [], "(18, 'r09')": [], "(18, 'r10')": [], "(18, 'r11')": [], "(18, 'r12')": [], "(18, 'r13')": [], "(18, 'r14')": [], "(18, 'r15')": [["p040", "A", "adult"], ["p117", "A", "elderly"]], "(18, 'r16')": [], "(18, 'r17')": [], "(18, 'r18')": [], "(18, 'r19')": [], "(18, 'r20')": [], "(18, 'r21')": [], "(18, 'r22')": [], "(18, 'r23')": [], "(18, 'r24')": [], "(19, 'r00')": [], "(19, 'r01')": [["p122", "A", "elderly"], ["p177", "A", "elderly"]], "(19, 'r02')": [], "(19, 'r03')": [], "(19, 'r04')": [], "(19, 'r05')": [], "(19, 'r06')": [], "(19, 'r07')": [], "(19, 'r08')": [["p218", "B", "infant"]], "(19, 'r09')": [], "(19, 'r10')": [], "(19, 'r11')": [], "(19, 'r12')": [["p090", "B", "elderly"]], "(19, 'r13')": [], "(19, 'r14')": [], "(19, 'r15')": [["p040", "A", "adult"], ["p117", "A", "elderly"]], "(19, 'r16')": [], "(19, 'r17')": [], "(19, 'r18')": [], "(19, 'r19')": [["p256", "A", "elderly"]], "(19, 'r20')": [], "(19, 'r21')": [], "(19, 'r22')": [], "(19, 'r23')": [], "(19, 'r24')": [], "(20, 'r00')": [], "(20, 'r01')": [["p122", "A", "elderly"], ["p177", "A", "elderly"]], "(20, 'r02')": [], "(20, 'r03')": [], "(20, 'r04')": [], "(20, 'r05')": [], "(20, 'r06')": [], "(20, 'r07')": [], "(20, 'r08')": [["p218", "B", "infant"]], "(20, 'r09')": [], "(20, 'r10')": [], "(20, 'r11')": [], "(20, 'r12')": [["p090", "B", "elderly"]], "(20, 'r13')": [], "(20, 'r14')": [], "(20, 'r15')": [["p117", "A", "elderly"]], "(20, 'r16')": [], "(20, 'r17')": [], "(20, 'r18')": [], "(20, 'r19')": [["p256", "A", "elderly"]], "(20, 'r20')": [], "(20, 'r21')": [], "(20, 'r22')": [], "(20, 'r23')": [], "(20, 'r24')": [], "(21, 'r00')": [], "(21, 'r01')": [["p122", "A", "elderly"], ["p177", "A", "elderly"]], "(21, 'r02')": [], "(21, 'r03')": [], "(21, 'r04')": [], "(21, 'r05')": [], "(21, 'r06')": [], "(21, 'r07')": [], "(21, 'r08')": [["p218", "B", "infant"]], "(21, 'r09')": [], "(21, 'r10')": [], "(21, 'r11')": [], "(21, 'r12')": [["p090", "B", "elderly"]], "(21, 'r13')": [], "(21, 'r14')": [], "(21, 'r15')": [["p117", "A", "elderly"], ["p124", "A", "elderly"]], "(21, 'r16')": [["p211", "A", "elderly"]], "(21, 'r17')": [], "(21, 'r18')": [], "(21, 'r19')": [["p256", "A", "elderly"]], "(21, 'r20')": [], "(21, 'r21')": [], "(21, 'r22')": [], "(21, 'r23')": [], "(21, 'r24')": [], "(22, 'r00')": [], "(22, 'r01')": [], "(22, 'r02')": [], "(22, 'r03')": [], "(22, 'r04')": [], "(22, 'r05')": [], "(22, 'r06')": [], "(22, 'r07')": [], "(22, 'r08')": [["p218", "B", "infant"]], "(22, 'r09')": [], "(22, 'r10')": [], "(22, 'r11')": [], "(22, 'r12')": [["p090", "B", "elderly"]], "(22, 'r13')": [], "(22, 'r14')": [], "(22, 'r15')": [["p124", "A", "elderly"]], "(22, 'r16')": [["p211", "A", "elderly"]], "(22, 'r17')": [], "(22, 'r18')": [], "(22, 'r19')": [["p256", "A", "elderly"], ["p325", "A", "elderly"]], "(22, 'r20')": [], "(22, 'r21')": [["p206", "B", "adult"]], "(22, 'r22')": [], "(22, 'r23')": [], "(22, 'r24')": [], "(23, 'r00')": [], "(23, 'r01')": [], "(23, 'r02')": [], "(23, 'r03')": [], "(23, 'r04')": [], "(23, 'r05')": [], "(23, 'r06')": [], "(23, 'r07')": [], "(23, 'r08')": [], "(23, 'r09')": [], "(23, 'r10')": [], "(23, 'r11')": [], "(23, 'r12')": [], "(23, 'r13')": [["p338", "A", "elderly"]], "(23, 'r14')": [], "(23, 'r15')": [["p124", "A", "elderly"]], "(23, 'r16')": [], "(23, 'r17')": [], "(23, 'r18')": [], "(23, 'r19')": [["p256", "A", "elderly"], ["p325", "A", "elderly"]], "(23, 'r20')": [], "(23, 'r21')": [["p206", "B", "adult"]], "(23, 'r22')": [], "(23, 'r23')": [], "(23, 'r24')": [], "(24, 'r00')": [], "(24, 'r01')": [], "(24, 'r02')": [], "(24, 'r03')": [], "(24, 'r04')": [], "(24, 'r05')": [], "(24, 'r06')": [], "(24, 'r07')": [], "(24, 'r08')": [], "(24, 'r09')": [], "(24, 'r10')": [], "(24, 'r11')": [], "(24, 'r12')": [], "(24, 'r13')": [["p338", "A", "elderly"]], "(24, 'r14')": [], "(24, 'r15')": [["p124", "A", "elderly"]], "(24, 'r16')": [], "(24, 'r17')": [], "(24, 'r18')": [], "(24, 'r19')": [["p256", "A", "elderly"], ["p325", "A", "elderly"]], "(24, 'r20')": [], "(24, 'r21')": [["p206", "B", "adult"]], "(24, 'r22')": [], "(24, 'r23')": [], "(24, 'r24')": [], "(25, 'r00')": [], "(25, 'r01')": [], "(25, 'r02')": [], "(25, 'r03')": [], "(25, 'r04')": [], "(25, 'r05')": [], "(25, 'r06')": [["p231", "A", "elderly"]], "(25, 'r07')": [], "(25, 'r08')": [], "(25, 'r09')": [], "(25, 'r10')": [], "(25, 'r11')": [], "(25, 'r12')": [], "(25, 'r13')": [["p338", "A", "elderly"]], "(25, 'r14')": [], "(25, 'r15')": [], "(25, 'r16')": [], "(25, 'r17')": [], "(25, 'r18')": [], "(25, 'r19')": [["p256", "A", "elderly"], ["p325", "A", "elderly"]], "(25, 'r20')": [], "(25, 'r21')": [["p206", "B", "adult"]], "(25, 'r22')": [], "(25, 'r23')": [], "(25, 'r24')": [], "(26, 'r00')": [], "(26, 'r01')": [], "(26, 'r02')": [], "(26, 'r03')": [], "(26, 'r04')": [], "(26, 'r05')": [], "(26, 'r06')": [["p231", "A", "elderly"]], "(26, 'r07')": [], "(26, 'r08')": [], "(26, 'r09')": [], "(26, 'r10')": [], "(26, 'r11')": [], "(26, 'r12')": [], "(26, 'r13')": [["p338", "A", "elderly"]], "(26, 'r14')": [], "(26, 'r15')": [], "(26, 'r16')": [["p225", "A", "adult"]], "(26, 'r17')": [], "(26, 'r18')": [], "(26, 'r19')": [["p325", "A", "elderly"]], "(26, 'r20')": [], "(26, 'r21')": [["p206", "B", "adult"]], "(26, 'r22')": [], "(26, 'r23')": [], "(26, 'r24')": [["p038", "A", "elderly"]], "(27, 'r00')": [], "(27, 'r01')": [["p216", "B", "elderly"]], "(27, 'r02')": [], "(27, 'r03')": [], "(27, 'r04')": [], "(27, 'r05')": [], "(27, 'r06')": [["p231", "A", "elderly"]], "(27, 'r07')": [], "(27, 'r08')": [], "(27, 'r09')": [], "(27, 'r10')": [], "(27, 'r11')": [], "(27, 'r12')": [], "(27, 'r13')": [], "(27, 'r14')": [], "(27, 'r15')": [["p345", "A", "infant"]], "(27, 'r16')": [["p225", "A", "adult"]], "(27, 'r17')": [], "(27, 'r18')": [], "(27, 'r19')": [["p114", "A", "elderly"], ["p325", "A", "elderly"]], "(27, 'r20')": [], "(27, 'r21')": [], "(27, 'r22')": [], "(27, 'r23')": [], "(27, 'r24')": [["p038", "A", "elderly"]]}, "theater_allocation": {"(0, 't0')": 480, "(0, 't1')": 600, "(0, 't2')": 480, "(0, 't3')": 480, "(0, 't4')": 600, "(0, 't5')": 720, "(0, 't6')": 0, "(0, 't7')": -1380, "(1, 't0')": 480, "(1, 't1')": 600, "(1, 't2')": 720, "(1, 't3')": 720, "(1, 't4')": 600, "(1, 't5')": 600, "(1, 't6')": 0, "(1, 't7')": -1020, "(2, 't0')": 600, "(2, 't1')": 720, "(2, 't2')": 600, "(2, 't3')": 480, "(2, 't4')": 720, "(2, 't5')": 600, "(2, 't6')": 720, "(2, 't7')": -1530, "(3, 't0')": 600, "(3, 't1')": 600, "(3, 't2')": 600, "(3, 't3')": 720, "(3, 't4')": 720, "(3, 't5')": 600, "(3, 't6')": 0, "(3, 't7')": -1770, "(4, 't0')": 600, "(4, 't1')": 720, "(4, 't2')": 600, "(4, 't3')": 480, "(4, 't4')": 600, "(4, 't5')": 720, "(4, 't6')": 600, "(4, 't7')": -1650, "(5, 't0')": 720, "(5, 't1')": 600, "(5, 't2')": 720, "(5, 't3')": 480, "(5, 't4')": 720, "(5, 't5')": 0, "(5, 't6')": 720, "(5, 't7')": -330, "(6, 't0')": 600, "(6, 't1')": 0, "(6, 't2')": 0, "(6, 't3')": 0, "(6, 't4')": 480, "(6, 't5')": 720, "(6, 't6')": 0, "(6, 't7')": 390, "(7, 't0')": 480, "(7, 't1')": 720, "(7, 't2')": 720, "(7, 't3')": 600, "(7, 't4')": 720, "(7, 't5')": 600, "(7, 't6')": 720, "(7, 't7')": -180, "(8, 't0')": 720, "(8, 't1')": 600, "(8, 't2')": 600, "(8, 't3')": 600, "(8, 't4')": 720, "(8, 't5')": 600, "(8, 't6')": 720, "(8, 't7')": -1140, "(9, 't0')": 720, "(9, 't1')": 720, "(9, 't2')": 720, "(9, 't3')": 0, "(9, 't4')": 720, "(9, 't5')": 600, "(9, 't6')": 720, "(9, 't7')": -150, "(10, 't0')": 600, "(10, 't1')": 720, "(10, 't2')": 600, "(10, 't3')": 600, "(10, 't4')": 600, "(10, 't5')": 480, "(10, 't6')": 720, "(10, 't7')": 240, "(11, 't0')": 720, "(11, 't1')": 600, "(11, 't2')": 600, "(11, 't3')": 720, "(11, 't4')": 600, "(11, 't5')": 600, "(11, 't6')": 600, "(11, 't7')": -90, "(12, 't0')": 600, "(12, 't1')": 600, "(12, 't2')": 720, "(12, 't3')": 480, "(12, 't4')": 480, "(12, 't5')": 720, "(12, 't6')": 720, "(12, 't7')": 300, "(13, 't0')": 600, "(13, 't1')": 480, "(13, 't2')": 720, "(13, 't3')": 720, "(13, 't4')": 600, "(13, 't5')": 600, "(13, 't6')": 720, "(13, 't7')": -120, "(14, 't0')": 600, "(14, 't1')": 600, "(14, 't2')": 600, "(14, 't3')": 720, "(14, 't4')": 600, "(14, 't5')": 720, "(14, 't6')": 720, "(14, 't7')": 300, "(15, 't0')": 480, "(15, 't1')": 0, "(15, 't2')": 720, "(15, 't3')": 480, "(15, 't4')": 600, "(15, 't5')": 0, "(15, 't6')": 720, "(15, 't7')": 720, "(16, 't0')": 600, "(16, 't1')": 720, "(16, 't2')": 480, "(16, 't3')": 600, "(16, 't4')": 600, "(16, 't5')": 600, "(16, 't6')": 600, "(16, 't7')": 420, "(17, 't0')": 600, "(17, 't1')": 0, "(17, 't2')": 720, "(17, 't3')": 600, "(17, 't4')": 720, "(17, 't5')": 480, "(17, 't6')": 600, "(17, 't7')": 150, "(18, 't0')": 0, "(18, 't1')": 0, "(18, 't2')": 600, "(18, 't3')": 600, "(18, 't4')": 0, "(18, 't5')": 0, "(18, 't6')": 0, "(18, 't7')": 0, "(19, 't0')": 600, "(19, 't1')": 720, "(19, 't2')": 600, "(19, 't3')": 720, "(19, 't4')": 480, "(19, 't5')": 720, "(19, 't6')": 600, "(19, 't7')": 330, "(20, 't0')": 600, "(20, 't1')": 0, "(20, 't2')": 600, "(20, 't3')": 720, "(20, 't4')": 480, "(20, 't5')": 720, "(20, 't6')": 0, "(20, 't7')": 0, "(21, 't0')": 720, "(21, 't1')": 600, "(21, 't2')": 600, "(21, 't3')": 720, "(21, 't4')": 600, "(21, 't5')": 600, "(21, 't6')": 0, "(21, 't7')": 270, "(22, 't0')": 600, "(22, 't1')": 600, "(22, 't2')": 600, "(22, 't3')": 720, "(22, 't4')": 720, "(22, 't5')": 480, "(22, 't6')": 720, "(22, 't7')": 330, "(23, 't0')": 600, "(23, 't1')": 720, "(23, 't2')": 720, "(23, 't3')": 720, "(23, 't4')": 720, "(23, 't5')": 600, "(23, 't6')": 600, "(23, 't7')": 510, "(24, 't0')": 600, "(24, 't1')": 600, "(24, 't2')": 720, "(24, 't3')": 480, "(24, 't4')": 720, "(24, 't5')": 720, "(24, 't6')": 0, "(24, 't7')": 0, "(25, 't0')": 600, "(25, 't1')": 600, "(25, 't2')": 720, "(25, 't3')": 0, "(25, 't4')": 600, "(25, 't5')": 0, "(25, 't6')": 0, "(25, 't7')": 300, "(26, 't0')": 600, "(26, 't1')": 600, "(26, 't2')": 720, "(26, 't3')": 600, "(26, 't4')": 600, "(26, 't5')": 720, "(26, 't6')": 0, "(26, 't7')": 450, "(27, 't0')": 720, "(27, 't1')": 600, "(27, 't2')": 720, "(27, 't3')": 600, "(27, 't4')": 600, "(27, 't5')": 720, "(27, 't6')": 720, "(27, 't7')": 120}, "surgeon_allocation": {"(0, 's0')": 0, "(0, 's1')": 60, "(0, 's2')": 0, "(0, 's3')": 0, "(0, 's4')": 0, "(0, 's5')": 0, "(0, 's6')": 0, "(1, 's0')": 270, "(1, 's1')": 0, "(1, 's2')": 0, "(1, 's3')": 0, "(1, 's4')": 0, "(1, 's5')": 150, "(1, 's6')": 240, "(2, 's0')": 120, "(2, 's1')": 0, "(2, 's2')": 60, "(2, 's3')": 30, "(2, 's4')": 0, "(2, 's5')": 300, "(2, 's6')": 240, "(3, 's0')": 60, "(3, 's1')": 300, "(3, 's2')": 60, "(3, 's3')": 90, "(3, 's4')": 0, "(3, 's5')": 360, "(3, 's6')": 120, "(4, 's0')": 360, "(4, 's1')": 360, "(4, 's2')": 90, "(4, 's3')": 300, "(4, 's4')": 0, "(4, 's5')": 120, "(4, 's6')": 0, "(5, 's0')": 0, "(5, 's1')": 0, "(5, 's2')": 0, "(5, 's3')": 0, "(5, 's4')": 30, "(5, 's5')": 0, "(5, 's6')": 0, "(6, 's0')": 0, "(6, 's1')": 0, "(6, 's2')": 360, "(6, 's3')": 0, "(6, 's4')": 360, "(6, 's5')": 390, "(6, 's6')": 0, "(7, 's0')": 360, "(7, 's1')": 480, "(7, 's2')": 480, "(7, 's3')": 600, "(7, 's4')": 240, "(7, 's5')": 300, "(7, 's6')": 0, "(8, 's0')": 300, "(8, 's1')": 0, "(8, 's2')": 0, "(8, 's3')": 180, "(8, 's4')": 120, "(8, 's5')": 300, "(8, 's6')": 0, "(9, 's0')": 480, "(9, 's1')": 300, "(9, 's2')": 360, "(9, 's3')": 480, "(9, 's4')": 510, "(9, 's5')": 120, "(9, 's6')": 0, "(10, 's0')": 0, "(10, 's1')": 180, "(10, 's2')": 0, "(10, 's3')": 0, "(10, 's4')": 180, "(10, 's5')": 0, "(10, 's6')": 0, "(11, 's0')": 210, "(11, 's1')": 0, "(11, 's2')": 360, "(11, 's3')": 0, "(11, 's4')": 420, "(11, 's5')": 0, "(11, 's6')": 480, "(12, 's0')": 0, "(12, 's1')": 480, "(12, 's2')": 180, "(12, 's3')": 0, "(12, 's4')": 0, "(12, 's5')": 0, "(12, 's6')": 0, "(13, 's0')": 0, "(13, 's1')": 480, "(13, 's2')": 180, "(13, 's3')": 360, "(13, 's4')": 180, "(13, 's5')": 0, "(13, 's6')": 120, "(14, 's0')": 0, "(14, 's1')": 0, "(14, 's2')": 360, "(14, 's3')": 480, "(14, 's4')": 480, "(14, 's5')": 0, "(14, 's6')": 300, "(15, 's0')": 0, "(15, 's1')": 0, "(15, 's2')": 0, "(15, 's3')": 0, "(15, 's4')": 0, "(15, 's5')": 0, "(15, 's6')": 0, "(16, 's0')": 360, "(16, 's1')": 300, "(16, 's2')": 480, "(16, 's3')": 480, "(16, 's4')": 600, "(16, 's5')": 360, "(16, 's6')": 480, "(17, 's0')": 390, "(17, 's1')": 240, "(17, 's2')": 480, "(17, 's3')": 480, "(17, 's4')": 600, "(17, 's5')": 0, "(17, 's6')": 360, "(18, 's0')": 0, "(18, 's1')": 480, "(18, 's2')": 360, "(18, 's3')": 360, "(18, 's4')": 0, "(18, 's5')": 480, "(18, 's6')": 0, "(19, 's0')": 300, "(19, 's1')": 480, "(19, 's2')": 390, "(19, 's3')": 480, "(19, 's4')": 600, "(19, 's5')": 0, "(19, 's6')": 240, "(20, 's0')": 0, "(20, 's1')": 0, "(20, 's2')": 0, "(20, 's3')": 360, "(20, 's4')": 0, "(20, 's5')": 0, "(20, 's6')": 0, "(21, 's0')": 360, "(21, 's1')": 480, "(21, 's2')": 270, "(21, 's3')": 600, "(21, 's4')": 480, "(21, 's5')": 360, "(21, 's6')": 480, "(22, 's0')": 0, "(22, 's1')": 0, "(22, 's2')": 480, "(22, 's3')": 0, "(22, 's4')": 270, "(22, 's5')": 300, "(22, 's6')": 480, "(23, 's0')": 480, "(23, 's1')": 480, "(23, 's2')": 360, "(23, 's3')": 390, "(23, 's4')": 480, "(23, 's5')": 360, "(23, 's6')": 360, "(24, 's0')": 0, "(24, 's1')": 0, "(24, 's2')": 0, "(24, 's3')": 0, "(24, 's4')": 0, "(24, 's5')": 0, "(24, 's6')": 0, "(25, 's0')": 0, "(25, 's1')": 60, "(25, 's2')": 0, "(25, 's3')": 0, "(25, 's4')": 0, "(25, 's5')": 360, "(25, 's6')": 0, "(26, 's0')": 480, "(26, 's1')": 480, "(26, 's2')": 390, "(26, 's3')": 600, "(26, 's4')": 480, "(26, 's5')": 300, "(26, 's6')": 480, "(27, 's0')": 480, "(27, 's1')": 480, "(27, 's2')": 300, "(27, 's3')": 480, "(27, 's4')": 360, "(27, 's5')": 0, "(27, 's6')": 180}, "operator": "['insert_patient_to_available_surgeon']"}